<?xml version="1.0" encoding="UTF-8"?>
<gpx creator="Garmin Connect" version="1.1"
  xsi:schemaLocation="http://www.topografix.com/GPX/1/1 http://www.topografix.com/GPX/11.xsd"
  xmlns:ns3="http://www.garmin.com/xmlschemas/TrackPointExtension/v1"
  xmlns="http://www.topografix.com/GPX/1/1"
  xmlns:xsi="http://www.w3.org/2001/XMLSchema-instance" xmlns:ns2="http://www.garmin.com/xmlschemas/GpxExtensions/v3">
  <metadata>
    <link href="connect.garmin.com">
      <text>Garmin Connect</text>
    </link>
    <time>2026-07-10T01:33:00.000Z</time>
  </metadata>
  <trk>
    <name>Chennai Running</name>
    <type>running</type>
    <trkseg>
      <trkpt lat="13.04302177391946315765380859375" lon="80.2812273614108562469482421875">
        <ele>0</ele>
        <time>2026-07-10T01:35:30.000Z</time>
        <extensions>
          <ns3:TrackPointExtension>
            <ns3:hr>151</ns3:hr>
            <ns3:cad>80</ns3:cad>
          </ns3:TrackPointExtension>
        </extensions>
      </trkpt>
      <trkpt lat="13.04277886636555194854736328125" lon="80.28133858926594257354736328125">
        <ele>0</ele>
        <time>2026-07-10T01:35:38.000Z</time>
        <extensions>
          <ns3:TrackPointExtension>
            <ns3:hr>154</ns3:hr>
            <ns3:cad>83</ns3:cad>
          </ns3:TrackPointExtension>
        </extensions>
      </trkpt>
      <trkpt lat="13.04286620579659938812255859375" lon="80.281400196254253387451171875">
        <ele>0</ele>
        <time>2026-07-10T01:35:45.000Z</time>
        <extensions>
          <ns3:TrackPointExtension>
            <ns3:hr>154</ns3:hr>
            <ns3:cad>83</ns3:cad>
          </ns3:TrackPointExtension>
        </extensions>
      </trkpt>
      <trkpt lat="13.0429633520543575286865234375" lon="80.28140815906226634979248046875">
        <ele>0</ele>
        <time>2026-07-10T01:35:50.000Z</time>
        <extensions>
          <ns3:TrackPointExtension>
            <ns3:hr>151</ns3:hr>
            <ns3:cad>82</ns3:cad>
          </ns3:TrackPointExtension>
        </extensions>
      </trkpt>
      <trkpt lat="13.043151609599590301513671875" lon="80.28149315156042575836181640625">
        <ele>0</ele>
        <time>2026-07-10T01:35:59.000Z</time>
        <extensions>
          <ns3:TrackPointExtension>
            <ns3:hr>153</ns3:hr>
            <ns3:cad>81</ns3:cad>
          </ns3:TrackPointExtension>
        </extensions>
      </trkpt>
      <trkpt lat="13.043316900730133056640625" lon="80.2815988473594188690185546875">
        <ele>0</ele>
        <time>2026-07-10T01:36:09.000Z</time>
        <extensions>
          <ns3:TrackPointExtension>
            <ns3:hr>148</ns3:hr>
            <ns3:cad>81</ns3:cad>
          </ns3:TrackPointExtension>
        </extensions>
      </trkpt>
      <trkpt lat="13.0434890650212764739990234375" lon="80.2816672436892986297607421875">
        <ele>0</ele>
        <time>2026-07-10T01:36:19.000Z</time>
        <extensions>
          <ns3:TrackPointExtension>
            <ns3:hr>149</ns3:hr>
            <ns3:cad>79</ns3:cad>
          </ns3:TrackPointExtension>
        </extensions>
      </trkpt>
      <trkpt lat="13.043681681156158447265625" lon="80.28169012628495693206787109375">
        <ele>0</ele>
        <time>2026-07-10T01:36:27.000Z</time>
        <extensions>
          <ns3:TrackPointExtension>
            <ns3:hr>148</ns3:hr>
            <ns3:cad>81</ns3:cad>
          </ns3:TrackPointExtension>
        </extensions>
      </trkpt>
      <trkpt lat="13.0437527596950531005859375" lon="80.28169264085590839385986328125">
        <ele>0</ele>
        <time>2026-07-10T01:36:30.000Z</time>
        <extensions>
          <ns3:TrackPointExtension>
            <ns3:hr>151</ns3:hr>
            <ns3:cad>83</ns3:cad>
          </ns3:TrackPointExtension>
        </extensions>
      </trkpt>
      <trkpt lat="13.0437983572483062744140625" lon="80.281697921454906463623046875">
        <ele>0</ele>
        <time>2026-07-10T01:36:32.000Z</time>
        <extensions>
          <ns3:TrackPointExtension>
            <ns3:hr>154</ns3:hr>
            <ns3:cad>81</ns3:cad>
          </ns3:TrackPointExtension>
        </extensions>
      </trkpt>
      <trkpt lat="13.04400145076215267181396484375" lon="80.28166648931801319122314453125">
        <ele>0</ele>
        <time>2026-07-10T01:36:38.000Z</time>
        <extensions>
          <ns3:TrackPointExtension>
            <ns3:hr>153</ns3:hr>
            <ns3:cad>82</ns3:cad>
          </ns3:TrackPointExtension>
        </extensions>
      </trkpt>
      <trkpt lat="13.044191300868988037109375" lon="80.28161904774606227874755859375">
        <ele>0</ele>
        <time>2026-07-10T01:36:44.000Z</time>
        <extensions>
          <ns3:TrackPointExtension>
            <ns3:hr>151</ns3:hr>
            <ns3:cad>82</ns3:cad>
          </ns3:TrackPointExtension>
        </extensions>
      </trkpt>
      <trkpt lat="13.04437930695712566375732421875" lon="80.2815775573253631591796875">
        <ele>0</ele>
        <time>2026-07-10T01:36:51.000Z</time>
        <extensions>
          <ns3:TrackPointExtension>
            <ns3:hr>152</ns3:hr>
            <ns3:cad>85</ns3:cad>
          </ns3:TrackPointExtension>
        </extensions>
      </trkpt>
      <trkpt lat="13.04458265192806720733642578125" lon="80.2815623022615909576416015625">
        <ele>0</ele>
        <time>2026-07-10T01:37:00.000Z</time>
        <extensions>
          <ns3:TrackPointExtension>
            <ns3:hr>153</ns3:hr>
            <ns3:cad>82</ns3:cad>
          </ns3:TrackPointExtension>
        </extensions>
      </trkpt>
      <trkpt lat="13.04478096775710582733154296875" lon="80.28154344297945499420166015625">
        <ele>0</ele>
        <time>2026-07-10T01:37:10.000Z</time>
        <extensions>
          <ns3:TrackPointExtension>
            <ns3:hr>150</ns3:hr>
            <ns3:cad>83</ns3:cad>
          </ns3:TrackPointExtension>
        </extensions>
      </trkpt>
      <trkpt lat="13.04497182369232177734375" lon="80.2815683372318744659423828125">
        <ele>0</ele>
        <time>2026-07-10T01:37:20.000Z</time>
        <extensions>
          <ns3:TrackPointExtension>
            <ns3:hr>151</ns3:hr>
            <ns3:cad>82</ns3:cad>
          </ns3:TrackPointExtension>
        </extensions>
      </trkpt>
      <trkpt lat="13.0451651103794574737548828125" lon="80.28157914988696575164794921875">
        <ele>0</ele>
        <time>2026-07-10T01:37:29.000Z</time>
        <extensions>
          <ns3:TrackPointExtension>
            <ns3:hr>153</ns3:hr>
            <ns3:cad>83</ns3:cad>
          </ns3:TrackPointExtension>
        </extensions>
      </trkpt>
      <trkpt lat="13.04534456692636013031005859375" lon="80.28161033056676387786865234375">
        <ele>0</ele>
        <time>2026-07-10T01:37:38.000Z</time>
        <extensions>
          <ns3:TrackPointExtension>
            <ns3:hr>151</ns3:hr>
            <ns3:cad>86</ns3:cad>
          </ns3:TrackPointExtension>
        </extensions>
      </trkpt>
      <trkpt lat="13.0455359257757663726806640625" lon="80.28163857758045196533203125">
        <ele>0</ele>
        <time>2026-07-10T01:37:47.000Z</time>
        <extensions>
          <ns3:TrackPointExtension>
            <ns3:hr>154</ns3:hr>
            <ns3:cad>83</ns3:cad>
          </ns3:TrackPointExtension>
        </extensions>
      </trkpt>
      <trkpt lat="13.04573021829128265380859375" lon="80.2816256694495677947998046875">
        <ele>0</ele>
        <time>2026-07-10T01:37:56.000Z</time>
        <extensions>
          <ns3:TrackPointExtension>
            <ns3:hr>152</ns3:hr>
            <ns3:cad>81</ns3:cad>
          </ns3:TrackPointExtension>
        </extensions>
      </trkpt>
      <trkpt lat="13.0459208227694034576416015625" lon="80.28162675909698009490966796875">
        <ele>0</ele>
        <time>2026-07-10T01:38:05.000Z</time>
        <extensions>
          <ns3:TrackPointExtension>
            <ns3:hr>151</ns3:hr>
            <ns3:cad>80</ns3:cad>
          </ns3:TrackPointExtension>
        </extensions>
      </trkpt>
      <trkpt lat="13.04610480554401874542236328125" lon="80.281663052737712860107421875">
        <ele>0</ele>
        <time>2026-07-10T01:38:14.000Z</time>
        <extensions>
          <ns3:TrackPointExtension>
            <ns3:hr>153</ns3:hr>
            <ns3:cad>84</ns3:cad>
          </ns3:TrackPointExtension>
        </extensions>
      </trkpt>
      <trkpt lat="13.04628920741379261016845703125" lon="80.28171275742352008819580078125">
        <ele>0</ele>
        <time>2026-07-10T01:38:23.000Z</time>
        <extensions>
          <ns3:TrackPointExtension>
            <ns3:hr>154</ns3:hr>
            <ns3:cad>84</ns3:cad>
          </ns3:TrackPointExtension>
        </extensions>
      </trkpt>
      <trkpt lat="13.04647008888423442840576171875" lon="80.28177947737276554107666015625">
        <ele>0</ele>
        <time>2026-07-10T01:38:33.000Z</time>
        <extensions>
          <ns3:TrackPointExtension>
            <ns3:hr>152</ns3:hr>
            <ns3:cad>81</ns3:cad>
          </ns3:TrackPointExtension>
        </extensions>
      </trkpt>
      <trkpt lat="13.04664929397404193878173828125" lon="80.28183697722852230072021484375">
        <ele>0</ele>
        <time>2026-07-10T01:38:43.000Z</time>
        <extensions>
          <ns3:TrackPointExtension>
            <ns3:hr>151</ns3:hr>
            <ns3:cad>85</ns3:cad>
          </ns3:TrackPointExtension>
        </extensions>
      </trkpt>
      <trkpt lat="13.046842329204082489013671875" lon="80.28189917095005512237548828125">
        <ele>0</ele>
        <time>2026-07-10T01:38:53.000Z</time>
        <extensions>
          <ns3:TrackPointExtension>
            <ns3:hr>152</ns3:hr>
            <ns3:cad>83</ns3:cad>
          </ns3:TrackPointExtension>
        </extensions>
      </trkpt>
      <trkpt lat="13.0470250546932220458984375" lon="80.2819371409714221954345703125">
        <ele>0</ele>
        <time>2026-07-10T01:39:01.000Z</time>
        <extensions>
          <ns3:TrackPointExtension>
            <ns3:hr>152</ns3:hr>
            <ns3:cad>86</ns3:cad>
          </ns3:TrackPointExtension>
        </extensions>
      </trkpt>
      <trkpt lat="13.047214485704898834228515625" lon="80.28197645209729671478271484375">
        <ele>0</ele>
        <time>2026-07-10T01:39:10.000Z</time>
        <extensions>
          <ns3:TrackPointExtension>
            <ns3:hr>151</ns3:hr>
            <ns3:cad>83</ns3:cad>
          </ns3:TrackPointExtension>
        </extensions>
      </trkpt>
      <trkpt lat="13.04741003550589084625244140625" lon="80.28199807740747928619384765625">
        <ele>0</ele>
        <time>2026-07-10T01:39:19.000Z</time>
        <extensions>
          <ns3:TrackPointExtension>
            <ns3:hr>152</ns3:hr>
            <ns3:cad>84</ns3:cad>
          </ns3:TrackPointExtension>
        </extensions>
      </trkpt>
      <trkpt lat="13.04759795777499675750732421875" lon="80.28202003799378871917724609375">
        <ele>0</ele>
        <time>2026-07-10T01:39:27.000Z</time>
        <extensions>
          <ns3:TrackPointExtension>
            <ns3:hr>152</ns3:hr>
            <ns3:cad>85</ns3:cad>
          </ns3:TrackPointExtension>
        </extensions>
      </trkpt>
      <trkpt lat="13.04778437130153179168701171875" lon="80.28203445486724376678466796875">
        <ele>0</ele>
        <time>2026-07-10T01:39:35.000Z</time>
        <extensions>
          <ns3:TrackPointExtension>
            <ns3:hr>154</ns3:hr>
            <ns3:cad>85</ns3:cad>
          </ns3:TrackPointExtension>
        </extensions>
      </trkpt>
      <trkpt lat="13.04797514341771602630615234375" lon="80.28205859474837779998779296875">
        <ele>0</ele>
        <time>2026-07-10T01:39:43.000Z</time>
        <extensions>
          <ns3:TrackPointExtension>
            <ns3:hr>157</ns3:hr>
            <ns3:cad>86</ns3:cad>
          </ns3:TrackPointExtension>
        </extensions>
      </trkpt>
      <trkpt lat="13.04815485142171382904052734375" lon="80.28208441101014614105224609375">
        <ele>0</ele>
        <time>2026-07-10T01:39:51.000Z</time>
        <extensions>
          <ns3:TrackPointExtension>
            <ns3:hr>155</ns3:hr>
            <ns3:cad>87</ns3:cad>
          </ns3:TrackPointExtension>
        </extensions>
      </trkpt>
      <trkpt lat="13.0483462102711200714111328125" lon="80.2821193635463714599609375">
        <ele>0</ele>
        <time>2026-07-10T01:40:00.000Z</time>
        <extensions>
          <ns3:TrackPointExtension>
            <ns3:hr>153</ns3:hr>
            <ns3:cad>86</ns3:cad>
          </ns3:TrackPointExtension>
        </extensions>
      </trkpt>
      <trkpt lat="13.04852499626576900482177734375" lon="80.28217594139277935028076171875">
        <ele>0</ele>
        <time>2026-07-10T01:40:09.000Z</time>
        <extensions>
          <ns3:TrackPointExtension>
            <ns3:hr>152</ns3:hr>
            <ns3:cad>85</ns3:cad>
          </ns3:TrackPointExtension>
        </extensions>
      </trkpt>
      <trkpt lat="13.04869816638529300689697265625" lon="80.2822476066648960113525390625">
        <ele>0</ele>
        <time>2026-07-10T01:40:20.000Z</time>
        <extensions>
          <ns3:TrackPointExtension>
            <ns3:hr>152</ns3:hr>
            <ns3:cad>80</ns3:cad>
          </ns3:TrackPointExtension>
        </extensions>
      </trkpt>
      <trkpt lat="13.04874393157660961151123046875" lon="80.28224869631230831146240234375">
        <ele>0</ele>
        <time>2026-07-10T01:40:25.000Z</time>
        <extensions>
          <ns3:TrackPointExtension>
            <ns3:hr>152</ns3:hr>
            <ns3:cad>78</ns3:cad>
          </ns3:TrackPointExtension>
        </extensions>
      </trkpt>
      <trkpt lat="13.04879120551049709320068359375" lon="80.28217636048793792724609375">
        <ele>0</ele>
        <time>2026-07-10T01:40:39.000Z</time>
        <extensions>
          <ns3:TrackPointExtension>
            <ns3:hr>155</ns3:hr>
            <ns3:cad>0</ns3:cad>
          </ns3:TrackPointExtension>
        </extensions>
      </trkpt>
      <trkpt lat="13.048793971538543701171875" lon="80.282193124294281005859375">
        <ele>0</ele>
        <time>2026-07-10T01:40:45.000Z</time>
        <extensions>
          <ns3:TrackPointExtension>
            <ns3:hr>152</ns3:hr>
            <ns3:cad>60</ns3:cad>
          </ns3:TrackPointExtension>
        </extensions>
      </trkpt>
      <trkpt lat="13.0488109029829502105712890625" lon="80.2821942977607250213623046875">
        <ele>0</ele>
        <time>2026-07-10T01:40:57.000Z</time>
        <extensions>
          <ns3:TrackPointExtension>
            <ns3:hr>148</ns3:hr>
            <ns3:cad>0</ns3:cad>
          </ns3:TrackPointExtension>
        </extensions>
      </trkpt>
      <trkpt lat="13.0488115735352039337158203125" lon="80.2821944653987884521484375">
        <ele>0</ele>
        <time>2026-07-10T01:40:59.000Z</time>
        <extensions>
          <ns3:TrackPointExtension>
            <ns3:hr>145</ns3:hr>
            <ns3:cad>0</ns3:cad>
          </ns3:TrackPointExtension>
        </extensions>
      </trkpt>
      <trkpt lat="13.0488095618784427642822265625" lon="80.2821917831897735595703125">
        <ele>0</ele>
        <time>2026-07-10T01:41:05.000Z</time>
        <extensions>
          <ns3:TrackPointExtension>
            <ns3:hr>142</ns3:hr>
            <ns3:cad>0</ns3:cad>
          </ns3:TrackPointExtension>
        </extensions>
      </trkpt>
      <trkpt lat="13.04880998097360134124755859375" lon="80.2821917831897735595703125">
        <ele>0</ele>
        <time>2026-07-10T01:41:07.000Z</time>
        <extensions>
          <ns3:TrackPointExtension>
            <ns3:hr>139</ns3:hr>
            <ns3:cad>0</ns3:cad>
          </ns3:TrackPointExtension>
        </extensions>
      </trkpt>
      <trkpt lat="13.048811070621013641357421875" lon="80.28219203464686870574951171875">
        <ele>0</ele>
        <time>2026-07-10T01:41:10.000Z</time>
        <extensions>
          <ns3:TrackPointExtension>
            <ns3:hr>136</ns3:hr>
            <ns3:cad>0</ns3:cad>
          </ns3:TrackPointExtension>
        </extensions>
      </trkpt>
      <trkpt lat="13.0488112382590770721435546875" lon="80.2821922861039638519287109375">
        <ele>0</ele>
        <time>2026-07-10T01:41:13.000Z</time>
        <extensions>
          <ns3:TrackPointExtension>
            <ns3:hr>133</ns3:hr>
            <ns3:cad>0</ns3:cad>
          </ns3:TrackPointExtension>
        </extensions>
      </trkpt>
      <trkpt lat="13.0488112382590770721435546875" lon="80.2821922861039638519287109375">
        <ele>0</ele>
        <time>2026-07-10T01:41:15.000Z</time>
        <extensions>
          <ns3:TrackPointExtension>
            <ns3:hr>130</ns3:hr>
            <ns3:cad>0</ns3:cad>
          </ns3:TrackPointExtension>
        </extensions>
      </trkpt>
      <trkpt lat="13.04881232790648937225341796875" lon="80.282192118465900421142578125">
        <ele>0</ele>
        <time>2026-07-10T01:41:19.000Z</time>
        <extensions>
          <ns3:TrackPointExtension>
            <ns3:hr>127</ns3:hr>
            <ns3:cad>0</ns3:cad>
          </ns3:TrackPointExtension>
        </extensions>
      </trkpt>
      <trkpt lat="13.04881366901099681854248046875" lon="80.28219287283718585968017578125">
        <ele>0</ele>
        <time>2026-07-10T01:41:22.000Z</time>
        <extensions>
          <ns3:TrackPointExtension>
            <ns3:hr>124</ns3:hr>
            <ns3:cad>0</ns3:cad>
          </ns3:TrackPointExtension>
        </extensions>
      </trkpt>
      <trkpt lat="13.04881568066775798797607421875" lon="80.28219555504620075225830078125">
        <ele>0</ele>
        <time>2026-07-10T01:41:26.000Z</time>
        <extensions>
          <ns3:TrackPointExtension>
            <ns3:hr>121</ns3:hr>
            <ns3:cad>0</ns3:cad>
          </ns3:TrackPointExtension>
        </extensions>
      </trkpt>
      <trkpt lat="13.04882691241800785064697265625" lon="80.2821919508278369903564453125">
        <ele>0</ele>
        <time>2026-07-10T01:41:45.000Z</time>
        <extensions>
          <ns3:TrackPointExtension>
            <ns3:hr>118</ns3:hr>
            <ns3:cad>0</ns3:cad>
          </ns3:TrackPointExtension>
        </extensions>
      </trkpt>
      <trkpt lat="13.04882708005607128143310546875" lon="80.2821916155517101287841796875">
        <ele>0</ele>
        <time>2026-07-10T01:41:49.000Z</time>
        <extensions>
          <ns3:TrackPointExtension>
            <ns3:hr>115</ns3:hr>
            <ns3:cad>0</ns3:cad>
          </ns3:TrackPointExtension>
        </extensions>
      </trkpt>
      <trkpt lat="13.04882976226508617401123046875" lon="80.282177031040191650390625">
        <ele>0</ele>
        <time>2026-07-10T01:42:06.000Z</time>
        <extensions>
          <ns3:TrackPointExtension>
            <ns3:hr>118</ns3:hr>
            <ns3:cad>0</ns3:cad>
          </ns3:TrackPointExtension>
        </extensions>
      </trkpt>
      <trkpt lat="13.04882892407476902008056640625" lon="80.2821758575737476348876953125">
        <ele>0</ele>
        <time>2026-07-10T01:42:12.000Z</time>
        <extensions>
          <ns3:TrackPointExtension>
            <ns3:hr>115</ns3:hr>
            <ns3:cad>0</ns3:cad>
          </ns3:TrackPointExtension>
        </extensions>
      </trkpt>
      <trkpt lat="13.0488300137221813201904296875" lon="80.2821765281260013580322265625">
        <ele>0</ele>
        <time>2026-07-10T01:42:17.000Z</time>
        <extensions>
          <ns3:TrackPointExtension>
            <ns3:hr>112</ns3:hr>
            <ns3:cad>0</ns3:cad>
          </ns3:TrackPointExtension>
        </extensions>
      </trkpt>
      <trkpt lat="13.0488328635692596435546875" lon="80.2822268195450305938720703125">
        <ele>0</ele>
        <time>2026-07-10T01:42:54.000Z</time>
        <extensions>
          <ns3:TrackPointExtension>
            <ns3:hr>109</ns3:hr>
            <ns3:cad>0</ns3:cad>
          </ns3:TrackPointExtension>
        </extensions>
      </trkpt>
      <trkpt lat="13.04883143864572048187255859375" lon="80.2822295017540454864501953125">
        <ele>0</ele>
        <time>2026-07-10T01:43:06.000Z</time>
        <extensions>
          <ns3:TrackPointExtension>
            <ns3:hr>105</ns3:hr>
            <ns3:cad>0</ns3:cad>
          </ns3:TrackPointExtension>
        </extensions>
      </trkpt>
      <trkpt lat="13.04883177392184734344482421875" lon="80.28222975321114063262939453125">
        <ele>0</ele>
        <time>2026-07-10T01:43:07.000Z</time>
        <extensions>
          <ns3:TrackPointExtension>
            <ns3:hr>108</ns3:hr>
            <ns3:cad>0</ns3:cad>
          </ns3:TrackPointExtension>
        </extensions>
      </trkpt>
      <trkpt lat="13.04883227683603763580322265625" lon="80.282230675220489501953125">
        <ele>0</ele>
        <time>2026-07-10T01:43:09.000Z</time>
        <extensions>
          <ns3:TrackPointExtension>
            <ns3:hr>113</ns3:hr>
            <ns3:cad>0</ns3:cad>
          </ns3:TrackPointExtension>
        </extensions>
      </trkpt>
      <trkpt lat="13.048831857740879058837890625" lon="80.282222293317317962646484375">
        <ele>0</ele>
        <time>2026-07-10T01:43:28.000Z</time>
        <extensions>
          <ns3:TrackPointExtension>
            <ns3:hr>109</ns3:hr>
            <ns3:cad>0</ns3:cad>
          </ns3:TrackPointExtension>
        </extensions>
      </trkpt>
      <trkpt lat="13.04886865429580211639404296875" lon="80.2822070382535457611083984375">
        <ele>0</ele>
        <time>2026-07-10T01:44:05.000Z</time>
        <extensions>
          <ns3:TrackPointExtension>
            <ns3:hr>113</ns3:hr>
            <ns3:cad>60</ns3:cad>
          </ns3:TrackPointExtension>
        </extensions>
      </trkpt>
      <trkpt lat="13.04891802370548248291015625" lon="80.28221701271831989288330078125">
        <ele>0</ele>
        <time>2026-07-10T01:44:12.000Z</time>
        <extensions>
          <ns3:TrackPointExtension>
            <ns3:hr>117</ns3:hr>
            <ns3:cad>60</ns3:cad>
          </ns3:TrackPointExtension>
        </extensions>
      </trkpt>
      <trkpt lat="13.04892280139029026031494140625" lon="80.28221768327057361602783203125">
        <ele>0</ele>
        <time>2026-07-10T01:44:13.000Z</time>
        <extensions>
          <ns3:TrackPointExtension>
            <ns3:hr>120</ns3:hr>
            <ns3:cad>60</ns3:cad>
          </ns3:TrackPointExtension>
        </extensions>
      </trkpt>
      <trkpt lat="13.04896772839128971099853515625" lon="80.28223310597240924835205078125">
        <ele>0</ele>
        <time>2026-07-10T01:44:19.000Z</time>
        <extensions>
          <ns3:TrackPointExtension>
            <ns3:hr>123</ns3:hr>
            <ns3:cad>0</ns3:cad>
          </ns3:TrackPointExtension>
        </extensions>
      </trkpt>
      <trkpt lat="13.04897678084671497344970703125" lon="80.2822372131049633026123046875">
        <ele>0</ele>
        <time>2026-07-10T01:44:20.000Z</time>
        <extensions>
          <ns3:TrackPointExtension>
            <ns3:hr>127</ns3:hr>
            <ns3:cad>53</ns3:cad>
          </ns3:TrackPointExtension>
        </extensions>
      </trkpt>
      <trkpt lat="13.0489852465689182281494140625" lon="80.2822398953139781951904296875">
        <ele>0</ele>
        <time>2026-07-10T01:44:21.000Z</time>
        <extensions>
          <ns3:TrackPointExtension>
            <ns3:hr>127</ns3:hr>
            <ns3:cad>53</ns3:cad>
          </ns3:TrackPointExtension>
        </extensions>
      </trkpt>
      <trkpt lat="13.049003519117832183837890625" lon="80.2822466008365154266357421875">
        <ele>0</ele>
        <time>2026-07-10T01:44:23.000Z</time>
        <extensions>
          <ns3:TrackPointExtension>
            <ns3:hr>124</ns3:hr>
            <ns3:cad>53</ns3:cad>
          </ns3:TrackPointExtension>
        </extensions>
      </trkpt>
      <trkpt lat="13.04904601536691188812255859375" lon="80.28226059861481189727783203125">
        <ele>0</ele>
        <time>2026-07-10T01:44:29.000Z</time>
        <extensions>
          <ns3:TrackPointExtension>
            <ns3:hr>129</ns3:hr>
            <ns3:cad>0</ns3:cad>
          </ns3:TrackPointExtension>
        </extensions>
      </trkpt>
      <trkpt lat="13.04909664206206798553466796875" lon="80.2822771109640598297119140625">
        <ele>0</ele>
        <time>2026-07-10T01:44:38.000Z</time>
        <extensions>
          <ns3:TrackPointExtension>
            <ns3:hr>133</ns3:hr>
            <ns3:cad>0</ns3:cad>
          </ns3:TrackPointExtension>
        </extensions>
      </trkpt>
      <trkpt lat="13.0491237156093120574951171875" lon="80.28229278512299060821533203125">
        <ele>0</ele>
        <time>2026-07-10T01:44:42.000Z</time>
        <extensions>
          <ns3:TrackPointExtension>
            <ns3:hr>136</ns3:hr>
            <ns3:cad>0</ns3:cad>
          </ns3:TrackPointExtension>
        </extensions>
      </trkpt>
      <trkpt lat="13.04917576722800731658935546875" lon="80.282311141490936279296875">
        <ele>0</ele>
        <time>2026-07-10T01:44:51.000Z</time>
        <extensions>
          <ns3:TrackPointExtension>
            <ns3:hr>132</ns3:hr>
            <ns3:cad>60</ns3:cad>
          </ns3:TrackPointExtension>
        </extensions>
      </trkpt>
      <trkpt lat="13.04918892681598663330078125" lon="80.28231717646121978759765625">
        <ele>0</ele>
        <time>2026-07-10T01:44:53.000Z</time>
        <extensions>
          <ns3:TrackPointExtension>
            <ns3:hr>129</ns3:hr>
            <ns3:cad>60</ns3:cad>
          </ns3:TrackPointExtension>
        </extensions>
      </trkpt>
      <trkpt lat="13.04920862428843975067138671875" lon="80.2823263965547084808349609375">
        <ele>0</ele>
        <time>2026-07-10T01:44:55.000Z</time>
        <extensions>
          <ns3:TrackPointExtension>
            <ns3:hr>126</ns3:hr>
            <ns3:cad>60</ns3:cad>
          </ns3:TrackPointExtension>
        </extensions>
      </trkpt>
      <trkpt lat="13.0492299981415271759033203125" lon="80.2823310904204845428466796875">
        <ele>0</ele>
        <time>2026-07-10T01:44:57.000Z</time>
        <extensions>
          <ns3:TrackPointExtension>
            <ns3:hr>118</ns3:hr>
            <ns3:cad>60</ns3:cad>
          </ns3:TrackPointExtension>
        </extensions>
      </trkpt>
      <trkpt lat="13.04924265481531620025634765625" lon="80.28233553282916545867919921875">
        <ele>0</ele>
        <time>2026-07-10T01:44:58.000Z</time>
        <extensions>
          <ns3:TrackPointExtension>
            <ns3:hr>118</ns3:hr>
            <ns3:cad>60</ns3:cad>
          </ns3:TrackPointExtension>
        </extensions>
      </trkpt>
      <trkpt lat="13.0494261346757411956787109375" lon="80.282386243343353271484375">
        <ele>0</ele>
        <time>2026-07-10T01:45:08.000Z</time>
        <extensions>
          <ns3:TrackPointExtension>
            <ns3:hr>119</ns3:hr>
            <ns3:cad>83</ns3:cad>
          </ns3:TrackPointExtension>
        </extensions>
      </trkpt>
      <trkpt lat="13.04945555515587329864501953125" lon="80.28239185921847820281982421875">
        <ele>0</ele>
        <time>2026-07-10T01:45:11.000Z</time>
        <extensions>
          <ns3:TrackPointExtension>
            <ns3:hr>123</ns3:hr>
            <ns3:cad>83</ns3:cad>
          </ns3:TrackPointExtension>
        </extensions>
      </trkpt>
      <trkpt lat="13.0494851432740688323974609375" lon="80.28239454142749309539794921875">
        <ele>0</ele>
        <time>2026-07-10T01:45:14.000Z</time>
        <extensions>
          <ns3:TrackPointExtension>
            <ns3:hr>133</ns3:hr>
            <ns3:cad>54</ns3:cad>
          </ns3:TrackPointExtension>
        </extensions>
      </trkpt>
      <trkpt lat="13.04950132034718990325927734375" lon="80.28239898383617401123046875">
        <ele>0</ele>
        <time>2026-07-10T01:45:15.000Z</time>
        <extensions>
          <ns3:TrackPointExtension>
            <ns3:hr>136</ns3:hr>
            <ns3:cad>54</ns3:cad>
          </ns3:TrackPointExtension>
        </extensions>
      </trkpt>
      <trkpt lat="13.0495193414390087127685546875" lon="80.282402336597442626953125">
        <ele>0</ele>
        <time>2026-07-10T01:45:16.000Z</time>
        <extensions>
          <ns3:TrackPointExtension>
            <ns3:hr>142</ns3:hr>
            <ns3:cad>54</ns3:cad>
          </ns3:TrackPointExtension>
        </extensions>
      </trkpt>
      <trkpt lat="13.04953769780695438385009765625" lon="80.28240728192031383514404296875">
        <ele>0</ele>
        <time>2026-07-10T01:45:17.000Z</time>
        <extensions>
          <ns3:TrackPointExtension>
            <ns3:hr>146</ns3:hr>
            <ns3:cad>81</ns3:cad>
          </ns3:TrackPointExtension>
        </extensions>
      </trkpt>
      <trkpt lat="13.04957491345703601837158203125" lon="80.28241784311830997467041015625">
        <ele>0</ele>
        <time>2026-07-10T01:45:19.000Z</time>
        <extensions>
          <ns3:TrackPointExtension>
            <ns3:hr>151</ns3:hr>
            <ns3:cad>81</ns3:cad>
          </ns3:TrackPointExtension>
        </extensions>
      </trkpt>
      <trkpt lat="13.0495931021869182586669921875" lon="80.282420776784420013427734375">
        <ele>0</ele>
        <time>2026-07-10T01:45:20.000Z</time>
        <extensions>
          <ns3:TrackPointExtension>
            <ns3:hr>157</ns3:hr>
            <ns3:cad>82</ns3:cad>
          </ns3:TrackPointExtension>
        </extensions>
      </trkpt>
      <trkpt lat="13.04960894398391246795654296875" lon="80.28242647647857666015625">
        <ele>0</ele>
        <time>2026-07-10T01:45:21.000Z</time>
        <extensions>
          <ns3:TrackPointExtension>
            <ns3:hr>157</ns3:hr>
            <ns3:cad>82</ns3:cad>
          </ns3:TrackPointExtension>
        </extensions>
      </trkpt>
      <trkpt lat="13.049642555415630340576171875" lon="80.28243728913366794586181640625">
        <ele>0</ele>
        <time>2026-07-10T01:45:23.000Z</time>
        <extensions>
          <ns3:TrackPointExtension>
            <ns3:hr>160</ns3:hr>
            <ns3:cad>81</ns3:cad>
          </ns3:TrackPointExtension>
        </extensions>
      </trkpt>
      <trkpt lat="13.0496598221361637115478515625" lon="80.2824434079229831695556640625">
        <ele>0</ele>
        <time>2026-07-10T01:45:24.000Z</time>
        <extensions>
          <ns3:TrackPointExtension>
            <ns3:hr>163</ns3:hr>
            <ns3:cad>81</ns3:cad>
          </ns3:TrackPointExtension>
        </extensions>
      </trkpt>
      <trkpt lat="13.04973970167338848114013671875" lon="80.28247953392565250396728515625">
        <ele>0</ele>
        <time>2026-07-10T01:45:28.000Z</time>
        <extensions>
          <ns3:TrackPointExtension>
            <ns3:hr>160</ns3:hr>
            <ns3:cad>83</ns3:cad>
          </ns3:TrackPointExtension>
        </extensions>
      </trkpt>
      <trkpt lat="13.04984397254884243011474609375" lon="80.28250870294868946075439453125">
        <ele>0</ele>
        <time>2026-07-10T01:45:33.000Z</time>
        <extensions>
          <ns3:TrackPointExtension>
            <ns3:hr>164</ns3:hr>
            <ns3:cad>86</ns3:cad>
          </ns3:TrackPointExtension>
        </extensions>
      </trkpt>
      <trkpt lat="13.04986325092613697052001953125" lon="80.28251490555703639984130859375">
        <ele>0</ele>
        <time>2026-07-10T01:45:34.000Z</time>
        <extensions>
          <ns3:TrackPointExtension>
            <ns3:hr>167</ns3:hr>
            <ns3:cad>85</ns3:cad>
          </ns3:TrackPointExtension>
        </extensions>
      </trkpt>
      <trkpt lat="13.04988336749374866485595703125" lon="80.2825205214321613311767578125">
        <ele>0</ele>
        <time>2026-07-10T01:45:35.000Z</time>
        <extensions>
          <ns3:TrackPointExtension>
            <ns3:hr>167</ns3:hr>
            <ns3:cad>85</ns3:cad>
          </ns3:TrackPointExtension>
        </extensions>
      </trkpt>
      <trkpt lat="13.04992385208606719970703125" lon="80.28253368102014064788818359375">
        <ele>0</ele>
        <time>2026-07-10T01:45:37.000Z</time>
        <extensions>
          <ns3:TrackPointExtension>
            <ns3:hr>166</ns3:hr>
            <ns3:cad>85</ns3:cad>
          </ns3:TrackPointExtension>
        </extensions>
      </trkpt>
      <trkpt lat="13.04998897947371006011962890625" lon="80.28254709206521511077880859375">
        <ele>0</ele>
        <time>2026-07-10T01:45:40.000Z</time>
        <extensions>
          <ns3:TrackPointExtension>
            <ns3:hr>170</ns3:hr>
            <ns3:cad>86</ns3:cad>
          </ns3:TrackPointExtension>
        </extensions>
      </trkpt>
      <trkpt lat="13.0501748062670230865478515625" lon="80.2825295738875865936279296875">
        <ele>0</ele>
        <time>2026-07-10T01:45:48.000Z</time>
        <extensions>
          <ns3:TrackPointExtension>
            <ns3:hr>173</ns3:hr>
            <ns3:cad>87</ns3:cad>
          </ns3:TrackPointExtension>
        </extensions>
      </trkpt>
      <trkpt lat="13.0501986108720302581787109375" lon="80.28253401629626750946044921875">
        <ele>0</ele>
        <time>2026-07-10T01:45:49.000Z</time>
        <extensions>
          <ns3:TrackPointExtension>
            <ns3:hr>177</ns3:hr>
            <ns3:cad>87</ns3:cad>
          </ns3:TrackPointExtension>
        </extensions>
      </trkpt>
      <trkpt lat="13.05022115819156169891357421875" lon="80.28253803960978984832763671875">
        <ele>0</ele>
        <time>2026-07-10T01:45:50.000Z</time>
        <extensions>
          <ns3:TrackPointExtension>
            <ns3:hr>177</ns3:hr>
            <ns3:cad>87</ns3:cad>
          </ns3:TrackPointExtension>
        </extensions>
      </trkpt>
      <trkpt lat="13.0502651631832122802734375" lon="80.28254658915102481842041015625">
        <ele>0</ele>
        <time>2026-07-10T01:45:52.000Z</time>
        <extensions>
          <ns3:TrackPointExtension>
            <ns3:hr>173</ns3:hr>
            <ns3:cad>87</ns3:cad>
          </ns3:TrackPointExtension>
        </extensions>
      </trkpt>
      <trkpt lat="13.05037622340023517608642578125" lon="80.28258028440177440643310546875">
        <ele>0</ele>
        <time>2026-07-10T01:45:57.000Z</time>
        <extensions>
          <ns3:TrackPointExtension>
            <ns3:hr>170</ns3:hr>
            <ns3:cad>86</ns3:cad>
          </ns3:TrackPointExtension>
        </extensions>
      </trkpt>
      <trkpt lat="13.050396926701068878173828125" lon="80.28259017504751682281494140625">
        <ele>0</ele>
        <time>2026-07-10T01:45:58.000Z</time>
        <extensions>
          <ns3:TrackPointExtension>
            <ns3:hr>166</ns3:hr>
            <ns3:cad>86</ns3:cad>
          </ns3:TrackPointExtension>
        </extensions>
      </trkpt>
      <trkpt lat="13.0504795722663402557373046875" lon="80.2826128900051116943359375">
        <ele>0</ele>
        <time>2026-07-10T01:46:02.000Z</time>
        <extensions>
          <ns3:TrackPointExtension>
            <ns3:hr>170</ns3:hr>
            <ns3:cad>86</ns3:cad>
          </ns3:TrackPointExtension>
        </extensions>
      </trkpt>
      <trkpt lat="13.050565235316753387451171875" lon="80.2826263010501861572265625">
        <ele>0</ele>
        <time>2026-07-10T01:46:06.000Z</time>
        <extensions>
          <ns3:TrackPointExtension>
            <ns3:hr>167</ns3:hr>
            <ns3:cad>84</ns3:cad>
          </ns3:TrackPointExtension>
        </extensions>
      </trkpt>
      <trkpt lat="13.05063975043594837188720703125" lon="80.28263677842915058135986328125">
        <ele>0</ele>
        <time>2026-07-10T01:46:09.000Z</time>
        <extensions>
          <ns3:TrackPointExtension>
            <ns3:hr>170</ns3:hr>
            <ns3:cad>86</ns3:cad>
          </ns3:TrackPointExtension>
        </extensions>
      </trkpt>
      <trkpt lat="13.05066104047000408172607421875" lon="80.28264398686587810516357421875">
        <ele>0</ele>
        <time>2026-07-10T01:46:10.000Z</time>
        <extensions>
          <ns3:TrackPointExtension>
            <ns3:hr>174</ns3:hr>
            <ns3:cad>87</ns3:cad>
          </ns3:TrackPointExtension>
        </extensions>
      </trkpt>
      <trkpt lat="13.0506814084947109222412109375" lon="80.28265454806387424468994140625">
        <ele>0</ele>
        <time>2026-07-10T01:46:11.000Z</time>
        <extensions>
          <ns3:TrackPointExtension>
            <ns3:hr>177</ns3:hr>
            <ns3:cad>87</ns3:cad>
          </ns3:TrackPointExtension>
        </extensions>
      </trkpt>
      <trkpt lat="13.05070244707167148590087890625" lon="80.282666869461536407470703125">
        <ele>0</ele>
        <time>2026-07-10T01:46:12.000Z</time>
        <extensions>
          <ns3:TrackPointExtension>
            <ns3:hr>177</ns3:hr>
            <ns3:cad>88</ns3:cad>
          </ns3:TrackPointExtension>
        </extensions>
      </trkpt>
      <trkpt lat="13.05080956779420375823974609375" lon="80.2827228605747222900390625">
        <ele>0</ele>
        <time>2026-07-10T01:46:17.000Z</time>
        <extensions>
          <ns3:TrackPointExtension>
            <ns3:hr>173</ns3:hr>
            <ns3:cad>87</ns3:cad>
          </ns3:TrackPointExtension>
        </extensions>
      </trkpt>
      <trkpt lat="13.0509885214269161224365234375" lon="80.28277792967855930328369140625">
        <ele>0</ele>
        <time>2026-07-10T01:46:25.000Z</time>
        <extensions>
          <ns3:TrackPointExtension>
            <ns3:hr>174</ns3:hr>
            <ns3:cad>88</ns3:cad>
          </ns3:TrackPointExtension>
        </extensions>
      </trkpt>
      <trkpt lat="13.05116898380219936370849609375" lon="80.2828105352818965911865234375">
        <ele>0</ele>
        <time>2026-07-10T01:46:33.000Z</time>
        <extensions>
          <ns3:TrackPointExtension>
            <ns3:hr>173</ns3:hr>
            <ns3:cad>87</ns3:cad>
          </ns3:TrackPointExtension>
        </extensions>
      </trkpt>
      <trkpt lat="13.05134299211204051971435546875" lon="80.2828715555369853973388671875">
        <ele>0</ele>
        <time>2026-07-10T01:46:41.000Z</time>
        <extensions>
          <ns3:TrackPointExtension>
            <ns3:hr>172</ns3:hr>
            <ns3:cad>87</ns3:cad>
          </ns3:TrackPointExtension>
        </extensions>
      </trkpt>
      <trkpt lat="13.0515199340879917144775390625" lon="80.28293970040977001190185546875">
        <ele>0</ele>
        <time>2026-07-10T01:46:49.000Z</time>
        <extensions>
          <ns3:TrackPointExtension>
            <ns3:hr>172</ns3:hr>
            <ns3:cad>87</ns3:cad>
          </ns3:TrackPointExtension>
        </extensions>
      </trkpt>
      <trkpt lat="13.05170207284390926361083984375" lon="80.2829882316291332244873046875">
        <ele>0</ele>
        <time>2026-07-10T01:46:57.000Z</time>
        <extensions>
          <ns3:TrackPointExtension>
            <ns3:hr>171</ns3:hr>
            <ns3:cad>87</ns3:cad>
          </ns3:TrackPointExtension>
        </extensions>
      </trkpt>
      <trkpt lat="13.0518984608352184295654296875" lon="80.28297163546085357666015625">
        <ele>0</ele>
        <time>2026-07-10T01:47:05.000Z</time>
        <extensions>
          <ns3:TrackPointExtension>
            <ns3:hr>169</ns3:hr>
            <ns3:cad>85</ns3:cad>
          </ns3:TrackPointExtension>
        </extensions>
      </trkpt>
      <trkpt lat="13.052036426961421966552734375" lon="80.28297523967921733856201171875">
        <ele>0</ele>
        <time>2026-07-10T01:47:11.000Z</time>
        <extensions>
          <ns3:TrackPointExtension>
            <ns3:hr>172</ns3:hr>
            <ns3:cad>87</ns3:cad>
          </ns3:TrackPointExtension>
        </extensions>
      </trkpt>
      <trkpt lat="13.05222543887794017791748046875" lon="80.28298504650592803955078125">
        <ele>0</ele>
        <time>2026-07-10T01:47:19.000Z</time>
        <extensions>
          <ns3:TrackPointExtension>
            <ns3:hr>173</ns3:hr>
            <ns3:cad>86</ns3:cad>
          </ns3:TrackPointExtension>
        </extensions>
      </trkpt>
      <trkpt lat="13.05240598507225513458251953125" lon="80.2830098569393157958984375">
        <ele>0</ele>
        <time>2026-07-10T01:47:27.000Z</time>
        <extensions>
          <ns3:TrackPointExtension>
            <ns3:hr>171</ns3:hr>
            <ns3:cad>87</ns3:cad>
          </ns3:TrackPointExtension>
        </extensions>
      </trkpt>
      <trkpt lat="13.05260379798710346221923828125" lon="80.28305402956902980804443359375">
        <ele>0</ele>
        <time>2026-07-10T01:47:36.000Z</time>
        <extensions>
          <ns3:TrackPointExtension>
            <ns3:hr>172</ns3:hr>
            <ns3:cad>86</ns3:cad>
          </ns3:TrackPointExtension>
        </extensions>
      </trkpt>
      <trkpt lat="13.0527869425714015960693359375" lon="80.283106751739978790283203125">
        <ele>0</ele>
        <time>2026-07-10T01:47:44.000Z</time>
        <extensions>
          <ns3:TrackPointExtension>
            <ns3:hr>173</ns3:hr>
            <ns3:cad>85</ns3:cad>
          </ns3:TrackPointExtension>
        </extensions>
      </trkpt>
      <trkpt lat="13.05297729559242725372314453125" lon="80.28311773203313350677490234375">
        <ele>0</ele>
        <time>2026-07-10T01:47:52.000Z</time>
        <extensions>
          <ns3:TrackPointExtension>
            <ns3:hr>174</ns3:hr>
            <ns3:cad>86</ns3:cad>
          </ns3:TrackPointExtension>
        </extensions>
      </trkpt>
      <trkpt lat="13.0530662275850772857666015625" lon="80.2830995433032512664794921875">
        <ele>0</ele>
        <time>2026-07-10T01:47:56.000Z</time>
        <extensions>
          <ns3:TrackPointExtension>
            <ns3:hr>171</ns3:hr>
            <ns3:cad>84</ns3:cad>
          </ns3:TrackPointExtension>
        </extensions>
      </trkpt>
      <trkpt lat="13.05325792171061038970947265625" lon="80.28311354108154773712158203125">
        <ele>0</ele>
        <time>2026-07-10T01:48:04.000Z</time>
        <extensions>
          <ns3:TrackPointExtension>
            <ns3:hr>173</ns3:hr>
            <ns3:cad>87</ns3:cad>
          </ns3:TrackPointExtension>
        </extensions>
      </trkpt>
      <trkpt lat="13.053441904485225677490234375" lon="80.28313566930592060089111328125">
        <ele>0</ele>
        <time>2026-07-10T01:48:12.000Z</time>
        <extensions>
          <ns3:TrackPointExtension>
            <ns3:hr>174</ns3:hr>
            <ns3:cad>87</ns3:cad>
          </ns3:TrackPointExtension>
        </extensions>
      </trkpt>
      <trkpt lat="13.0536412261426448822021484375" lon="80.28318210504949092864990234375">
        <ele>0</ele>
        <time>2026-07-10T01:48:21.000Z</time>
        <extensions>
          <ns3:TrackPointExtension>
            <ns3:hr>172</ns3:hr>
            <ns3:cad>86</ns3:cad>
          </ns3:TrackPointExtension>
        </extensions>
      </trkpt>
      <trkpt lat="13.05373518727719783782958984375" lon="80.2832088433206081390380859375">
        <ele>0</ele>
        <time>2026-07-10T01:48:25.000Z</time>
        <extensions>
          <ns3:TrackPointExtension>
            <ns3:hr>175</ns3:hr>
            <ns3:cad>87</ns3:cad>
          </ns3:TrackPointExtension>
        </extensions>
      </trkpt>
      <trkpt lat="13.0538732372224330902099609375" lon="80.28323306702077388763427734375">
        <ele>0</ele>
        <time>2026-07-10T01:48:31.000Z</time>
        <extensions>
          <ns3:TrackPointExtension>
            <ns3:hr>174</ns3:hr>
            <ns3:cad>87</ns3:cad>
          </ns3:TrackPointExtension>
        </extensions>
      </trkpt>
      <trkpt lat="13.05406342260539531707763671875" lon="80.28322686441242694854736328125">
        <ele>0</ele>
        <time>2026-07-10T01:48:39.000Z</time>
        <extensions>
          <ns3:TrackPointExtension>
            <ns3:hr>173</ns3:hr>
            <ns3:cad>87</ns3:cad>
          </ns3:TrackPointExtension>
        </extensions>
      </trkpt>
      <trkpt lat="13.0542179010808467864990234375" lon="80.28322803787887096405029296875">
        <ele>0</ele>
        <time>2026-07-10T01:48:46.000Z</time>
        <extensions>
          <ns3:TrackPointExtension>
            <ns3:hr>170</ns3:hr>
            <ns3:cad>85</ns3:cad>
          </ns3:TrackPointExtension>
        </extensions>
      </trkpt>
      <trkpt lat="13.05428110063076019287109375" lon="80.28323306702077388763427734375">
        <ele>0</ele>
        <time>2026-07-10T01:48:51.000Z</time>
        <extensions>
          <ns3:TrackPointExtension>
            <ns3:hr>169</ns3:hr>
            <ns3:cad>85</ns3:cad>
          </ns3:TrackPointExtension>
        </extensions>
      </trkpt>
      <trkpt lat="13.05439618416130542755126953125" lon="80.28325326740741729736328125">
        <ele>0</ele>
        <time>2026-07-10T01:49:20.000Z</time>
        <extensions>
          <ns3:TrackPointExtension>
            <ns3:hr>168</ns3:hr>
            <ns3:cad>0</ns3:cad>
          </ns3:TrackPointExtension>
        </extensions>
      </trkpt>
      <trkpt lat="13.054388724267482757568359375" lon="80.28324044309556484222412109375">
        <ele>0</ele>
        <time>2026-07-10T01:49:24.000Z</time>
        <extensions>
          <ns3:TrackPointExtension>
            <ns3:hr>165</ns3:hr>
            <ns3:cad>61</ns3:cad>
          </ns3:TrackPointExtension>
        </extensions>
      </trkpt>
      <trkpt lat="13.05437975563108921051025390625" lon="80.2832458913326263427734375">
        <ele>0</ele>
        <time>2026-07-10T01:49:28.000Z</time>
        <extensions>
          <ns3:TrackPointExtension>
            <ns3:hr>159</ns3:hr>
            <ns3:cad>0</ns3:cad>
          </ns3:TrackPointExtension>
        </extensions>
      </trkpt>
      <trkpt lat="13.05437858216464519500732421875" lon="80.283249914646148681640625">
        <ele>0</ele>
        <time>2026-07-10T01:49:29.000Z</time>
        <extensions>
          <ns3:TrackPointExtension>
            <ns3:hr>156</ns3:hr>
            <ns3:cad>0</ns3:cad>
          </ns3:TrackPointExtension>
        </extensions>
      </trkpt>
      <trkpt lat="13.05437891744077205657958984375" lon="80.28325460851192474365234375">
        <ele>0</ele>
        <time>2026-07-10T01:49:30.000Z</time>
        <extensions>
          <ns3:TrackPointExtension>
            <ns3:hr>156</ns3:hr>
            <ns3:cad>0</ns3:cad>
          </ns3:TrackPointExtension>
        </extensions>
      </trkpt>
      <trkpt lat="13.05438092909753322601318359375" lon="80.2832581289112567901611328125">
        <ele>0</ele>
        <time>2026-07-10T01:49:31.000Z</time>
        <extensions>
          <ns3:TrackPointExtension>
            <ns3:hr>150</ns3:hr>
            <ns3:cad>0</ns3:cad>
          </ns3:TrackPointExtension>
        </extensions>
      </trkpt>
      <trkpt lat="13.05439685471355915069580078125" lon="80.28325603343546390533447265625">
        <ele>0</ele>
        <time>2026-07-10T01:49:38.000Z</time>
        <extensions>
          <ns3:TrackPointExtension>
            <ns3:hr>147</ns3:hr>
            <ns3:cad>0</ns3:cad>
          </ns3:TrackPointExtension>
        </extensions>
      </trkpt>
      <trkpt lat="13.0543942563235759735107421875" lon="80.28325770981609821319580078125">
        <ele>0</ele>
        <time>2026-07-10T01:49:41.000Z</time>
        <extensions>
          <ns3:TrackPointExtension>
            <ns3:hr>150</ns3:hr>
            <ns3:cad>0</ns3:cad>
          </ns3:TrackPointExtension>
        </extensions>
      </trkpt>
      <trkpt lat="13.05436332710087299346923828125" lon="80.28323591686785221099853515625">
        <ele>0</ele>
        <time>2026-07-10T01:49:53.000Z</time>
        <extensions>
          <ns3:TrackPointExtension>
            <ns3:hr>147</ns3:hr>
            <ns3:cad>0</ns3:cad>
          </ns3:TrackPointExtension>
        </extensions>
      </trkpt>
      <trkpt lat="13.0543634109199047088623046875" lon="80.2832571230828762054443359375">
        <ele>0</ele>
        <time>2026-07-10T01:50:08.000Z</time>
        <extensions>
          <ns3:TrackPointExtension>
            <ns3:hr>144</ns3:hr>
            <ns3:cad>0</ns3:cad>
          </ns3:TrackPointExtension>
        </extensions>
      </trkpt>
      <trkpt lat="13.0543367564678192138671875" lon="80.28327564708888530731201171875">
        <ele>0</ele>
        <time>2026-07-10T01:50:27.000Z</time>
        <extensions>
          <ns3:TrackPointExtension>
            <ns3:hr>141</ns3:hr>
            <ns3:cad>0</ns3:cad>
          </ns3:TrackPointExtension>
        </extensions>
      </trkpt>
      <trkpt lat="13.05432376451790332794189453125" lon="80.283273719251155853271484375">
        <ele>0</ele>
        <time>2026-07-10T01:50:31.000Z</time>
        <extensions>
          <ns3:TrackPointExtension>
            <ns3:hr>138</ns3:hr>
            <ns3:cad>0</ns3:cad>
          </ns3:TrackPointExtension>
        </extensions>
      </trkpt>
      <trkpt lat="13.05429358966648578643798828125" lon="80.283269695937633514404296875">
        <ele>0</ele>
        <time>2026-07-10T01:50:38.000Z</time>
        <extensions>
          <ns3:TrackPointExtension>
            <ns3:hr>134</ns3:hr>
            <ns3:cad>0</ns3:cad>
          </ns3:TrackPointExtension>
        </extensions>
      </trkpt>
      <trkpt lat="13.0542759038507938385009765625" lon="80.2832648344337940216064453125">
        <ele>0</ele>
        <time>2026-07-10T01:50:42.000Z</time>
        <extensions>
          <ns3:TrackPointExtension>
            <ns3:hr>127</ns3:hr>
            <ns3:cad>0</ns3:cad>
          </ns3:TrackPointExtension>
        </extensions>
      </trkpt>
      <trkpt lat="13.05427162908017635345458984375" lon="80.2832618169486522674560546875">
        <ele>0</ele>
        <time>2026-07-10T01:50:43.000Z</time>
        <extensions>
          <ns3:TrackPointExtension>
            <ns3:hr>127</ns3:hr>
            <ns3:cad>60</ns3:cad>
          </ns3:TrackPointExtension>
        </extensions>
      </trkpt>
      <trkpt lat="13.05425385944545269012451171875" lon="80.2832537703216075897216796875">
        <ele>0</ele>
        <time>2026-07-10T01:50:46.000Z</time>
        <extensions>
          <ns3:TrackPointExtension>
            <ns3:hr>123</ns3:hr>
            <ns3:cad>60</ns3:cad>
          </ns3:TrackPointExtension>
        </extensions>
      </trkpt>
      <trkpt lat="13.0540730617940425872802734375" lon="80.2832631580531597137451171875">
        <ele>0</ele>
        <time>2026-07-10T01:51:16.000Z</time>
        <extensions>
          <ns3:TrackPointExtension>
            <ns3:hr>123</ns3:hr>
            <ns3:cad>60</ns3:cad>
          </ns3:TrackPointExtension>
        </extensions>
      </trkpt>
      <trkpt lat="13.0540029890835285186767578125" lon="80.28326324187219142913818359375">
        <ele>0</ele>
        <time>2026-07-10T01:51:26.000Z</time>
        <extensions>
          <ns3:TrackPointExtension>
            <ns3:hr>126</ns3:hr>
            <ns3:cad>60</ns3:cad>
          </ns3:TrackPointExtension>
        </extensions>
      </trkpt>
      <trkpt lat="13.05398664437234401702880859375" lon="80.2832628227770328521728515625">
        <ele>0</ele>
        <time>2026-07-10T01:51:28.000Z</time>
        <extensions>
          <ns3:TrackPointExtension>
            <ns3:hr>123</ns3:hr>
            <ns3:cad>60</ns3:cad>
          </ns3:TrackPointExtension>
        </extensions>
      </trkpt>
      <trkpt lat="13.05394926108419895172119140625" lon="80.283266007900238037109375">
        <ele>0</ele>
        <time>2026-07-10T01:51:33.000Z</time>
        <extensions>
          <ns3:TrackPointExtension>
            <ns3:hr>125</ns3:hr>
            <ns3:cad>60</ns3:cad>
          </ns3:TrackPointExtension>
        </extensions>
      </trkpt>
      <trkpt lat="13.05392042733728885650634765625" lon="80.2832661755383014678955078125">
        <ele>0</ele>
        <time>2026-07-10T01:51:37.000Z</time>
        <extensions>
          <ns3:TrackPointExtension>
            <ns3:hr>127</ns3:hr>
            <ns3:cad>60</ns3:cad>
          </ns3:TrackPointExtension>
        </extensions>
      </trkpt>
      <trkpt lat="13.0538470856845378875732421875" lon="80.2832671813666820526123046875">
        <ele>0</ele>
        <time>2026-07-10T01:51:48.000Z</time>
        <extensions>
          <ns3:TrackPointExtension>
            <ns3:hr>123</ns3:hr>
            <ns3:cad>60</ns3:cad>
          </ns3:TrackPointExtension>
        </extensions>
      </trkpt>
      <trkpt lat="13.0538081936538219451904296875" lon="80.2832658402621746063232421875">
        <ele>0</ele>
        <time>2026-07-10T01:51:54.000Z</time>
        <extensions>
          <ns3:TrackPointExtension>
            <ns3:hr>120</ns3:hr>
            <ns3:cad>0</ns3:cad>
          </ns3:TrackPointExtension>
        </extensions>
      </trkpt>
      <trkpt lat="13.05383828468620777130126953125" lon="80.2832512557506561279296875">
        <ele>0</ele>
        <time>2026-07-10T01:52:06.000Z</time>
        <extensions>
          <ns3:TrackPointExtension>
            <ns3:hr>121</ns3:hr>
            <ns3:cad>60</ns3:cad>
          </ns3:TrackPointExtension>
        </extensions>
      </trkpt>
      <trkpt lat="13.05383828468620777130126953125" lon="80.2832512557506561279296875">
        <ele>0</ele>
        <time>2026-07-10T01:52:07.000Z</time>
        <extensions>
          <ns3:TrackPointExtension>
            <ns3:hr>118</ns3:hr>
            <ns3:cad>60</ns3:cad>
          </ns3:TrackPointExtension>
        </extensions>
      </trkpt>
      <trkpt lat="13.053885810077190399169921875" lon="80.2832500822842121124267578125">
        <ele>0</ele>
        <time>2026-07-10T01:52:12.000Z</time>
        <extensions>
          <ns3:TrackPointExtension>
            <ns3:hr>121</ns3:hr>
            <ns3:cad>60</ns3:cad>
          </ns3:TrackPointExtension>
        </extensions>
      </trkpt>
      <trkpt lat="13.0540713854134082794189453125" lon="80.28324681334197521209716796875">
        <ele>0</ele>
        <time>2026-07-10T01:52:31.000Z</time>
        <extensions>
          <ns3:TrackPointExtension>
            <ns3:hr>121</ns3:hr>
            <ns3:cad>60</ns3:cad>
          </ns3:TrackPointExtension>
        </extensions>
      </trkpt>
      <trkpt lat="13.05409359745681285858154296875" lon="80.2832396887242794036865234375">
        <ele>0</ele>
        <time>2026-07-10T01:52:34.000Z</time>
        <extensions>
          <ns3:TrackPointExtension>
            <ns3:hr>122</ns3:hr>
            <ns3:cad>60</ns3:cad>
          </ns3:TrackPointExtension>
        </extensions>
      </trkpt>
      <trkpt lat="13.05415369570255279541015625" lon="80.28322778642177581787109375">
        <ele>0</ele>
        <time>2026-07-10T01:52:40.000Z</time>
        <extensions>
          <ns3:TrackPointExtension>
            <ns3:hr>119</ns3:hr>
            <ns3:cad>0</ns3:cad>
          </ns3:TrackPointExtension>
        </extensions>
      </trkpt>
      <trkpt lat="13.054178170859813690185546875" lon="80.2832229249179363250732421875">
        <ele>0</ele>
        <time>2026-07-10T01:52:43.000Z</time>
        <extensions>
          <ns3:TrackPointExtension>
            <ns3:hr>122</ns3:hr>
            <ns3:cad>0</ns3:cad>
          </ns3:TrackPointExtension>
        </extensions>
      </trkpt>
      <trkpt lat="13.05422469042241573333740234375" lon="80.2832249365746974945068359375">
        <ele>0</ele>
        <time>2026-07-10T01:52:48.000Z</time>
        <extensions>
          <ns3:TrackPointExtension>
            <ns3:hr>124</ns3:hr>
            <ns3:cad>60</ns3:cad>
          </ns3:TrackPointExtension>
        </extensions>
      </trkpt>
      <trkpt lat="13.054347820580005645751953125" lon="80.28325016610324382781982421875">
        <ele>0</ele>
        <time>2026-07-10T01:53:02.000Z</time>
        <extensions>
          <ns3:TrackPointExtension>
            <ns3:hr>126</ns3:hr>
            <ns3:cad>60</ns3:cad>
          </ns3:TrackPointExtension>
        </extensions>
      </trkpt>
      <trkpt lat="13.05445971898734569549560546875" lon="80.2832671813666820526123046875">
        <ele>0</ele>
        <time>2026-07-10T01:53:15.000Z</time>
        <extensions>
          <ns3:TrackPointExtension>
            <ns3:hr>123</ns3:hr>
            <ns3:cad>60</ns3:cad>
          </ns3:TrackPointExtension>
        </extensions>
      </trkpt>
      <trkpt lat="13.0544998683035373687744140625" lon="80.28326542116701602935791015625">
        <ele>0</ele>
        <time>2026-07-10T01:53:19.000Z</time>
        <extensions>
          <ns3:TrackPointExtension>
            <ns3:hr>123</ns3:hr>
            <ns3:cad>60</ns3:cad>
          </ns3:TrackPointExtension>
        </extensions>
      </trkpt>
      <trkpt lat="13.0545226670801639556884765625" lon="80.28327279724180698394775390625">
        <ele>0</ele>
        <time>2026-07-10T01:53:21.000Z</time>
        <extensions>
          <ns3:TrackPointExtension>
            <ns3:hr>120</ns3:hr>
            <ns3:cad>60</ns3:cad>
          </ns3:TrackPointExtension>
        </extensions>
      </trkpt>
      <trkpt lat="13.05467932485044002532958984375" lon="80.2832862921059131622314453125">
        <ele>0</ele>
        <time>2026-07-10T01:53:34.000Z</time>
        <extensions>
          <ns3:TrackPointExtension>
            <ns3:hr>123</ns3:hr>
            <ns3:cad>60</ns3:cad>
          </ns3:TrackPointExtension>
        </extensions>
      </trkpt>
      <trkpt lat="13.05484897457063198089599609375" lon="80.2832993678748607635498046875">
        <ele>0</ele>
        <time>2026-07-10T01:53:46.000Z</time>
        <extensions>
          <ns3:TrackPointExtension>
            <ns3:hr>128</ns3:hr>
            <ns3:cad>125</ns3:cad>
          </ns3:TrackPointExtension>
        </extensions>
      </trkpt>
      <trkpt lat="13.0550061352550983428955078125" lon="80.28332241810858249664306640625">
        <ele>0</ele>
        <time>2026-07-10T01:53:54.000Z</time>
        <extensions>
          <ns3:TrackPointExtension>
            <ns3:hr>124</ns3:hr>
            <ns3:cad>86</ns3:cad>
          </ns3:TrackPointExtension>
        </extensions>
      </trkpt>
      <trkpt lat="13.055047877132892608642578125" lon="80.28333348222076892852783203125">
        <ele>0</ele>
        <time>2026-07-10T01:53:55.000Z</time>
        <extensions>
          <ns3:TrackPointExtension>
            <ns3:hr>132</ns3:hr>
            <ns3:cad>85</ns3:cad>
          </ns3:TrackPointExtension>
        </extensions>
      </trkpt>
      <trkpt lat="13.0550691671669483184814453125" lon="80.28333842754364013671875">
        <ele>0</ele>
        <time>2026-07-10T01:53:57.000Z</time>
        <extensions>
          <ns3:TrackPointExtension>
            <ns3:hr>139</ns3:hr>
            <ns3:cad>85</ns3:cad>
          </ns3:TrackPointExtension>
        </extensions>
      </trkpt>
      <trkpt lat="13.05508911609649658203125" lon="80.28334387578070163726806640625">
        <ele>0</ele>
        <time>2026-07-10T01:53:58.000Z</time>
        <extensions>
          <ns3:TrackPointExtension>
            <ns3:hr>142</ns3:hr>
            <ns3:cad>85</ns3:cad>
          </ns3:TrackPointExtension>
        </extensions>
      </trkpt>
      <trkpt lat="13.05515441112220287322998046875" lon="80.2833536826074123382568359375">
        <ele>0</ele>
        <time>2026-07-10T01:54:01.000Z</time>
        <extensions>
          <ns3:TrackPointExtension>
            <ns3:hr>146</ns3:hr>
            <ns3:cad>85</ns3:cad>
          </ns3:TrackPointExtension>
        </extensions>
      </trkpt>
      <trkpt lat="13.05519799701869487762451171875" lon="80.283356867730617523193359375">
        <ele>0</ele>
        <time>2026-07-10T01:54:03.000Z</time>
        <extensions>
          <ns3:TrackPointExtension>
            <ns3:hr>154</ns3:hr>
            <ns3:cad>86</ns3:cad>
          </ns3:TrackPointExtension>
        </extensions>
      </trkpt>
      <trkpt lat="13.05521962232887744903564453125" lon="80.2833577059209346771240234375">
        <ele>0</ele>
        <time>2026-07-10T01:54:04.000Z</time>
        <extensions>
          <ns3:TrackPointExtension>
            <ns3:hr>158</ns3:hr>
            <ns3:cad>86</ns3:cad>
          </ns3:TrackPointExtension>
        </extensions>
      </trkpt>
      <trkpt lat="13.05524057708680629730224609375" lon="80.2833567000925540924072265625">
        <ele>0</ele>
        <time>2026-07-10T01:54:05.000Z</time>
        <extensions>
          <ns3:TrackPointExtension>
            <ns3:hr>158</ns3:hr>
            <ns3:cad>87</ns3:cad>
          </ns3:TrackPointExtension>
        </extensions>
      </trkpt>
      <trkpt lat="13.05528382770717144012451171875" lon="80.28335728682577610015869140625">
        <ele>0</ele>
        <time>2026-07-10T01:54:06.000Z</time>
        <extensions>
          <ns3:TrackPointExtension>
            <ns3:hr>152</ns3:hr>
            <ns3:cad>87</ns3:cad>
          </ns3:TrackPointExtension>
        </extensions>
      </trkpt>
      <trkpt lat="13.05528382770717144012451171875" lon="80.28335728682577610015869140625">
        <ele>0</ele>
        <time>2026-07-10T01:54:07.000Z</time>
        <extensions>
          <ns3:TrackPointExtension>
            <ns3:hr>153</ns3:hr>
            <ns3:cad>87</ns3:cad>
          </ns3:TrackPointExtension>
        </extensions>
      </trkpt>
      <trkpt lat="13.055349625647068023681640625" lon="80.28336047194898128509521484375">
        <ele>0</ele>
        <time>2026-07-10T01:54:10.000Z</time>
        <extensions>
          <ns3:TrackPointExtension>
            <ns3:hr>159</ns3:hr>
            <ns3:cad>84</ns3:cad>
          </ns3:TrackPointExtension>
        </extensions>
      </trkpt>
      <trkpt lat="13.0554074607789516448974609375" lon="80.28337262570858001708984375">
        <ele>0</ele>
        <time>2026-07-10T01:54:13.000Z</time>
        <extensions>
          <ns3:TrackPointExtension>
            <ns3:hr>156</ns3:hr>
            <ns3:cad>87</ns3:cad>
          </ns3:TrackPointExtension>
        </extensions>
      </trkpt>
      <trkpt lat="13.05550779215991497039794921875" lon="80.283378660678863525390625">
        <ele>0</ele>
        <time>2026-07-10T01:54:18.000Z</time>
        <extensions>
          <ns3:TrackPointExtension>
            <ns3:hr>160</ns3:hr>
            <ns3:cad>84</ns3:cad>
          </ns3:TrackPointExtension>
        </extensions>
      </trkpt>
      <trkpt lat="13.05568381212651729583740234375" lon="80.28339617885649204254150390625">
        <ele>0</ele>
        <time>2026-07-10T01:54:27.000Z</time>
        <extensions>
          <ns3:TrackPointExtension>
            <ns3:hr>163</ns3:hr>
            <ns3:cad>83</ns3:cad>
          </ns3:TrackPointExtension>
        </extensions>
      </trkpt>
      <trkpt lat="13.05586754344403743743896484375" lon="80.28342987410724163055419921875">
        <ele>0</ele>
        <time>2026-07-10T01:54:36.000Z</time>
        <extensions>
          <ns3:TrackPointExtension>
            <ns3:hr>163</ns3:hr>
            <ns3:cad>84</ns3:cad>
          </ns3:TrackPointExtension>
        </extensions>
      </trkpt>
      <trkpt lat="13.0559472553431987762451171875" lon="80.28344546444714069366455078125">
        <ele>0</ele>
        <time>2026-07-10T01:54:40.000Z</time>
        <extensions>
          <ns3:TrackPointExtension>
            <ns3:hr>160</ns3:hr>
            <ns3:cad>84</ns3:cad>
          </ns3:TrackPointExtension>
        </extensions>
      </trkpt>
      <trkpt lat="13.0560506880283355712890625" lon="80.28346273116767406463623046875">
        <ele>0</ele>
        <time>2026-07-10T01:54:45.000Z</time>
        <extensions>
          <ns3:TrackPointExtension>
            <ns3:hr>157</ns3:hr>
            <ns3:cad>84</ns3:cad>
          </ns3:TrackPointExtension>
        </extensions>
      </trkpt>
      <trkpt lat="13.056115396320819854736328125" lon="80.28347379527986049652099609375">
        <ele>0</ele>
        <time>2026-07-10T01:54:48.000Z</time>
        <extensions>
          <ns3:TrackPointExtension>
            <ns3:hr>162</ns3:hr>
            <ns3:cad>85</ns3:cad>
          </ns3:TrackPointExtension>
        </extensions>
      </trkpt>
      <trkpt lat="13.0561584793031215667724609375" lon="80.28348125517368316650390625">
        <ele>0</ele>
        <time>2026-07-10T01:54:49.000Z</time>
        <extensions>
          <ns3:TrackPointExtension>
            <ns3:hr>165</ns3:hr>
            <ns3:cad>85</ns3:cad>
          </ns3:TrackPointExtension>
        </extensions>
      </trkpt>
      <trkpt lat="13.0561584793031215667724609375" lon="80.28348125517368316650390625">
        <ele>0</ele>
        <time>2026-07-10T01:54:50.000Z</time>
        <extensions>
          <ns3:TrackPointExtension>
            <ns3:hr>165</ns3:hr>
            <ns3:cad>85</ns3:cad>
          </ns3:TrackPointExtension>
        </extensions>
      </trkpt>
      <trkpt lat="13.05621975101530551910400390625" lon="80.28348837979137897491455078125">
        <ele>0</ele>
        <time>2026-07-10T01:54:53.000Z</time>
        <extensions>
          <ns3:TrackPointExtension>
            <ns3:hr>161</ns3:hr>
            <ns3:cad>86</ns3:cad>
          </ns3:TrackPointExtension>
        </extensions>
      </trkpt>
      <trkpt lat="13.05625797249376773834228515625" lon="80.28349994681775569915771484375">
        <ele>0</ele>
        <time>2026-07-10T01:54:55.000Z</time>
        <extensions>
          <ns3:TrackPointExtension>
            <ns3:hr>164</ns3:hr>
            <ns3:cad>85</ns3:cad>
          </ns3:TrackPointExtension>
        </extensions>
      </trkpt>
      <trkpt lat="13.0564374290406703948974609375" lon="80.283528864383697509765625">
        <ele>0</ele>
        <time>2026-07-10T01:55:04.000Z</time>
        <extensions>
          <ns3:TrackPointExtension>
            <ns3:hr>162</ns3:hr>
            <ns3:cad>83</ns3:cad>
          </ns3:TrackPointExtension>
        </extensions>
      </trkpt>
      <trkpt lat="13.056629709899425506591796875" lon="80.2835501544177532196044921875">
        <ele>0</ele>
        <time>2026-07-10T01:55:13.000Z</time>
        <extensions>
          <ns3:TrackPointExtension>
            <ns3:hr>163</ns3:hr>
            <ns3:cad>84</ns3:cad>
          </ns3:TrackPointExtension>
        </extensions>
      </trkpt>
      <trkpt lat="13.05682341568171977996826171875" lon="80.28359868563711643218994140625">
        <ele>0</ele>
        <time>2026-07-10T01:55:23.000Z</time>
        <extensions>
          <ns3:TrackPointExtension>
            <ns3:hr>162</ns3:hr>
            <ns3:cad>81</ns3:cad>
          </ns3:TrackPointExtension>
        </extensions>
      </trkpt>
      <trkpt lat="13.05700362659990787506103515625" lon="80.283630788326263427734375">
        <ele>0</ele>
        <time>2026-07-10T01:55:33.000Z</time>
        <extensions>
          <ns3:TrackPointExtension>
            <ns3:hr>163</ns3:hr>
            <ns3:cad>80</ns3:cad>
          </ns3:TrackPointExtension>
        </extensions>
      </trkpt>
      <trkpt lat="13.05719523690640926361083984375" lon="80.2836497314274311065673828125">
        <ele>0</ele>
        <time>2026-07-10T01:55:44.000Z</time>
        <extensions>
          <ns3:TrackPointExtension>
            <ns3:hr>162</ns3:hr>
            <ns3:cad>81</ns3:cad>
          </ns3:TrackPointExtension>
        </extensions>
      </trkpt>
      <trkpt lat="13.057364635169506072998046875" lon="80.28362835757434368133544921875">
        <ele>0</ele>
        <time>2026-07-10T01:55:55.000Z</time>
        <extensions>
          <ns3:TrackPointExtension>
            <ns3:hr>164</ns3:hr>
            <ns3:cad>81</ns3:cad>
          </ns3:TrackPointExtension>
        </extensions>
      </trkpt>
      <trkpt lat="13.0574668943881988525390625" lon="80.2836420200765132904052734375">
        <ele>0</ele>
        <time>2026-07-10T01:56:02.000Z</time>
        <extensions>
          <ns3:TrackPointExtension>
            <ns3:hr>161</ns3:hr>
            <ns3:cad>80</ns3:cad>
          </ns3:TrackPointExtension>
        </extensions>
      </trkpt>
      <trkpt lat="13.0575277470052242279052734375" lon="80.28364889323711395263671875">
        <ele>0</ele>
        <time>2026-07-10T01:56:07.000Z</time>
        <extensions>
          <ns3:TrackPointExtension>
            <ns3:hr>159</ns3:hr>
            <ns3:cad>61</ns3:cad>
          </ns3:TrackPointExtension>
        </extensions>
      </trkpt>
      <trkpt lat="13.05754861794412136077880859375" lon="80.28365157544612884521484375">
        <ele>0</ele>
        <time>2026-07-10T01:56:10.000Z</time>
        <extensions>
          <ns3:TrackPointExtension>
            <ns3:hr>158</ns3:hr>
            <ns3:cad>60</ns3:cad>
          </ns3:TrackPointExtension>
        </extensions>
      </trkpt>
      <trkpt lat="13.0575797148048877716064453125" lon="80.28365685604512691497802734375">
        <ele>0</ele>
        <time>2026-07-10T01:56:14.000Z</time>
        <extensions>
          <ns3:TrackPointExtension>
            <ns3:hr>161</ns3:hr>
            <ns3:cad>60</ns3:cad>
          </ns3:TrackPointExtension>
        </extensions>
      </trkpt>
      <trkpt lat="13.05776403285562992095947265625" lon="80.28365165926516056060791015625">
        <ele>0</ele>
        <time>2026-07-10T01:56:24.000Z</time>
        <extensions>
          <ns3:TrackPointExtension>
            <ns3:hr>162</ns3:hr>
            <ns3:cad>84</ns3:cad>
          </ns3:TrackPointExtension>
        </extensions>
      </trkpt>
      <trkpt lat="13.05794809944927692413330078125" lon="80.2836426906287670135498046875">
        <ele>0</ele>
        <time>2026-07-10T01:56:33.000Z</time>
        <extensions>
          <ns3:TrackPointExtension>
            <ns3:hr>161</ns3:hr>
            <ns3:cad>85</ns3:cad>
          </ns3:TrackPointExtension>
        </extensions>
      </trkpt>
      <trkpt lat="13.05808036588132381439208984375" lon="80.283684767782688140869140625">
        <ele>0</ele>
        <time>2026-07-10T01:56:39.000Z</time>
        <extensions>
          <ns3:TrackPointExtension>
            <ns3:hr>158</ns3:hr>
            <ns3:cad>85</ns3:cad>
          </ns3:TrackPointExtension>
        </extensions>
      </trkpt>
      <trkpt lat="13.05826979689300060272216796875" lon="80.28373346664011478424072265625">
        <ele>0</ele>
        <time>2026-07-10T01:56:47.000Z</time>
        <extensions>
          <ns3:TrackPointExtension>
            <ns3:hr>159</ns3:hr>
            <ns3:cad>87</ns3:cad>
          </ns3:TrackPointExtension>
        </extensions>
      </trkpt>
      <trkpt lat="13.058341629803180694580078125" lon="80.28375375084578990936279296875">
        <ele>0</ele>
        <time>2026-07-10T01:56:51.000Z</time>
        <extensions>
          <ns3:TrackPointExtension>
            <ns3:hr>162</ns3:hr>
            <ns3:cad>84</ns3:cad>
          </ns3:TrackPointExtension>
        </extensions>
      </trkpt>
      <trkpt lat="13.05837775580585002899169921875" lon="80.2837503142654895782470703125">
        <ele>0</ele>
        <time>2026-07-10T01:56:54.000Z</time>
        <extensions>
          <ns3:TrackPointExtension>
            <ns3:hr>162</ns3:hr>
            <ns3:cad>84</ns3:cad>
          </ns3:TrackPointExtension>
        </extensions>
      </trkpt>
      <trkpt lat="13.05855914019048213958740234375" lon="80.28378409333527088165283203125">
        <ele>1.2000000476837158203125</ele>
        <time>2026-07-10T01:57:05.000Z</time>
        <extensions>
          <ns3:TrackPointExtension>
            <ns3:hr>160</ns3:hr>
            <ns3:cad>79</ns3:cad>
          </ns3:TrackPointExtension>
        </extensions>
      </trkpt>
      <trkpt lat="13.058617897331714630126953125" lon="80.28378778137266635894775390625">
        <ele>1</ele>
        <time>2026-07-10T01:57:12.000Z</time>
        <extensions>
          <ns3:TrackPointExtension>
            <ns3:hr>161</ns3:hr>
            <ns3:cad>60</ns3:cad>
          </ns3:TrackPointExtension>
        </extensions>
      </trkpt>
      <trkpt lat="13.05860473774373531341552734375" lon="80.28379364870488643646240234375">
        <ele>0.800000011920928955078125</ele>
        <time>2026-07-10T01:57:25.000Z</time>
        <extensions>
          <ns3:TrackPointExtension>
            <ns3:hr>165</ns3:hr>
            <ns3:cad>0</ns3:cad>
          </ns3:TrackPointExtension>
        </extensions>
      </trkpt>
      <trkpt lat="13.0586043186485767364501953125" lon="80.28379105031490325927734375">
        <ele>1</ele>
        <time>2026-07-10T01:57:33.000Z</time>
        <extensions>
          <ns3:TrackPointExtension>
            <ns3:hr>162</ns3:hr>
            <ns3:cad>0</ns3:cad>
          </ns3:TrackPointExtension>
        </extensions>
      </trkpt>
      <trkpt lat="13.058605492115020751953125" lon="80.28379046358168125152587890625">
        <ele>1</ele>
        <time>2026-07-10T01:57:35.000Z</time>
        <extensions>
          <ns3:TrackPointExtension>
            <ns3:hr>159</ns3:hr>
            <ns3:cad>0</ns3:cad>
          </ns3:TrackPointExtension>
        </extensions>
      </trkpt>
      <trkpt lat="13.058605827391147613525390625" lon="80.2837902121245861053466796875">
        <ele>1</ele>
        <time>2026-07-10T01:57:37.000Z</time>
        <extensions>
          <ns3:TrackPointExtension>
            <ns3:hr>156</ns3:hr>
            <ns3:cad>0</ns3:cad>
          </ns3:TrackPointExtension>
        </extensions>
      </trkpt>
      <trkpt lat="13.05860624648630619049072265625" lon="80.28378979302942752838134765625">
        <ele>1</ele>
        <time>2026-07-10T01:57:40.000Z</time>
        <extensions>
          <ns3:TrackPointExtension>
            <ns3:hr>152</ns3:hr>
            <ns3:cad>0</ns3:cad>
          </ns3:TrackPointExtension>
        </extensions>
      </trkpt>
      <trkpt lat="13.0586066655814647674560546875" lon="80.28379012830555438995361328125">
        <ele>1</ele>
        <time>2026-07-10T01:57:46.000Z</time>
        <extensions>
          <ns3:TrackPointExtension>
            <ns3:hr>149</ns3:hr>
            <ns3:cad>0</ns3:cad>
          </ns3:TrackPointExtension>
        </extensions>
      </trkpt>
      <trkpt lat="13.0586070008575916290283203125" lon="80.2837908826768398284912109375">
        <ele>1</ele>
        <time>2026-07-10T01:57:48.000Z</time>
        <extensions>
          <ns3:TrackPointExtension>
            <ns3:hr>143</ns3:hr>
            <ns3:cad>0</ns3:cad>
          </ns3:TrackPointExtension>
        </extensions>
      </trkpt>
      <trkpt lat="13.0586066655814647674560546875" lon="80.28379163704812526702880859375">
        <ele>1</ele>
        <time>2026-07-10T01:57:49.000Z</time>
        <extensions>
          <ns3:TrackPointExtension>
            <ns3:hr>143</ns3:hr>
            <ns3:cad>0</ns3:cad>
          </ns3:TrackPointExtension>
        </extensions>
      </trkpt>
      <trkpt lat="13.0586076714098453521728515625" lon="80.28379105031490325927734375">
        <ele>1</ele>
        <time>2026-07-10T01:57:55.000Z</time>
        <extensions>
          <ns3:TrackPointExtension>
            <ns3:hr>140</ns3:hr>
            <ns3:cad>0</ns3:cad>
          </ns3:TrackPointExtension>
        </extensions>
      </trkpt>
      <trkpt lat="13.05860825814306735992431640625" lon="80.2837912179529666900634765625">
        <ele>1</ele>
        <time>2026-07-10T01:57:59.000Z</time>
        <extensions>
          <ns3:TrackPointExtension>
            <ns3:hr>136</ns3:hr>
            <ns3:cad>0</ns3:cad>
          </ns3:TrackPointExtension>
        </extensions>
      </trkpt>
      <trkpt lat="13.05861689150333404541015625" lon="80.28379465453326702117919921875">
        <ele>0.800000011920928955078125</ele>
        <time>2026-07-10T01:58:08.000Z</time>
        <extensions>
          <ns3:TrackPointExtension>
            <ns3:hr>133</ns3:hr>
            <ns3:cad>0</ns3:cad>
          </ns3:TrackPointExtension>
        </extensions>
      </trkpt>
      <trkpt lat="13.05861077271401882171630859375" lon="80.28378929011523723602294921875">
        <ele>1</ele>
        <time>2026-07-10T01:58:12.000Z</time>
        <extensions>
          <ns3:TrackPointExtension>
            <ns3:hr>130</ns3:hr>
            <ns3:cad>0</ns3:cad>
          </ns3:TrackPointExtension>
        </extensions>
      </trkpt>
      <trkpt lat="13.05859266780316829681396484375" lon="80.2838740311563014984130859375">
        <ele>0</ele>
        <time>2026-07-10T01:58:32.000Z</time>
        <extensions>
          <ns3:TrackPointExtension>
            <ns3:hr>123</ns3:hr>
            <ns3:cad>60</ns3:cad>
          </ns3:TrackPointExtension>
        </extensions>
      </trkpt>
      <trkpt lat="13.05858545936644077301025390625" lon="80.28388216160237789154052734375">
        <ele>0</ele>
        <time>2026-07-10T01:58:33.000Z</time>
        <extensions>
          <ns3:TrackPointExtension>
            <ns3:hr>126</ns3:hr>
            <ns3:cad>60</ns3:cad>
          </ns3:TrackPointExtension>
        </extensions>
      </trkpt>
      <trkpt lat="13.0585821904242038726806640625" lon="80.2838894538581371307373046875">
        <ele>0</ele>
        <time>2026-07-10T01:58:34.000Z</time>
        <extensions>
          <ns3:TrackPointExtension>
            <ns3:hr>126</ns3:hr>
            <ns3:cad>60</ns3:cad>
          </ns3:TrackPointExtension>
        </extensions>
      </trkpt>
      <trkpt lat="13.0585523508489131927490234375" lon="80.28393111191689968109130859375">
        <ele>0</ele>
        <time>2026-07-10T01:58:38.000Z</time>
        <extensions>
          <ns3:TrackPointExtension>
            <ns3:hr>123</ns3:hr>
            <ns3:cad>60</ns3:cad>
          </ns3:TrackPointExtension>
        </extensions>
      </trkpt>
      <trkpt lat="13.05854120291769504547119140625" lon="80.283952318131923675537109375">
        <ele>0</ele>
        <time>2026-07-10T01:58:40.000Z</time>
        <extensions>
          <ns3:TrackPointExtension>
            <ns3:hr>126</ns3:hr>
            <ns3:cad>60</ns3:cad>
          </ns3:TrackPointExtension>
        </extensions>
      </trkpt>
      <trkpt lat="13.058536760509014129638671875" lon="80.2839635498821735382080078125">
        <ele>0</ele>
        <time>2026-07-10T01:58:41.000Z</time>
        <extensions>
          <ns3:TrackPointExtension>
            <ns3:hr>129</ns3:hr>
            <ns3:cad>60</ns3:cad>
          </ns3:TrackPointExtension>
        </extensions>
      </trkpt>
      <trkpt lat="13.05853181518614292144775390625" lon="80.28397385962307453155517578125">
        <ele>0</ele>
        <time>2026-07-10T01:58:42.000Z</time>
        <extensions>
          <ns3:TrackPointExtension>
            <ns3:hr>129</ns3:hr>
            <ns3:cad>60</ns3:cad>
          </ns3:TrackPointExtension>
        </extensions>
      </trkpt>
      <trkpt lat="13.05852058343589305877685546875" lon="80.283992551267147064208984375">
        <ele>0</ele>
        <time>2026-07-10T01:58:43.000Z</time>
        <extensions>
          <ns3:TrackPointExtension>
            <ns3:hr>126</ns3:hr>
            <ns3:cad>60</ns3:cad>
          </ns3:TrackPointExtension>
        </extensions>
      </trkpt>
      <trkpt lat="13.05848102085292339324951171875" lon="80.28415306471288204193115234375">
        <ele>0</ele>
        <time>2026-07-10T01:58:57.000Z</time>
        <extensions>
          <ns3:TrackPointExtension>
            <ns3:hr>129</ns3:hr>
            <ns3:cad>56</ns3:cad>
          </ns3:TrackPointExtension>
        </extensions>
      </trkpt>
      <trkpt lat="13.05847364477813243865966796875" lon="80.28420679271221160888671875">
        <ele>0</ele>
        <time>2026-07-10T01:58:59.000Z</time>
        <extensions>
          <ns3:TrackPointExtension>
            <ns3:hr>133</ns3:hr>
            <ns3:cad>56</ns3:cad>
          </ns3:TrackPointExtension>
        </extensions>
      </trkpt>
      <trkpt lat="13.05848688818514347076416015625" lon="80.28421307913959026336669921875">
        <ele>0</ele>
        <time>2026-07-10T01:59:00.000Z</time>
        <extensions>
          <ns3:TrackPointExtension>
            <ns3:hr>131</ns3:hr>
            <ns3:cad>56</ns3:cad>
          </ns3:TrackPointExtension>
        </extensions>
      </trkpt>
      <trkpt lat="13.05850021541118621826171875" lon="80.284201763570308685302734375">
        <ele>0</ele>
        <time>2026-07-10T01:59:03.000Z</time>
        <extensions>
          <ns3:TrackPointExtension>
            <ns3:hr>128</ns3:hr>
            <ns3:cad>56</ns3:cad>
          </ns3:TrackPointExtension>
        </extensions>
      </trkpt>
      <trkpt lat="13.058503568172454833984375" lon="80.28419463895261287689208984375">
        <ele>0</ele>
        <time>2026-07-10T01:59:05.000Z</time>
        <extensions>
          <ns3:TrackPointExtension>
            <ns3:hr>127</ns3:hr>
            <ns3:cad>56</ns3:cad>
          </ns3:TrackPointExtension>
        </extensions>
      </trkpt>
      <trkpt lat="13.05850666947662830352783203125" lon="80.28418441303074359893798828125">
        <ele>0</ele>
        <time>2026-07-10T01:59:07.000Z</time>
        <extensions>
          <ns3:TrackPointExtension>
            <ns3:hr>122</ns3:hr>
            <ns3:cad>59</ns3:cad>
          </ns3:TrackPointExtension>
        </extensions>
      </trkpt>
      <trkpt lat="13.0585084296762943267822265625" lon="80.28418055735528469085693359375">
        <ele>0</ele>
        <time>2026-07-10T01:59:08.000Z</time>
        <extensions>
          <ns3:TrackPointExtension>
            <ns3:hr>122</ns3:hr>
            <ns3:cad>59</ns3:cad>
          </ns3:TrackPointExtension>
        </extensions>
      </trkpt>
      <trkpt lat="13.05850650183856487274169921875" lon="80.28417385183274745941162109375">
        <ele>0</ele>
        <time>2026-07-10T01:59:09.000Z</time>
        <extensions>
          <ns3:TrackPointExtension>
            <ns3:hr>125</ns3:hr>
            <ns3:cad>0</ns3:cad>
          </ns3:TrackPointExtension>
        </extensions>
      </trkpt>
      <trkpt lat="13.05850449018180370330810546875" lon="80.28416521847248077392578125">
        <ele>0</ele>
        <time>2026-07-10T01:59:10.000Z</time>
        <extensions>
          <ns3:TrackPointExtension>
            <ns3:hr>131</ns3:hr>
            <ns3:cad>0</ns3:cad>
          </ns3:TrackPointExtension>
        </extensions>
      </trkpt>
      <trkpt lat="13.05850449018180370330810546875" lon="80.28416521847248077392578125">
        <ele>0</ele>
        <time>2026-07-10T01:59:11.000Z</time>
        <extensions>
          <ns3:TrackPointExtension>
            <ns3:hr>131</ns3:hr>
            <ns3:cad>0</ns3:cad>
          </ns3:TrackPointExtension>
        </extensions>
      </trkpt>
      <trkpt lat="13.05850432254374027252197265625" lon="80.28415876440703868865966796875">
        <ele>0</ele>
        <time>2026-07-10T01:59:12.000Z</time>
        <extensions>
          <ns3:TrackPointExtension>
            <ns3:hr>135</ns3:hr>
            <ns3:cad>0</ns3:cad>
          </ns3:TrackPointExtension>
        </extensions>
      </trkpt>
      <trkpt lat="13.0585044063627719879150390625" lon="80.28415256179869174957275390625">
        <ele>0</ele>
        <time>2026-07-10T01:59:13.000Z</time>
        <extensions>
          <ns3:TrackPointExtension>
            <ns3:hr>140</ns3:hr>
            <ns3:cad>0</ns3:cad>
          </ns3:TrackPointExtension>
        </extensions>
      </trkpt>
      <trkpt lat="13.0585050769150257110595703125" lon="80.28414904139935970306396484375">
        <ele>0</ele>
        <time>2026-07-10T01:59:14.000Z</time>
        <extensions>
          <ns3:TrackPointExtension>
            <ns3:hr>144</ns3:hr>
            <ns3:cad>0</ns3:cad>
          </ns3:TrackPointExtension>
        </extensions>
      </trkpt>
      <trkpt lat="13.0585075914859771728515625" lon="80.2841499634087085723876953125">
        <ele>0</ele>
        <time>2026-07-10T01:59:16.000Z</time>
        <extensions>
          <ns3:TrackPointExtension>
            <ns3:hr>148</ns3:hr>
            <ns3:cad>0</ns3:cad>
          </ns3:TrackPointExtension>
        </extensions>
      </trkpt>
      <trkpt lat="13.058508932590484619140625" lon="80.2841489575803279876708984375">
        <ele>0</ele>
        <time>2026-07-10T01:59:17.000Z</time>
        <extensions>
          <ns3:TrackPointExtension>
            <ns3:hr>151</ns3:hr>
            <ns3:cad>0</ns3:cad>
          </ns3:TrackPointExtension>
        </extensions>
      </trkpt>
      <trkpt lat="13.05850985459983348846435546875" lon="80.28414770029485225677490234375">
        <ele>0</ele>
        <time>2026-07-10T01:59:18.000Z</time>
        <extensions>
          <ns3:TrackPointExtension>
            <ns3:hr>151</ns3:hr>
            <ns3:cad>0</ns3:cad>
          </ns3:TrackPointExtension>
        </extensions>
      </trkpt>
      <trkpt lat="13.0585124529898166656494140625" lon="80.28414803557097911834716796875">
        <ele>0</ele>
        <time>2026-07-10T01:59:22.000Z</time>
        <extensions>
          <ns3:TrackPointExtension>
            <ns3:hr>148</ns3:hr>
            <ns3:cad>0</ns3:cad>
          </ns3:TrackPointExtension>
        </extensions>
      </trkpt>
      <trkpt lat="13.05852008052170276641845703125" lon="80.28414585627615451812744140625">
        <ele>0</ele>
        <time>2026-07-10T01:59:27.000Z</time>
        <extensions>
          <ns3:TrackPointExtension>
            <ns3:hr>153</ns3:hr>
            <ns3:cad>0</ns3:cad>
          </ns3:TrackPointExtension>
        </extensions>
      </trkpt>
      <trkpt lat="13.0585218407213687896728515625" lon="80.28414485044777393341064453125">
        <ele>0</ele>
        <time>2026-07-10T01:59:28.000Z</time>
        <extensions>
          <ns3:TrackPointExtension>
            <ns3:hr>153</ns3:hr>
            <ns3:cad>0</ns3:cad>
          </ns3:TrackPointExtension>
        </extensions>
      </trkpt>
      <trkpt lat="13.0585235171020030975341796875" lon="80.284144766628742218017578125">
        <ele>0</ele>
        <time>2026-07-10T01:59:31.000Z</time>
        <extensions>
          <ns3:TrackPointExtension>
            <ns3:hr>148</ns3:hr>
            <ns3:cad>0</ns3:cad>
          </ns3:TrackPointExtension>
        </extensions>
      </trkpt>
      <trkpt lat="13.05852427147328853607177734375" lon="80.28414468280971050262451171875">
        <ele>0</ele>
        <time>2026-07-10T01:59:33.000Z</time>
        <extensions>
          <ns3:TrackPointExtension>
            <ns3:hr>142</ns3:hr>
            <ns3:cad>0</ns3:cad>
          </ns3:TrackPointExtension>
        </extensions>
      </trkpt>
      <trkpt lat="13.05852460674941539764404296875" lon="80.2841444313526153564453125">
        <ele>0</ele>
        <time>2026-07-10T01:59:34.000Z</time>
        <extensions>
          <ns3:TrackPointExtension>
            <ns3:hr>142</ns3:hr>
            <ns3:cad>0</ns3:cad>
          </ns3:TrackPointExtension>
        </extensions>
      </trkpt>
      <trkpt lat="13.05872040800750255584716796875" lon="80.28418391011655330657958984375">
        <ele>0</ele>
        <time>2026-07-10T01:59:50.000Z</time>
        <extensions>
          <ns3:TrackPointExtension>
            <ns3:hr>143</ns3:hr>
            <ns3:cad>92</ns3:cad>
          </ns3:TrackPointExtension>
        </extensions>
      </trkpt>
      <trkpt lat="13.05892936885356903076171875" lon="80.2842210419476032257080078125">
        <ele>0</ele>
        <time>2026-07-10T01:59:57.000Z</time>
        <extensions>
          <ns3:TrackPointExtension>
            <ns3:hr>148</ns3:hr>
            <ns3:cad>93</ns3:cad>
          </ns3:TrackPointExtension>
        </extensions>
      </trkpt>
      <trkpt lat="13.05898896418511867523193359375" lon="80.28423286043107509613037109375">
        <ele>0</ele>
        <time>2026-07-10T01:59:58.000Z</time>
        <extensions>
          <ns3:TrackPointExtension>
            <ns3:hr>151</ns3:hr>
            <ns3:cad>94</ns3:cad>
          </ns3:TrackPointExtension>
        </extensions>
      </trkpt>
      <trkpt lat="13.05901897139847278594970703125" lon="80.28423822484910488128662109375">
        <ele>0</ele>
        <time>2026-07-10T02:00:00.000Z</time>
        <extensions>
          <ns3:TrackPointExtension>
            <ns3:hr>154</ns3:hr>
            <ns3:cad>96</ns3:cad>
          </ns3:TrackPointExtension>
        </extensions>
      </trkpt>
      <trkpt lat="13.05908049456775188446044921875" lon="80.284251384437084197998046875">
        <ele>0</ele>
        <time>2026-07-10T02:00:01.000Z</time>
        <extensions>
          <ns3:TrackPointExtension>
            <ns3:hr>160</ns3:hr>
            <ns3:cad>94</ns3:cad>
          </ns3:TrackPointExtension>
        </extensions>
      </trkpt>
      <trkpt lat="13.05908049456775188446044921875" lon="80.284251384437084197998046875">
        <ele>0</ele>
        <time>2026-07-10T02:00:02.000Z</time>
        <extensions>
          <ns3:TrackPointExtension>
            <ns3:hr>160</ns3:hr>
            <ns3:cad>94</ns3:cad>
          </ns3:TrackPointExtension>
        </extensions>
      </trkpt>
      <trkpt lat="13.05916464887559413909912109375" lon="80.2842760272324085235595703125">
        <ele>0</ele>
        <time>2026-07-10T02:00:05.000Z</time>
        <extensions>
          <ns3:TrackPointExtension>
            <ns3:hr>165</ns3:hr>
            <ns3:cad>92</ns3:cad>
          </ns3:TrackPointExtension>
        </extensions>
      </trkpt>
      <trkpt lat="13.05924494750797748565673828125" lon="80.2842994965612888336181640625">
        <ele>0</ele>
        <time>2026-07-10T02:00:08.000Z</time>
        <extensions>
          <ns3:TrackPointExtension>
            <ns3:hr>161</ns3:hr>
            <ns3:cad>92</ns3:cad>
          </ns3:TrackPointExtension>
        </extensions>
      </trkpt>
      <trkpt lat="13.0592731945216655731201171875" lon="80.28430603444576263427734375">
        <ele>0</ele>
        <time>2026-07-10T02:00:09.000Z</time>
        <extensions>
          <ns3:TrackPointExtension>
            <ns3:hr>161</ns3:hr>
            <ns3:cad>92</ns3:cad>
          </ns3:TrackPointExtension>
        </extensions>
      </trkpt>
      <trkpt lat="13.05947058834135532379150390625" lon="80.2843616902828216552734375">
        <ele>0</ele>
        <time>2026-07-10T02:00:17.000Z</time>
        <extensions>
          <ns3:TrackPointExtension>
            <ns3:hr>165</ns3:hr>
            <ns3:cad>89</ns3:cad>
          </ns3:TrackPointExtension>
        </extensions>
      </trkpt>
      <trkpt lat="13.0595196224749088287353515625" lon="80.284371413290500640869140625">
        <ele>0</ele>
        <time>2026-07-10T02:00:19.000Z</time>
        <extensions>
          <ns3:TrackPointExtension>
            <ns3:hr>168</ns3:hr>
            <ns3:cad>89</ns3:cad>
          </ns3:TrackPointExtension>
        </extensions>
      </trkpt>
      <trkpt lat="13.059568069875240325927734375" lon="80.2843836508691310882568359375">
        <ele>0</ele>
        <time>2026-07-10T02:00:21.000Z</time>
        <extensions>
          <ns3:TrackPointExtension>
            <ns3:hr>165</ns3:hr>
            <ns3:cad>89</ns3:cad>
          </ns3:TrackPointExtension>
        </extensions>
      </trkpt>
      <trkpt lat="13.05961760692298412322998046875" lon="80.28439697809517383575439453125">
        <ele>0</ele>
        <time>2026-07-10T02:00:22.000Z</time>
        <extensions>
          <ns3:TrackPointExtension>
            <ns3:hr>161</ns3:hr>
            <ns3:cad>89</ns3:cad>
          </ns3:TrackPointExtension>
        </extensions>
      </trkpt>
      <trkpt lat="13.05961760692298412322998046875" lon="80.28439697809517383575439453125">
        <ele>0</ele>
        <time>2026-07-10T02:00:23.000Z</time>
        <extensions>
          <ns3:TrackPointExtension>
            <ns3:hr>161</ns3:hr>
            <ns3:cad>89</ns3:cad>
          </ns3:TrackPointExtension>
        </extensions>
      </trkpt>
      <trkpt lat="13.059666641056537628173828125" lon="80.28441273607313632965087890625">
        <ele>0</ele>
        <time>2026-07-10T02:00:25.000Z</time>
        <extensions>
          <ns3:TrackPointExtension>
            <ns3:hr>164</ns3:hr>
            <ns3:cad>87</ns3:cad>
          </ns3:TrackPointExtension>
        </extensions>
      </trkpt>
      <trkpt lat="13.05979513563215732574462890625" lon="80.2844426594674587249755859375">
        <ele>0</ele>
        <time>2026-07-10T02:00:30.000Z</time>
        <extensions>
          <ns3:TrackPointExtension>
            <ns3:hr>167</ns3:hr>
            <ns3:cad>89</ns3:cad>
          </ns3:TrackPointExtension>
        </extensions>
      </trkpt>
      <trkpt lat="13.05986554361879825592041015625" lon="80.284463949501514434814453125">
        <ele>0</ele>
        <time>2026-07-10T02:00:33.000Z</time>
        <extensions>
          <ns3:TrackPointExtension>
            <ns3:hr>170</ns3:hr>
            <ns3:cad>89</ns3:cad>
          </ns3:TrackPointExtension>
        </extensions>
      </trkpt>
      <trkpt lat="13.06005497463047504425048828125" lon="80.2845199406147003173828125">
        <ele>0</ele>
        <time>2026-07-10T02:00:41.000Z</time>
        <extensions>
          <ns3:TrackPointExtension>
            <ns3:hr>171</ns3:hr>
            <ns3:cad>88</ns3:cad>
          </ns3:TrackPointExtension>
        </extensions>
      </trkpt>
      <trkpt lat="13.06007944978773593902587890625" lon="80.28452932834625244140625">
        <ele>0</ele>
        <time>2026-07-10T02:00:42.000Z</time>
        <extensions>
          <ns3:TrackPointExtension>
            <ns3:hr>174</ns3:hr>
            <ns3:cad>88</ns3:cad>
          </ns3:TrackPointExtension>
        </extensions>
      </trkpt>
      <trkpt lat="13.060104511678218841552734375" lon="80.28453536331653594970703125">
        <ele>0</ele>
        <time>2026-07-10T02:00:43.000Z</time>
        <extensions>
          <ns3:TrackPointExtension>
            <ns3:hr>174</ns3:hr>
            <ns3:cad>88</ns3:cad>
          </ns3:TrackPointExtension>
        </extensions>
      </trkpt>
      <trkpt lat="13.06018154136836528778076171875" lon="80.2845583297312259674072265625">
        <ele>0</ele>
        <time>2026-07-10T02:00:46.000Z</time>
        <extensions>
          <ns3:TrackPointExtension>
            <ns3:hr>171</ns3:hr>
            <ns3:cad>87</ns3:cad>
          </ns3:TrackPointExtension>
        </extensions>
      </trkpt>
      <trkpt lat="13.06037373840808868408203125" lon="80.28460987843573093414306640625">
        <ele>0</ele>
        <time>2026-07-10T02:00:54.000Z</time>
        <extensions>
          <ns3:TrackPointExtension>
            <ns3:hr>171</ns3:hr>
            <ns3:cad>87</ns3:cad>
          </ns3:TrackPointExtension>
        </extensions>
      </trkpt>
      <trkpt lat="13.06055478751659393310546875" lon="80.28464642353355884552001953125">
        <ele>0</ele>
        <time>2026-07-10T02:01:02.000Z</time>
        <extensions>
          <ns3:TrackPointExtension>
            <ns3:hr>170</ns3:hr>
            <ns3:cad>88</ns3:cad>
          </ns3:TrackPointExtension>
        </extensions>
      </trkpt>
      <trkpt lat="13.06073273532092571258544921875" lon="80.28469621203839778900146484375">
        <ele>0</ele>
        <time>2026-07-10T02:01:10.000Z</time>
        <extensions>
          <ns3:TrackPointExtension>
            <ns3:hr>169</ns3:hr>
            <ns3:cad>87</ns3:cad>
          </ns3:TrackPointExtension>
        </extensions>
      </trkpt>
      <trkpt lat="13.06091152131557464599609375" lon="80.2847430668771266937255859375">
        <ele>0</ele>
        <time>2026-07-10T02:01:18.000Z</time>
        <extensions>
          <ns3:TrackPointExtension>
            <ns3:hr>171</ns3:hr>
            <ns3:cad>87</ns3:cad>
          </ns3:TrackPointExtension>
        </extensions>
      </trkpt>
      <trkpt lat="13.0611021257936954498291015625" lon="80.28479042463004589080810546875">
        <ele>0</ele>
        <time>2026-07-10T02:01:26.000Z</time>
        <extensions>
          <ns3:TrackPointExtension>
            <ns3:hr>172</ns3:hr>
            <ns3:cad>88</ns3:cad>
          </ns3:TrackPointExtension>
        </extensions>
      </trkpt>
      <trkpt lat="13.06119675748050212860107421875" lon="80.284823365509510040283203125">
        <ele>0</ele>
        <time>2026-07-10T02:01:30.000Z</time>
        <extensions>
          <ns3:TrackPointExtension>
            <ns3:hr>171</ns3:hr>
            <ns3:cad>88</ns3:cad>
          </ns3:TrackPointExtension>
        </extensions>
      </trkpt>
      <trkpt lat="13.06137495674192905426025390625" lon="80.284869633615016937255859375">
        <ele>0</ele>
        <time>2026-07-10T02:01:38.000Z</time>
        <extensions>
          <ns3:TrackPointExtension>
            <ns3:hr>171</ns3:hr>
            <ns3:cad>87</ns3:cad>
          </ns3:TrackPointExtension>
        </extensions>
      </trkpt>
      <trkpt lat="13.06155365891754627227783203125" lon="80.28491699136793613433837890625">
        <ele>0</ele>
        <time>2026-07-10T02:01:46.000Z</time>
        <extensions>
          <ns3:TrackPointExtension>
            <ns3:hr>171</ns3:hr>
            <ns3:cad>87</ns3:cad>
          </ns3:TrackPointExtension>
        </extensions>
      </trkpt>
      <trkpt lat="13.06174694560468196868896484375" lon="80.2849787659943103790283203125">
        <ele>0</ele>
        <time>2026-07-10T02:01:55.000Z</time>
        <extensions>
          <ns3:TrackPointExtension>
            <ns3:hr>171</ns3:hr>
            <ns3:cad>88</ns3:cad>
          </ns3:TrackPointExtension>
        </extensions>
      </trkpt>
      <trkpt lat="13.0619274079799652099609375" lon="80.285043306648731231689453125">
        <ele>0</ele>
        <time>2026-07-10T02:02:03.000Z</time>
        <extensions>
          <ns3:TrackPointExtension>
            <ns3:hr>170</ns3:hr>
            <ns3:cad>87</ns3:cad>
          </ns3:TrackPointExtension>
        </extensions>
      </trkpt>
      <trkpt lat="13.06210912764072418212890625" lon="80.28510172851383686065673828125">
        <ele>0</ele>
        <time>2026-07-10T02:02:11.000Z</time>
        <extensions>
          <ns3:TrackPointExtension>
            <ns3:hr>171</ns3:hr>
            <ns3:cad>87</ns3:cad>
          </ns3:TrackPointExtension>
        </extensions>
      </trkpt>
      <trkpt lat="13.0622859857976436614990234375" lon="80.2851641736924648284912109375">
        <ele>0</ele>
        <time>2026-07-10T02:02:19.000Z</time>
        <extensions>
          <ns3:TrackPointExtension>
            <ns3:hr>170</ns3:hr>
            <ns3:cad>88</ns3:cad>
          </ns3:TrackPointExtension>
        </extensions>
      </trkpt>
      <trkpt lat="13.06245018728077411651611328125" lon="80.2852535247802734375">
        <ele>0</ele>
        <time>2026-07-10T02:02:27.000Z</time>
        <extensions>
          <ns3:TrackPointExtension>
            <ns3:hr>170</ns3:hr>
            <ns3:cad>88</ns3:cad>
          </ns3:TrackPointExtension>
        </extensions>
      </trkpt>
      <trkpt lat="13.06262436322867870330810546875" lon="80.28533273376524448394775390625">
        <ele>0</ele>
        <time>2026-07-10T02:02:35.000Z</time>
        <extensions>
          <ns3:TrackPointExtension>
            <ns3:hr>167</ns3:hr>
            <ns3:cad>88</ns3:cad>
          </ns3:TrackPointExtension>
        </extensions>
      </trkpt>
      <trkpt lat="13.06281228549778461456298828125" lon="80.28541236184537410736083984375">
        <ele>0</ele>
        <time>2026-07-10T02:02:44.000Z</time>
        <extensions>
          <ns3:TrackPointExtension>
            <ns3:hr>168</ns3:hr>
            <ns3:cad>86</ns3:cad>
          </ns3:TrackPointExtension>
        </extensions>
      </trkpt>
      <trkpt lat="13.06298428215086460113525390625" lon="80.2855135314166545867919921875">
        <ele>0.800000011920928955078125</ele>
        <time>2026-07-10T02:02:53.000Z</time>
        <extensions>
          <ns3:TrackPointExtension>
            <ns3:hr>169</ns3:hr>
            <ns3:cad>86</ns3:cad>
          </ns3:TrackPointExtension>
        </extensions>
      </trkpt>
      <trkpt lat="13.06307698599994182586669921875" lon="80.28556608594954013824462890625">
        <ele>2</ele>
        <time>2026-07-10T02:02:58.000Z</time>
        <extensions>
          <ns3:TrackPointExtension>
            <ns3:hr>170</ns3:hr>
            <ns3:cad>86</ns3:cad>
          </ns3:TrackPointExtension>
        </extensions>
      </trkpt>
      <trkpt lat="13.06312032043933868408203125" lon="80.28560011647641658782958984375">
        <ele>2.599999904632568359375</ele>
        <time>2026-07-10T02:03:03.000Z</time>
        <extensions>
          <ns3:TrackPointExtension>
            <ns3:hr>167</ns3:hr>
            <ns3:cad>0</ns3:cad>
          </ns3:TrackPointExtension>
        </extensions>
      </trkpt>
      <trkpt lat="13.0631111003458499908447265625" lon="80.28560330159962177276611328125">
        <ele>2.599999904632568359375</ele>
        <time>2026-07-10T02:03:04.000Z</time>
        <extensions>
          <ns3:TrackPointExtension>
            <ns3:hr>167</ns3:hr>
            <ns3:cad>0</ns3:cad>
          </ns3:TrackPointExtension>
        </extensions>
      </trkpt>
      <trkpt lat="13.06310020387172698974609375" lon="80.285598523914813995361328125">
        <ele>2.400000095367431640625</ele>
        <time>2026-07-10T02:03:06.000Z</time>
        <extensions>
          <ns3:TrackPointExtension>
            <ns3:hr>167</ns3:hr>
            <ns3:cad>51</ns3:cad>
          </ns3:TrackPointExtension>
        </extensions>
      </trkpt>
      <trkpt lat="13.0630524270236492156982421875" lon="80.285572707653045654296875">
        <ele>1.7999999523162841796875</ele>
        <time>2026-07-10T02:03:13.000Z</time>
        <extensions>
          <ns3:TrackPointExtension>
            <ns3:hr>167</ns3:hr>
            <ns3:cad>53</ns3:cad>
          </ns3:TrackPointExtension>
        </extensions>
      </trkpt>
      <trkpt lat="13.06301378645002841949462890625" lon="80.28557865880429744720458984375">
        <ele>1.2000000476837158203125</ele>
        <time>2026-07-10T02:03:18.000Z</time>
        <extensions>
          <ns3:TrackPointExtension>
            <ns3:hr>170</ns3:hr>
            <ns3:cad>60</ns3:cad>
          </ns3:TrackPointExtension>
        </extensions>
      </trkpt>
      <trkpt lat="13.062971793115139007568359375" lon="80.28558067046105861663818359375">
        <ele>0.60000002384185791015625</ele>
        <time>2026-07-10T02:03:23.000Z</time>
        <extensions>
          <ns3:TrackPointExtension>
            <ns3:hr>167</ns3:hr>
            <ns3:cad>62</ns3:cad>
          </ns3:TrackPointExtension>
        </extensions>
      </trkpt>
      <trkpt lat="13.0629521794617176055908203125" lon="80.28557798825204372406005859375">
        <ele>0.20000000298023223876953125</ele>
        <time>2026-07-10T02:03:24.000Z</time>
        <extensions>
          <ns3:TrackPointExtension>
            <ns3:hr>167</ns3:hr>
            <ns3:cad>62</ns3:cad>
          </ns3:TrackPointExtension>
        </extensions>
      </trkpt>
      <trkpt lat="13.06290683336555957794189453125" lon="80.28556172735989093780517578125">
        <ele>0</ele>
        <time>2026-07-10T02:03:29.000Z</time>
        <extensions>
          <ns3:TrackPointExtension>
            <ns3:hr>164</ns3:hr>
            <ns3:cad>64</ns3:cad>
          </ns3:TrackPointExtension>
        </extensions>
      </trkpt>
      <trkpt lat="13.06276668794453144073486328125" lon="80.28550087474286556243896484375">
        <ele>0</ele>
        <time>2026-07-10T02:03:39.000Z</time>
        <extensions>
          <ns3:TrackPointExtension>
            <ns3:hr>163</ns3:hr>
            <ns3:cad>62</ns3:cad>
          </ns3:TrackPointExtension>
        </extensions>
      </trkpt>
      <trkpt lat="13.06274489499628543853759765625" lon="80.285505987703800201416015625">
        <ele>0</ele>
        <time>2026-07-10T02:03:41.000Z</time>
        <extensions>
          <ns3:TrackPointExtension>
            <ns3:hr>160</ns3:hr>
            <ns3:cad>62</ns3:cad>
          </ns3:TrackPointExtension>
        </extensions>
      </trkpt>
      <trkpt lat="13.06271673180162906646728515625" lon="80.2854984439909458160400390625">
        <ele>0</ele>
        <time>2026-07-10T02:03:43.000Z</time>
        <extensions>
          <ns3:TrackPointExtension>
            <ns3:hr>169</ns3:hr>
            <ns3:cad>62</ns3:cad>
          </ns3:TrackPointExtension>
        </extensions>
      </trkpt>
      <trkpt lat="13.06269292719662189483642578125" lon="80.28548620641231536865234375">
        <ele>0</ele>
        <time>2026-07-10T02:03:45.000Z</time>
        <extensions>
          <ns3:TrackPointExtension>
            <ns3:hr>172</ns3:hr>
            <ns3:cad>62</ns3:cad>
          </ns3:TrackPointExtension>
        </extensions>
      </trkpt>
      <trkpt lat="13.0626641772687435150146484375" lon="80.285483188927173614501953125">
        <ele>0</ele>
        <time>2026-07-10T02:03:48.000Z</time>
        <extensions>
          <ns3:TrackPointExtension>
            <ns3:hr>170</ns3:hr>
            <ns3:cad>62</ns3:cad>
          </ns3:TrackPointExtension>
        </extensions>
      </trkpt>
      <trkpt lat="13.06261447258293628692626953125" lon="80.285476483404636383056640625">
        <ele>0</ele>
        <time>2026-07-10T02:03:52.000Z</time>
        <extensions>
          <ns3:TrackPointExtension>
            <ns3:hr>168</ns3:hr>
            <ns3:cad>64</ns3:cad>
          </ns3:TrackPointExtension>
        </extensions>
      </trkpt>
      <trkpt lat="13.062539957463741302490234375" lon="80.28543281368911266326904296875">
        <ele>0</ele>
        <time>2026-07-10T02:03:57.000Z</time>
        <extensions>
          <ns3:TrackPointExtension>
            <ns3:hr>165</ns3:hr>
            <ns3:cad>64</ns3:cad>
          </ns3:TrackPointExtension>
        </extensions>
      </trkpt>
      <trkpt lat="13.06244708597660064697265625" lon="80.28538553975522518157958984375">
        <ele>0</ele>
        <time>2026-07-10T02:04:04.000Z</time>
        <extensions>
          <ns3:TrackPointExtension>
            <ns3:hr>162</ns3:hr>
            <ns3:cad>62</ns3:cad>
          </ns3:TrackPointExtension>
        </extensions>
      </trkpt>
      <trkpt lat="13.06242537684738636016845703125" lon="80.28539274819195270538330078125">
        <ele>0</ele>
        <time>2026-07-10T02:04:07.000Z</time>
        <extensions>
          <ns3:TrackPointExtension>
            <ns3:hr>162</ns3:hr>
            <ns3:cad>64</ns3:cad>
          </ns3:TrackPointExtension>
        </extensions>
      </trkpt>
      <trkpt lat="13.0623708106577396392822265625" lon="80.2853790856897830963134765625">
        <ele>0</ele>
        <time>2026-07-10T02:04:12.000Z</time>
        <extensions>
          <ns3:TrackPointExtension>
            <ns3:hr>158</ns3:hr>
            <ns3:cad>64</ns3:cad>
          </ns3:TrackPointExtension>
        </extensions>
      </trkpt>
      <trkpt lat="13.06235882453620433807373046875" lon="80.28537581674754619598388671875">
        <ele>0</ele>
        <time>2026-07-10T02:04:13.000Z</time>
        <extensions>
          <ns3:TrackPointExtension>
            <ns3:hr>157</ns3:hr>
            <ns3:cad>64</ns3:cad>
          </ns3:TrackPointExtension>
        </extensions>
      </trkpt>
      <trkpt lat="13.062244243919849395751953125" lon="80.28532393276691436767578125">
        <ele>0</ele>
        <time>2026-07-10T02:04:20.000Z</time>
        <extensions>
          <ns3:TrackPointExtension>
            <ns3:hr>155</ns3:hr>
            <ns3:cad>64</ns3:cad>
          </ns3:TrackPointExtension>
        </extensions>
      </trkpt>
      <trkpt lat="13.06219068355858325958251953125" lon="80.2853227593004703521728515625">
        <ele>0</ele>
        <time>2026-07-10T02:04:26.000Z</time>
        <extensions>
          <ns3:TrackPointExtension>
            <ns3:hr>154</ns3:hr>
            <ns3:cad>67</ns3:cad>
          </ns3:TrackPointExtension>
        </extensions>
      </trkpt>
      <trkpt lat="13.06201097555458545684814453125" lon="80.285267271101474761962890625">
        <ele>0</ele>
        <time>2026-07-10T02:04:40.000Z</time>
        <extensions>
          <ns3:TrackPointExtension>
            <ns3:hr>155</ns3:hr>
            <ns3:cad>65</ns3:cad>
          </ns3:TrackPointExtension>
        </extensions>
      </trkpt>
      <trkpt lat="13.061991445720195770263671875" lon="80.2852614037692546844482421875">
        <ele>0</ele>
        <time>2026-07-10T02:04:42.000Z</time>
        <extensions>
          <ns3:TrackPointExtension>
            <ns3:hr>155</ns3:hr>
            <ns3:cad>65</ns3:cad>
          </ns3:TrackPointExtension>
        </extensions>
      </trkpt>
      <trkpt lat="13.061866052448749542236328125" lon="80.28520097024738788604736328125">
        <ele>0</ele>
        <time>2026-07-10T02:04:51.000Z</time>
        <extensions>
          <ns3:TrackPointExtension>
            <ns3:hr>152</ns3:hr>
            <ns3:cad>125</ns3:cad>
          </ns3:TrackPointExtension>
        </extensions>
      </trkpt>
      <trkpt lat="13.06169045157730579376220703125" lon="80.28514598496258258819580078125">
        <ele>0</ele>
        <time>2026-07-10T02:05:05.000Z</time>
        <extensions>
          <ns3:TrackPointExtension>
            <ns3:hr>152</ns3:hr>
            <ns3:cad>62</ns3:cad>
          </ns3:TrackPointExtension>
        </extensions>
      </trkpt>
      <trkpt lat="13.0616285093128681182861328125" lon="80.28514246456325054168701171875">
        <ele>0</ele>
        <time>2026-07-10T02:05:12.000Z</time>
        <extensions>
          <ns3:TrackPointExtension>
            <ns3:hr>149</ns3:hr>
            <ns3:cad>60</ns3:cad>
          </ns3:TrackPointExtension>
        </extensions>
      </trkpt>
      <trkpt lat="13.0614591948688030242919921875" lon="80.28505261056125164031982421875">
        <ele>0</ele>
        <time>2026-07-10T02:05:24.000Z</time>
        <extensions>
          <ns3:TrackPointExtension>
            <ns3:hr>147</ns3:hr>
            <ns3:cad>64</ns3:cad>
          </ns3:TrackPointExtension>
        </extensions>
      </trkpt>
      <trkpt lat="13.06140915490686893463134765625" lon="80.2850317396223545074462890625">
        <ele>0</ele>
        <time>2026-07-10T02:05:28.000Z</time>
        <extensions>
          <ns3:TrackPointExtension>
            <ns3:hr>148</ns3:hr>
            <ns3:cad>64</ns3:cad>
          </ns3:TrackPointExtension>
        </extensions>
      </trkpt>
      <trkpt lat="13.06138400919735431671142578125" lon="80.2850303985178470611572265625">
        <ele>0</ele>
        <time>2026-07-10T02:05:31.000Z</time>
        <extensions>
          <ns3:TrackPointExtension>
            <ns3:hr>147</ns3:hr>
            <ns3:cad>64</ns3:cad>
          </ns3:TrackPointExtension>
        </extensions>
      </trkpt>
      <trkpt lat="13.0613455362617969512939453125" lon="80.2850280515849590301513671875">
        <ele>0</ele>
        <time>2026-07-10T02:05:35.000Z</time>
        <extensions>
          <ns3:TrackPointExtension>
            <ns3:hr>147</ns3:hr>
            <ns3:cad>60</ns3:cad>
          </ns3:TrackPointExtension>
        </extensions>
      </trkpt>
      <trkpt lat="13.06130220182240009307861328125" lon="80.285023860633373260498046875">
        <ele>0</ele>
        <time>2026-07-10T02:05:39.000Z</time>
        <extensions>
          <ns3:TrackPointExtension>
            <ns3:hr>146</ns3:hr>
            <ns3:cad>60</ns3:cad>
          </ns3:TrackPointExtension>
        </extensions>
      </trkpt>
      <trkpt lat="13.0611886270344257354736328125" lon="80.284997038543224334716796875">
        <ele>0</ele>
        <time>2026-07-10T02:05:48.000Z</time>
        <extensions>
          <ns3:TrackPointExtension>
            <ns3:hr>144</ns3:hr>
            <ns3:cad>64</ns3:cad>
          </ns3:TrackPointExtension>
        </extensions>
      </trkpt>
      <trkpt lat="13.06113682687282562255859375" lon="80.2849973738193511962890625">
        <ele>0</ele>
        <time>2026-07-10T02:05:52.000Z</time>
        <extensions>
          <ns3:TrackPointExtension>
            <ns3:hr>144</ns3:hr>
            <ns3:cad>65</ns3:cad>
          </ns3:TrackPointExtension>
        </extensions>
      </trkpt>
      <trkpt lat="13.06096793152391910552978515625" lon="80.28497331775724887847900390625">
        <ele>0</ele>
        <time>2026-07-10T02:06:05.000Z</time>
        <extensions>
          <ns3:TrackPointExtension>
            <ns3:hr>147</ns3:hr>
            <ns3:cad>66</ns3:cad>
          </ns3:TrackPointExtension>
        </extensions>
      </trkpt>
      <trkpt lat="13.06087422184646129608154296875" lon="80.28493559919297695159912109375">
        <ele>0</ele>
        <time>2026-07-10T02:06:10.000Z</time>
        <extensions>
          <ns3:TrackPointExtension>
            <ns3:hr>144</ns3:hr>
            <ns3:cad>64</ns3:cad>
          </ns3:TrackPointExtension>
        </extensions>
      </trkpt>
      <trkpt lat="13.0606940947473049163818359375" lon="80.2848882414400577545166015625">
        <ele>0</ele>
        <time>2026-07-10T02:06:18.000Z</time>
        <extensions>
          <ns3:TrackPointExtension>
            <ns3:hr>144</ns3:hr>
            <ns3:cad>83</ns3:cad>
          </ns3:TrackPointExtension>
        </extensions>
      </trkpt>
      <trkpt lat="13.06053324602544307708740234375" lon="80.28484758920967578887939453125">
        <ele>0</ele>
        <time>2026-07-10T02:06:24.000Z</time>
        <extensions>
          <ns3:TrackPointExtension>
            <ns3:hr>148</ns3:hr>
            <ns3:cad>88</ns3:cad>
          </ns3:TrackPointExtension>
        </extensions>
      </trkpt>
      <trkpt lat="13.06048094294965267181396484375" lon="80.2848345972597599029541015625">
        <ele>0</ele>
        <time>2026-07-10T02:06:26.000Z</time>
        <extensions>
          <ns3:TrackPointExtension>
            <ns3:hr>151</ns3:hr>
            <ns3:cad>89</ns3:cad>
          </ns3:TrackPointExtension>
        </extensions>
      </trkpt>
      <trkpt lat="13.06042713113129138946533203125" lon="80.2848195098340511322021484375">
        <ele>0</ele>
        <time>2026-07-10T02:06:28.000Z</time>
        <extensions>
          <ns3:TrackPointExtension>
            <ns3:hr>158</ns3:hr>
            <ns3:cad>89</ns3:cad>
          </ns3:TrackPointExtension>
        </extensions>
      </trkpt>
      <trkpt lat="13.06035085581243038177490234375" lon="80.28479310683906078338623046875">
        <ele>0</ele>
        <time>2026-07-10T02:06:31.000Z</time>
        <extensions>
          <ns3:TrackPointExtension>
            <ns3:hr>162</ns3:hr>
            <ns3:cad>90</ns3:cad>
          </ns3:TrackPointExtension>
        </extensions>
      </trkpt>
      <trkpt lat="13.0603249557316303253173828125" lon="80.2847822941839694976806640625">
        <ele>0</ele>
        <time>2026-07-10T02:06:32.000Z</time>
        <extensions>
          <ns3:TrackPointExtension>
            <ns3:hr>165</ns3:hr>
            <ns3:cad>90</ns3:cad>
          </ns3:TrackPointExtension>
        </extensions>
      </trkpt>
      <trkpt lat="13.06030022911727428436279296875" lon="80.2847755886614322662353515625">
        <ele>0</ele>
        <time>2026-07-10T02:06:33.000Z</time>
        <extensions>
          <ns3:TrackPointExtension>
            <ns3:hr>168</ns3:hr>
            <ns3:cad>90</ns3:cad>
          </ns3:TrackPointExtension>
        </extensions>
      </trkpt>
      <trkpt lat="13.0602300725877285003662109375" lon="80.2847541309893131256103515625">
        <ele>0</ele>
        <time>2026-07-10T02:06:36.000Z</time>
        <extensions>
          <ns3:TrackPointExtension>
            <ns3:hr>171</ns3:hr>
            <ns3:cad>91</ns3:cad>
          </ns3:TrackPointExtension>
        </extensions>
      </trkpt>
      <trkpt lat="13.06020786054432392120361328125" lon="80.2847480960190296173095703125">
        <ele>0</ele>
        <time>2026-07-10T02:06:37.000Z</time>
        <extensions>
          <ns3:TrackPointExtension>
            <ns3:hr>174</ns3:hr>
            <ns3:cad>90</ns3:cad>
          </ns3:TrackPointExtension>
        </extensions>
      </trkpt>
      <trkpt lat="13.06011230684816837310791015625" lon="80.284718088805675506591796875">
        <ele>0</ele>
        <time>2026-07-10T02:06:41.000Z</time>
        <extensions>
          <ns3:TrackPointExtension>
            <ns3:hr>170</ns3:hr>
            <ns3:cad>89</ns3:cad>
          </ns3:TrackPointExtension>
        </extensions>
      </trkpt>
      <trkpt lat="13.06006385944783687591552734375" lon="80.2847041748464107513427734375">
        <ele>0</ele>
        <time>2026-07-10T02:06:43.000Z</time>
        <extensions>
          <ns3:TrackPointExtension>
            <ns3:hr>175</ns3:hr>
            <ns3:cad>89</ns3:cad>
          </ns3:TrackPointExtension>
        </extensions>
      </trkpt>
      <trkpt lat="13.0599953792989253997802734375" lon="80.28467953205108642578125">
        <ele>0</ele>
        <time>2026-07-10T02:06:46.000Z</time>
        <extensions>
          <ns3:TrackPointExtension>
            <ns3:hr>178</ns3:hr>
            <ns3:cad>89</ns3:cad>
          </ns3:TrackPointExtension>
        </extensions>
      </trkpt>
      <trkpt lat="13.0599460937082767486572265625" lon="80.28466771356761455535888671875">
        <ele>0</ele>
        <time>2026-07-10T02:06:47.000Z</time>
        <extensions>
          <ns3:TrackPointExtension>
            <ns3:hr>174</ns3:hr>
            <ns3:cad>89</ns3:cad>
          </ns3:TrackPointExtension>
        </extensions>
      </trkpt>
      <trkpt lat="13.0599212832748889923095703125" lon="80.28466117568314075469970703125">
        <ele>0</ele>
        <time>2026-07-10T02:06:49.000Z</time>
        <extensions>
          <ns3:TrackPointExtension>
            <ns3:hr>171</ns3:hr>
            <ns3:cad>88</ns3:cad>
          </ns3:TrackPointExtension>
        </extensions>
      </trkpt>
      <trkpt lat="13.0598713271319866180419921875" lon="80.28464692644774913787841796875">
        <ele>0</ele>
        <time>2026-07-10T02:06:51.000Z</time>
        <extensions>
          <ns3:TrackPointExtension>
            <ns3:hr>177</ns3:hr>
            <ns3:cad>88</ns3:cad>
          </ns3:TrackPointExtension>
        </extensions>
      </trkpt>
      <trkpt lat="13.05978088639676570892333984375" lon="80.28462664224207401275634765625">
        <ele>0</ele>
        <time>2026-07-10T02:06:55.000Z</time>
        <extensions>
          <ns3:TrackPointExtension>
            <ns3:hr>174</ns3:hr>
            <ns3:cad>86</ns3:cad>
          </ns3:TrackPointExtension>
        </extensions>
      </trkpt>
      <trkpt lat="13.0597134120762348175048828125" lon="80.2846082858741283416748046875">
        <ele>0</ele>
        <time>2026-07-10T02:06:58.000Z</time>
        <extensions>
          <ns3:TrackPointExtension>
            <ns3:hr>181</ns3:hr>
            <ns3:cad>86</ns3:cad>
          </ns3:TrackPointExtension>
        </extensions>
      </trkpt>
      <trkpt lat="13.059666641056537628173828125" lon="80.284594707190990447998046875">
        <ele>0</ele>
        <time>2026-07-10T02:06:59.000Z</time>
        <extensions>
          <ns3:TrackPointExtension>
            <ns3:hr>181</ns3:hr>
            <ns3:cad>86</ns3:cad>
          </ns3:TrackPointExtension>
        </extensions>
      </trkpt>
      <trkpt lat="13.0595977418124675750732421875" lon="80.28456897474825382232666015625">
        <ele>0</ele>
        <time>2026-07-10T02:07:03.000Z</time>
        <extensions>
          <ns3:TrackPointExtension>
            <ns3:hr>184</ns3:hr>
            <ns3:cad>87</ns3:cad>
          </ns3:TrackPointExtension>
        </extensions>
      </trkpt>
      <trkpt lat="13.05950864218175411224365234375" lon="80.2845422364771366119384765625">
        <ele>0</ele>
        <time>2026-07-10T02:07:07.000Z</time>
        <extensions>
          <ns3:TrackPointExtension>
            <ns3:hr>187</ns3:hr>
            <ns3:cad>87</ns3:cad>
          </ns3:TrackPointExtension>
        </extensions>
      </trkpt>
      <trkpt lat="13.0594678223133087158203125" lon="80.28453326784074306488037109375">
        <ele>0</ele>
        <time>2026-07-10T02:07:09.000Z</time>
        <extensions>
          <ns3:TrackPointExtension>
            <ns3:hr>183</ns3:hr>
            <ns3:cad>87</ns3:cad>
          </ns3:TrackPointExtension>
        </extensions>
      </trkpt>
      <trkpt lat="13.0593409202992916107177734375" lon="80.28450376354157924652099609375">
        <ele>0</ele>
        <time>2026-07-10T02:07:15.000Z</time>
        <extensions>
          <ns3:TrackPointExtension>
            <ns3:hr>179</ns3:hr>
            <ns3:cad>86</ns3:cad>
          </ns3:TrackPointExtension>
        </extensions>
      </trkpt>
      <trkpt lat="13.05932139046490192413330078125" lon="80.2844956330955028533935546875">
        <ele>0</ele>
        <time>2026-07-10T02:07:16.000Z</time>
        <extensions>
          <ns3:TrackPointExtension>
            <ns3:hr>176</ns3:hr>
            <ns3:cad>86</ns3:cad>
          </ns3:TrackPointExtension>
        </extensions>
      </trkpt>
      <trkpt lat="13.059300519526004791259765625" lon="80.28448884375393390655517578125">
        <ele>0</ele>
        <time>2026-07-10T02:07:17.000Z</time>
        <extensions>
          <ns3:TrackPointExtension>
            <ns3:hr>176</ns3:hr>
            <ns3:cad>85</ns3:cad>
          </ns3:TrackPointExtension>
        </extensions>
      </trkpt>
      <trkpt lat="13.05927881039679050445556640625" lon="80.28448146767914295196533203125">
        <ele>0</ele>
        <time>2026-07-10T02:07:18.000Z</time>
        <extensions>
          <ns3:TrackPointExtension>
            <ns3:hr>184</ns3:hr>
            <ns3:cad>85</ns3:cad>
          </ns3:TrackPointExtension>
        </extensions>
      </trkpt>
      <trkpt lat="13.05925668217241764068603515625" lon="80.28447576798498630523681640625">
        <ele>0</ele>
        <time>2026-07-10T02:07:19.000Z</time>
        <extensions>
          <ns3:TrackPointExtension>
            <ns3:hr>184</ns3:hr>
            <ns3:cad>85</ns3:cad>
          </ns3:TrackPointExtension>
        </extensions>
      </trkpt>
      <trkpt lat="13.0592135153710842132568359375" lon="80.28446160256862640380859375">
        <ele>0</ele>
        <time>2026-07-10T02:07:20.000Z</time>
        <extensions>
          <ns3:TrackPointExtension>
            <ns3:hr>177</ns3:hr>
            <ns3:cad>85</ns3:cad>
          </ns3:TrackPointExtension>
        </extensions>
      </trkpt>
      <trkpt lat="13.0592135153710842132568359375" lon="80.28446160256862640380859375">
        <ele>0</ele>
        <time>2026-07-10T02:07:21.000Z</time>
        <extensions>
          <ns3:TrackPointExtension>
            <ns3:hr>177</ns3:hr>
            <ns3:cad>85</ns3:cad>
          </ns3:TrackPointExtension>
        </extensions>
      </trkpt>
      <trkpt lat="13.0591699294745922088623046875" lon="80.28444559313356876373291015625">
        <ele>0</ele>
        <time>2026-07-10T02:07:23.000Z</time>
        <extensions>
          <ns3:TrackPointExtension>
            <ns3:hr>182</ns3:hr>
            <ns3:cad>84</ns3:cad>
          </ns3:TrackPointExtension>
        </extensions>
      </trkpt>
      <trkpt lat="13.05914838798344135284423828125" lon="80.284439139068126678466796875">
        <ele>0</ele>
        <time>2026-07-10T02:07:24.000Z</time>
        <extensions>
          <ns3:TrackPointExtension>
            <ns3:hr>186</ns3:hr>
            <ns3:cad>84</ns3:cad>
          </ns3:TrackPointExtension>
        </extensions>
      </trkpt>
      <trkpt lat="13.05910631082952022552490234375" lon="80.28442463837563991546630859375">
        <ele>0</ele>
        <time>2026-07-10T02:07:25.000Z</time>
        <extensions>
          <ns3:TrackPointExtension>
            <ns3:hr>185</ns3:hr>
            <ns3:cad>84</ns3:cad>
          </ns3:TrackPointExtension>
        </extensions>
      </trkpt>
      <trkpt lat="13.058915622532367706298828125" lon="80.28437250293791294097900390625">
        <ele>0</ele>
        <time>2026-07-10T02:07:35.000Z</time>
        <extensions>
          <ns3:TrackPointExtension>
            <ns3:hr>184</ns3:hr>
            <ns3:cad>84</ns3:cad>
          </ns3:TrackPointExtension>
        </extensions>
      </trkpt>
      <trkpt lat="13.0587302148342132568359375" lon="80.28431332670152187347412109375">
        <ele>0</ele>
        <time>2026-07-10T02:07:44.000Z</time>
        <extensions>
          <ns3:TrackPointExtension>
            <ns3:hr>184</ns3:hr>
            <ns3:cad>84</ns3:cad>
          </ns3:TrackPointExtension>
        </extensions>
      </trkpt>
      <trkpt lat="13.05855008773505687713623046875" lon="80.28424568474292755126953125">
        <ele>0</ele>
        <time>2026-07-10T02:07:53.000Z</time>
        <extensions>
          <ns3:TrackPointExtension>
            <ns3:hr>183</ns3:hr>
            <ns3:cad>84</ns3:cad>
          </ns3:TrackPointExtension>
        </extensions>
      </trkpt>
      <trkpt lat="13.05850918404757976531982421875" lon="80.2842076309025287628173828125">
        <ele>0</ele>
        <time>2026-07-10T02:07:58.000Z</time>
        <extensions>
          <ns3:TrackPointExtension>
            <ns3:hr>182</ns3:hr>
            <ns3:cad>0</ns3:cad>
          </ns3:TrackPointExtension>
        </extensions>
      </trkpt>
      <trkpt lat="13.058519996702671051025390625" lon="80.28421475552022457122802734375">
        <ele>0</ele>
        <time>2026-07-10T02:08:01.000Z</time>
        <extensions>
          <ns3:TrackPointExtension>
            <ns3:hr>179</ns3:hr>
            <ns3:cad>0</ns3:cad>
          </ns3:TrackPointExtension>
        </extensions>
      </trkpt>
      <trkpt lat="13.05852946825325489044189453125" lon="80.2842197008430957794189453125">
        <ele>0</ele>
        <time>2026-07-10T02:08:04.000Z</time>
        <extensions>
          <ns3:TrackPointExtension>
            <ns3:hr>176</ns3:hr>
            <ns3:cad>60</ns3:cad>
          </ns3:TrackPointExtension>
        </extensions>
      </trkpt>
      <trkpt lat="13.058541119098663330078125" lon="80.284222550690174102783203125">
        <ele>0</ele>
        <time>2026-07-10T02:08:45.000Z</time>
        <extensions>
          <ns3:TrackPointExtension>
            <ns3:hr>173</ns3:hr>
            <ns3:cad>0</ns3:cad>
          </ns3:TrackPointExtension>
        </extensions>
      </trkpt>
      <trkpt lat="13.058541119098663330078125" lon="80.28422246687114238739013671875">
        <ele>0</ele>
        <time>2026-07-10T02:08:48.000Z</time>
        <extensions>
          <ns3:TrackPointExtension>
            <ns3:hr>170</ns3:hr>
            <ns3:cad>0</ns3:cad>
          </ns3:TrackPointExtension>
        </extensions>
      </trkpt>
      <trkpt lat="13.05853885598480701446533203125" lon="80.28422246687114238739013671875">
        <ele>0</ele>
        <time>2026-07-10T02:08:52.000Z</time>
        <extensions>
          <ns3:TrackPointExtension>
            <ns3:hr>166</ns3:hr>
            <ns3:cad>0</ns3:cad>
          </ns3:TrackPointExtension>
        </extensions>
      </trkpt>
      <trkpt lat="13.0584941804409027099609375" lon="80.28421123512089252471923828125">
        <ele>0</ele>
        <time>2026-07-10T02:08:59.000Z</time>
        <extensions>
          <ns3:TrackPointExtension>
            <ns3:hr>163</ns3:hr>
            <ns3:cad>60</ns3:cad>
          </ns3:TrackPointExtension>
        </extensions>
      </trkpt>
      <trkpt lat="13.058468364179134368896484375" lon="80.28420771472156047821044921875">
        <ele>0</ele>
        <time>2026-07-10T02:09:03.000Z</time>
        <extensions>
          <ns3:TrackPointExtension>
            <ns3:hr>160</ns3:hr>
            <ns3:cad>0</ns3:cad>
          </ns3:TrackPointExtension>
        </extensions>
      </trkpt>
      <trkpt lat="13.0584323219954967498779296875" lon="80.28419799171388149261474609375">
        <ele>0</ele>
        <time>2026-07-10T02:09:06.000Z</time>
        <extensions>
          <ns3:TrackPointExtension>
            <ns3:hr>157</ns3:hr>
            <ns3:cad>0</ns3:cad>
          </ns3:TrackPointExtension>
        </extensions>
      </trkpt>
      <trkpt lat="13.05840994231402873992919921875" lon="80.28419413603842258453369140625">
        <ele>0</ele>
        <time>2026-07-10T02:09:10.000Z</time>
        <extensions>
          <ns3:TrackPointExtension>
            <ns3:hr>154</ns3:hr>
            <ns3:cad>0</ns3:cad>
          </ns3:TrackPointExtension>
        </extensions>
      </trkpt>
      <trkpt lat="13.0582951940596103668212890625" lon="80.28416178189218044281005859375">
        <ele>0</ele>
        <time>2026-07-10T02:09:26.000Z</time>
        <extensions>
          <ns3:TrackPointExtension>
            <ns3:hr>153</ns3:hr>
            <ns3:cad>60</ns3:cad>
          </ns3:TrackPointExtension>
        </extensions>
      </trkpt>
      <trkpt lat="13.05825772695243358612060546875" lon="80.28416345827281475067138671875">
        <ele>0</ele>
        <time>2026-07-10T02:09:31.000Z</time>
        <extensions>
          <ns3:TrackPointExtension>
            <ns3:hr>150</ns3:hr>
            <ns3:cad>0</ns3:cad>
          </ns3:TrackPointExtension>
        </extensions>
      </trkpt>
      <trkpt lat="13.05820760317146778106689453125" lon="80.28416915796697139739990234375">
        <ele>0</ele>
        <time>2026-07-10T02:09:37.000Z</time>
        <extensions>
          <ns3:TrackPointExtension>
            <ns3:hr>147</ns3:hr>
            <ns3:cad>0</ns3:cad>
          </ns3:TrackPointExtension>
        </extensions>
      </trkpt>
      <trkpt lat="13.05817374028265476226806640625" lon="80.28417536057531833648681640625">
        <ele>0</ele>
        <time>2026-07-10T02:09:41.000Z</time>
        <extensions>
          <ns3:TrackPointExtension>
            <ns3:hr>138</ns3:hr>
            <ns3:cad>0</ns3:cad>
          </ns3:TrackPointExtension>
        </extensions>
      </trkpt>
      <trkpt lat="13.05814239196479320526123046875" lon="80.284162871539592742919921875">
        <ele>0</ele>
        <time>2026-07-10T02:09:46.000Z</time>
        <extensions>
          <ns3:TrackPointExtension>
            <ns3:hr>136</ns3:hr>
            <ns3:cad>0</ns3:cad>
          </ns3:TrackPointExtension>
        </extensions>
      </trkpt>
      <trkpt lat="13.05814557708799839019775390625" lon="80.2841556631028652191162109375">
        <ele>0</ele>
        <time>2026-07-10T02:09:51.000Z</time>
        <extensions>
          <ns3:TrackPointExtension>
            <ns3:hr>139</ns3:hr>
            <ns3:cad>60</ns3:cad>
          </ns3:TrackPointExtension>
        </extensions>
      </trkpt>
      <trkpt lat="13.05815345607697963714599609375" lon="80.28415541164577007293701171875">
        <ele>0</ele>
        <time>2026-07-10T02:09:53.000Z</time>
        <extensions>
          <ns3:TrackPointExtension>
            <ns3:hr>142</ns3:hr>
            <ns3:cad>60</ns3:cad>
          </ns3:TrackPointExtension>
        </extensions>
      </trkpt>
      <trkpt lat="13.05813753046095371246337890625" lon="80.28415725566446781158447265625">
        <ele>0</ele>
        <time>2026-07-10T02:09:59.000Z</time>
        <extensions>
          <ns3:TrackPointExtension>
            <ns3:hr>145</ns3:hr>
            <ns3:cad>0</ns3:cad>
          </ns3:TrackPointExtension>
        </extensions>
      </trkpt>
      <trkpt lat="13.05813250131905078887939453125" lon="80.28415759094059467315673828125">
        <ele>0</ele>
        <time>2026-07-10T02:10:26.000Z</time>
        <extensions>
          <ns3:TrackPointExtension>
            <ns3:hr>142</ns3:hr>
            <ns3:cad>0</ns3:cad>
          </ns3:TrackPointExtension>
        </extensions>
      </trkpt>
      <trkpt lat="13.0581322498619556427001953125" lon="80.2841559983789920806884765625">
        <ele>0</ele>
        <time>2026-07-10T02:10:43.000Z</time>
        <extensions>
          <ns3:TrackPointExtension>
            <ns3:hr>139</ns3:hr>
            <ns3:cad>0</ns3:cad>
          </ns3:TrackPointExtension>
        </extensions>
      </trkpt>
      <trkpt lat="13.0581322498619556427001953125" lon="80.28415524400770664215087890625">
        <ele>0</ele>
        <time>2026-07-10T02:10:47.000Z</time>
        <extensions>
          <ns3:TrackPointExtension>
            <ns3:hr>136</ns3:hr>
            <ns3:cad>0</ns3:cad>
          </ns3:TrackPointExtension>
        </extensions>
      </trkpt>
      <trkpt lat="13.0581325851380825042724609375" lon="80.28415524400770664215087890625">
        <ele>0</ele>
        <time>2026-07-10T02:10:49.000Z</time>
        <extensions>
          <ns3:TrackPointExtension>
            <ns3:hr>133</ns3:hr>
            <ns3:cad>0</ns3:cad>
          </ns3:TrackPointExtension>
        </extensions>
      </trkpt>
      <trkpt lat="13.05813233368098735809326171875" lon="80.28415574692189693450927734375">
        <ele>0</ele>
        <time>2026-07-10T02:10:53.000Z</time>
        <extensions>
          <ns3:TrackPointExtension>
            <ns3:hr>130</ns3:hr>
            <ns3:cad>0</ns3:cad>
          </ns3:TrackPointExtension>
        </extensions>
      </trkpt>
      <trkpt lat="13.05798112414777278900146484375" lon="80.284134037792682647705078125">
        <ele>0</ele>
        <time>2026-07-10T02:11:05.000Z</time>
        <extensions>
          <ns3:TrackPointExtension>
            <ns3:hr>118</ns3:hr>
            <ns3:cad>85</ns3:cad>
          </ns3:TrackPointExtension>
        </extensions>
      </trkpt>
      <trkpt lat="13.05793225765228271484375" lon="80.28412624262273311614990234375">
        <ele>0</ele>
        <time>2026-07-10T02:11:06.000Z</time>
        <extensions>
          <ns3:TrackPointExtension>
            <ns3:hr>123</ns3:hr>
            <ns3:cad>85</ns3:cad>
          </ns3:TrackPointExtension>
        </extensions>
      </trkpt>
      <trkpt lat="13.0579066090285778045654296875" lon="80.28412439860403537750244140625">
        <ele>0</ele>
        <time>2026-07-10T02:11:08.000Z</time>
        <extensions>
          <ns3:TrackPointExtension>
            <ns3:hr>132</ns3:hr>
            <ns3:cad>86</ns3:cad>
          </ns3:TrackPointExtension>
        </extensions>
      </trkpt>
      <trkpt lat="13.05787886492908000946044921875" lon="80.2841234765946865081787109375">
        <ele>0</ele>
        <time>2026-07-10T02:11:09.000Z</time>
        <extensions>
          <ns3:TrackPointExtension>
            <ns3:hr>141</ns3:hr>
            <ns3:cad>86</ns3:cad>
          </ns3:TrackPointExtension>
        </extensions>
      </trkpt>
      <trkpt lat="13.05785304866731166839599609375" lon="80.28412121348083019256591796875">
        <ele>0</ele>
        <time>2026-07-10T02:11:10.000Z</time>
        <extensions>
          <ns3:TrackPointExtension>
            <ns3:hr>144</ns3:hr>
            <ns3:cad>86</ns3:cad>
          </ns3:TrackPointExtension>
        </extensions>
      </trkpt>
      <trkpt lat="13.0578263103961944580078125" lon="80.2841164357960224151611328125">
        <ele>0</ele>
        <time>2026-07-10T02:11:11.000Z</time>
        <extensions>
          <ns3:TrackPointExtension>
            <ns3:hr>148</ns3:hr>
            <ns3:cad>86</ns3:cad>
          </ns3:TrackPointExtension>
        </extensions>
      </trkpt>
      <trkpt lat="13.0577741749584674835205078125" lon="80.28410696424543857574462890625">
        <ele>0</ele>
        <time>2026-07-10T02:11:12.000Z</time>
        <extensions>
          <ns3:TrackPointExtension>
            <ns3:hr>148</ns3:hr>
            <ns3:cad>86</ns3:cad>
          </ns3:TrackPointExtension>
        </extensions>
      </trkpt>
      <trkpt lat="13.05772304534912109375" lon="80.28410310856997966766357421875">
        <ele>0</ele>
        <time>2026-07-10T02:11:15.000Z</time>
        <extensions>
          <ns3:TrackPointExtension>
            <ns3:hr>154</ns3:hr>
            <ns3:cad>86</ns3:cad>
          </ns3:TrackPointExtension>
        </extensions>
      </trkpt>
      <trkpt lat="13.0576963908970355987548828125" lon="80.2841033600270748138427734375">
        <ele>0</ele>
        <time>2026-07-10T02:11:16.000Z</time>
        <extensions>
          <ns3:TrackPointExtension>
            <ns3:hr>158</ns3:hr>
            <ns3:cad>86</ns3:cad>
          </ns3:TrackPointExtension>
        </extensions>
      </trkpt>
      <trkpt lat="13.0576705746352672576904296875" lon="80.28410486876964569091796875">
        <ele>0</ele>
        <time>2026-07-10T02:11:17.000Z</time>
        <extensions>
          <ns3:TrackPointExtension>
            <ns3:hr>158</ns3:hr>
            <ns3:cad>88</ns3:cad>
          </ns3:TrackPointExtension>
        </extensions>
      </trkpt>
      <trkpt lat="13.05762003175914287567138671875" lon="80.2841095626354217529296875">
        <ele>0</ele>
        <time>2026-07-10T02:11:19.000Z</time>
        <extensions>
          <ns3:TrackPointExtension>
            <ns3:hr>161</ns3:hr>
            <ns3:cad>87</ns3:cad>
          </ns3:TrackPointExtension>
        </extensions>
      </trkpt>
      <trkpt lat="13.0575140006840229034423828125" lon="80.28412406332790851593017578125">
        <ele>0</ele>
        <time>2026-07-10T02:11:23.000Z</time>
        <extensions>
          <ns3:TrackPointExtension>
            <ns3:hr>166</ns3:hr>
            <ns3:cad>88</ns3:cad>
          </ns3:TrackPointExtension>
        </extensions>
      </trkpt>
      <trkpt lat="13.0574875138700008392333984375" lon="80.28412523679435253143310546875">
        <ele>0</ele>
        <time>2026-07-10T02:11:24.000Z</time>
        <extensions>
          <ns3:TrackPointExtension>
            <ns3:hr>169</ns3:hr>
            <ns3:cad>88</ns3:cad>
          </ns3:TrackPointExtension>
        </extensions>
      </trkpt>
      <trkpt lat="13.0574117414653301239013671875" lon="80.28411366976797580718994140625">
        <ele>0</ele>
        <time>2026-07-10T02:11:27.000Z</time>
        <extensions>
          <ns3:TrackPointExtension>
            <ns3:hr>172</ns3:hr>
            <ns3:cad>87</ns3:cad>
          </ns3:TrackPointExtension>
        </extensions>
      </trkpt>
      <trkpt lat="13.0573634617030620574951171875" lon="80.28410126455128192901611328125">
        <ele>0</ele>
        <time>2026-07-10T02:11:29.000Z</time>
        <extensions>
          <ns3:TrackPointExtension>
            <ns3:hr>169</ns3:hr>
            <ns3:cad>87</ns3:cad>
          </ns3:TrackPointExtension>
        </extensions>
      </trkpt>
      <trkpt lat="13.0572679080069065093994140625" lon="80.28409355320036411285400390625">
        <ele>0</ele>
        <time>2026-07-10T02:11:33.000Z</time>
        <extensions>
          <ns3:TrackPointExtension>
            <ns3:hr>173</ns3:hr>
            <ns3:cad>85</ns3:cad>
          </ns3:TrackPointExtension>
        </extensions>
      </trkpt>
      <trkpt lat="13.0572427622973918914794921875" lon="80.2840906195342540740966796875">
        <ele>0</ele>
        <time>2026-07-10T02:11:34.000Z</time>
        <extensions>
          <ns3:TrackPointExtension>
            <ns3:hr>176</ns3:hr>
            <ns3:cad>85</ns3:cad>
          </ns3:TrackPointExtension>
        </extensions>
      </trkpt>
      <trkpt lat="13.05721753276884555816650390625" lon="80.284087769687175750732421875">
        <ele>0</ele>
        <time>2026-07-10T02:11:35.000Z</time>
        <extensions>
          <ns3:TrackPointExtension>
            <ns3:hr>176</ns3:hr>
            <ns3:cad>85</ns3:cad>
          </ns3:TrackPointExtension>
        </extensions>
      </trkpt>
      <trkpt lat="13.05703547783195972442626953125" lon="80.28407896868884563446044921875">
        <ele>0</ele>
        <time>2026-07-10T02:11:42.000Z</time>
        <extensions>
          <ns3:TrackPointExtension>
            <ns3:hr>174</ns3:hr>
            <ns3:cad>87</ns3:cad>
          </ns3:TrackPointExtension>
        </extensions>
      </trkpt>
      <trkpt lat="13.0569835938513278961181640625" lon="80.2840825729072093963623046875">
        <ele>0</ele>
        <time>2026-07-10T02:11:43.000Z</time>
        <extensions>
          <ns3:TrackPointExtension>
            <ns3:hr>177</ns3:hr>
            <ns3:cad>87</ns3:cad>
          </ns3:TrackPointExtension>
        </extensions>
      </trkpt>
      <trkpt lat="13.05680128745734691619873046875" lon="80.2840872667729854583740234375">
        <ele>0</ele>
        <time>2026-07-10T02:11:51.000Z</time>
        <extensions>
          <ns3:TrackPointExtension>
            <ns3:hr>176</ns3:hr>
            <ns3:cad>89</ns3:cad>
          </ns3:TrackPointExtension>
        </extensions>
      </trkpt>
      <trkpt lat="13.05674831382930278778076171875" lon="80.28409187681972980499267578125">
        <ele>0</ele>
        <time>2026-07-10T02:11:52.000Z</time>
        <extensions>
          <ns3:TrackPointExtension>
            <ns3:hr>183</ns3:hr>
            <ns3:cad>90</ns3:cad>
          </ns3:TrackPointExtension>
        </extensions>
      </trkpt>
      <trkpt lat="13.05674831382930278778076171875" lon="80.28409187681972980499267578125">
        <ele>0</ele>
        <time>2026-07-10T02:11:53.000Z</time>
        <extensions>
          <ns3:TrackPointExtension>
            <ns3:hr>183</ns3:hr>
            <ns3:cad>90</ns3:cad>
          </ns3:TrackPointExtension>
        </extensions>
      </trkpt>
      <trkpt lat="13.05666952393949031829833984375" lon="80.28410025872290134429931640625">
        <ele>0</ele>
        <time>2026-07-10T02:11:56.000Z</time>
        <extensions>
          <ns3:TrackPointExtension>
            <ns3:hr>179</ns3:hr>
            <ns3:cad>90</ns3:cad>
          </ns3:TrackPointExtension>
        </extensions>
      </trkpt>
      <trkpt lat="13.05651764385402202606201171875" lon="80.2841010130941867828369140625">
        <ele>0</ele>
        <time>2026-07-10T02:12:02.000Z</time>
        <extensions>
          <ns3:TrackPointExtension>
            <ns3:hr>176</ns3:hr>
            <ns3:cad>87</ns3:cad>
          </ns3:TrackPointExtension>
        </extensions>
      </trkpt>
      <trkpt lat="13.05649082176387310028076171875" lon="80.2840988337993621826171875">
        <ele>0</ele>
        <time>2026-07-10T02:12:03.000Z</time>
        <extensions>
          <ns3:TrackPointExtension>
            <ns3:hr>173</ns3:hr>
            <ns3:cad>87</ns3:cad>
          </ns3:TrackPointExtension>
        </extensions>
      </trkpt>
      <trkpt lat="13.0564424581825733184814453125" lon="80.2841015160083770751953125">
        <ele>0</ele>
        <time>2026-07-10T02:12:05.000Z</time>
        <extensions>
          <ns3:TrackPointExtension>
            <ns3:hr>177</ns3:hr>
            <ns3:cad>87</ns3:cad>
          </ns3:TrackPointExtension>
        </extensions>
      </trkpt>
      <trkpt lat="13.05639342404901981353759765625" lon="80.2841026894748210906982421875">
        <ele>0</ele>
        <time>2026-07-10T02:12:08.000Z</time>
        <extensions>
          <ns3:TrackPointExtension>
            <ns3:hr>171</ns3:hr>
            <ns3:cad>87</ns3:cad>
          </ns3:TrackPointExtension>
        </extensions>
      </trkpt>
      <trkpt lat="13.05638303048908710479736328125" lon="80.28410193510353565216064453125">
        <ele>0</ele>
        <time>2026-07-10T02:12:09.000Z</time>
        <extensions>
          <ns3:TrackPointExtension>
            <ns3:hr>171</ns3:hr>
            <ns3:cad>87</ns3:cad>
          </ns3:TrackPointExtension>
        </extensions>
      </trkpt>
      <trkpt lat="13.0564320646226406097412109375" lon="80.284100510179996490478515625">
        <ele>0</ele>
        <time>2026-07-10T02:12:19.000Z</time>
        <extensions>
          <ns3:TrackPointExtension>
            <ns3:hr>169</ns3:hr>
            <ns3:cad>53</ns3:cad>
          </ns3:TrackPointExtension>
        </extensions>
      </trkpt>
      <trkpt lat="13.05655117146670818328857421875" lon="80.28409925289452075958251953125">
        <ele>0</ele>
        <time>2026-07-10T02:12:30.000Z</time>
        <extensions>
          <ns3:TrackPointExtension>
            <ns3:hr>172</ns3:hr>
            <ns3:cad>54</ns3:cad>
          </ns3:TrackPointExtension>
        </extensions>
      </trkpt>
      <trkpt lat="13.0566054023802280426025390625" lon="80.2840929664671421051025390625">
        <ele>0</ele>
        <time>2026-07-10T02:12:35.000Z</time>
        <extensions>
          <ns3:TrackPointExtension>
            <ns3:hr>176</ns3:hr>
            <ns3:cad>53</ns3:cad>
          </ns3:TrackPointExtension>
        </extensions>
      </trkpt>
      <trkpt lat="13.05665913037955760955810546875" lon="80.28409791179001331329345703125">
        <ele>0</ele>
        <time>2026-07-10T02:12:40.000Z</time>
        <extensions>
          <ns3:TrackPointExtension>
            <ns3:hr>173</ns3:hr>
            <ns3:cad>55</ns3:cad>
          </ns3:TrackPointExtension>
        </extensions>
      </trkpt>
      <trkpt lat="13.0567153729498386383056640625" lon="80.2840956486761569976806640625">
        <ele>0</ele>
        <time>2026-07-10T02:12:46.000Z</time>
        <extensions>
          <ns3:TrackPointExtension>
            <ns3:hr>170</ns3:hr>
            <ns3:cad>52</ns3:cad>
          </ns3:TrackPointExtension>
        </extensions>
      </trkpt>
      <trkpt lat="13.05674512870609760284423828125" lon="80.2840979956090450286865234375">
        <ele>0</ele>
        <time>2026-07-10T02:12:49.000Z</time>
        <extensions>
          <ns3:TrackPointExtension>
            <ns3:hr>170</ns3:hr>
            <ns3:cad>54</ns3:cad>
          </ns3:TrackPointExtension>
        </extensions>
      </trkpt>
      <trkpt lat="13.05675602518022060394287109375" lon="80.28410084545612335205078125">
        <ele>0</ele>
        <time>2026-07-10T02:12:50.000Z</time>
        <extensions>
          <ns3:TrackPointExtension>
            <ns3:hr>166</ns3:hr>
            <ns3:cad>53</ns3:cad>
          </ns3:TrackPointExtension>
        </extensions>
      </trkpt>
      <trkpt lat="13.0567965097725391387939453125" lon="80.28408751823008060455322265625">
        <ele>0</ele>
        <time>2026-07-10T02:12:57.000Z</time>
        <extensions>
          <ns3:TrackPointExtension>
            <ns3:hr>168</ns3:hr>
            <ns3:cad>55</ns3:cad>
          </ns3:TrackPointExtension>
        </extensions>
      </trkpt>
      <trkpt lat="13.05675543844699859619140625" lon="80.2840876020491123199462890625">
        <ele>0</ele>
        <time>2026-07-10T02:13:09.000Z</time>
        <extensions>
          <ns3:TrackPointExtension>
            <ns3:hr>165</ns3:hr>
            <ns3:cad>60</ns3:cad>
          </ns3:TrackPointExtension>
        </extensions>
      </trkpt>
      <trkpt lat="13.05674630217254161834716796875" lon="80.2840876020491123199462890625">
        <ele>0</ele>
        <time>2026-07-10T02:13:10.000Z</time>
        <extensions>
          <ns3:TrackPointExtension>
            <ns3:hr>159</ns3:hr>
            <ns3:cad>60</ns3:cad>
          </ns3:TrackPointExtension>
        </extensions>
      </trkpt>
      <trkpt lat="13.056733645498752593994140625" lon="80.28408919461071491241455078125">
        <ele>0</ele>
        <time>2026-07-10T02:13:12.000Z</time>
        <extensions>
          <ns3:TrackPointExtension>
            <ns3:hr>157</ns3:hr>
            <ns3:cad>60</ns3:cad>
          </ns3:TrackPointExtension>
        </extensions>
      </trkpt>
      <trkpt lat="13.05670045316219329833984375" lon="80.2840822376310825347900390625">
        <ele>0</ele>
        <time>2026-07-10T02:13:16.000Z</time>
        <extensions>
          <ns3:TrackPointExtension>
            <ns3:hr>158</ns3:hr>
            <ns3:cad>0</ns3:cad>
          </ns3:TrackPointExtension>
        </extensions>
      </trkpt>
      <trkpt lat="13.05666181258857250213623046875" lon="80.28408768586814403533935546875">
        <ele>0</ele>
        <time>2026-07-10T02:13:21.000Z</time>
        <extensions>
          <ns3:TrackPointExtension>
            <ns3:hr>156</ns3:hr>
            <ns3:cad>0</ns3:cad>
          </ns3:TrackPointExtension>
        </extensions>
      </trkpt>
      <trkpt lat="13.05658436380326747894287109375" lon="80.28410461731255054473876953125">
        <ele>0</ele>
        <time>2026-07-10T02:13:31.000Z</time>
        <extensions>
          <ns3:TrackPointExtension>
            <ns3:hr>153</ns3:hr>
            <ns3:cad>0</ns3:cad>
          </ns3:TrackPointExtension>
        </extensions>
      </trkpt>
      <trkpt lat="13.05654463358223438262939453125" lon="80.284112580120563507080078125">
        <ele>0</ele>
        <time>2026-07-10T02:13:36.000Z</time>
        <extensions>
          <ns3:TrackPointExtension>
            <ns3:hr>151</ns3:hr>
            <ns3:cad>54</ns3:cad>
          </ns3:TrackPointExtension>
        </extensions>
      </trkpt>
      <trkpt lat="13.056527115404605865478515625" lon="80.28411819599568843841552734375">
        <ele>0</ele>
        <time>2026-07-10T02:13:38.000Z</time>
        <extensions>
          <ns3:TrackPointExtension>
            <ns3:hr>150</ns3:hr>
            <ns3:cad>54</ns3:cad>
          </ns3:TrackPointExtension>
        </extensions>
      </trkpt>
      <trkpt lat="13.05651362054049968719482421875" lon="80.28411366976797580718994140625">
        <ele>0</ele>
        <time>2026-07-10T02:13:40.000Z</time>
        <extensions>
          <ns3:TrackPointExtension>
            <ns3:hr>149</ns3:hr>
            <ns3:cad>54</ns3:cad>
          </ns3:TrackPointExtension>
        </extensions>
      </trkpt>
      <trkpt lat="13.05650372989475727081298828125" lon="80.28411752544343471527099609375">
        <ele>0</ele>
        <time>2026-07-10T02:13:41.000Z</time>
        <extensions>
          <ns3:TrackPointExtension>
            <ns3:hr>145</ns3:hr>
            <ns3:cad>54</ns3:cad>
          </ns3:TrackPointExtension>
        </extensions>
      </trkpt>
      <trkpt lat="13.0564937554299831390380859375" lon="80.28411685489118099212646484375">
        <ele>0</ele>
        <time>2026-07-10T02:13:42.000Z</time>
        <extensions>
          <ns3:TrackPointExtension>
            <ns3:hr>145</ns3:hr>
            <ns3:cad>60</ns3:cad>
          </ns3:TrackPointExtension>
        </extensions>
      </trkpt>
      <trkpt lat="13.056431226432323455810546875" lon="80.2841073833405971527099609375">
        <ele>0</ele>
        <time>2026-07-10T02:13:50.000Z</time>
        <extensions>
          <ns3:TrackPointExtension>
            <ns3:hr>143</ns3:hr>
            <ns3:cad>0</ns3:cad>
          </ns3:TrackPointExtension>
        </extensions>
      </trkpt>
      <trkpt lat="13.0563666857779026031494140625" lon="80.28410880826413631439208984375">
        <ele>0</ele>
        <time>2026-07-10T02:13:59.000Z</time>
        <extensions>
          <ns3:TrackPointExtension>
            <ns3:hr>140</ns3:hr>
            <ns3:cad>60</ns3:cad>
          </ns3:TrackPointExtension>
        </extensions>
      </trkpt>
      <trkpt lat="13.0563028156757354736328125" lon="80.28410763479769229888916015625">
        <ele>0</ele>
        <time>2026-07-10T02:14:07.000Z</time>
        <extensions>
          <ns3:TrackPointExtension>
            <ns3:hr>138</ns3:hr>
            <ns3:cad>60</ns3:cad>
          </ns3:TrackPointExtension>
        </extensions>
      </trkpt>
      <trkpt lat="13.05628881789743900299072265625" lon="80.28409506194293498992919921875">
        <ele>0</ele>
        <time>2026-07-10T02:14:20.000Z</time>
        <extensions>
          <ns3:TrackPointExtension>
            <ns3:hr>141</ns3:hr>
            <ns3:cad>0</ns3:cad>
          </ns3:TrackPointExtension>
        </extensions>
      </trkpt>
      <trkpt lat="13.056284375488758087158203125" lon="80.28409548103809356689453125">
        <ele>0</ele>
        <time>2026-07-10T02:14:21.000Z</time>
        <extensions>
          <ns3:TrackPointExtension>
            <ns3:hr>144</ns3:hr>
            <ns3:cad>0</ns3:cad>
          </ns3:TrackPointExtension>
        </extensions>
      </trkpt>
      <trkpt lat="13.0561041645705699920654296875" lon="80.28408165089786052703857421875">
        <ele>0</ele>
        <time>2026-07-10T02:14:29.000Z</time>
        <extensions>
          <ns3:TrackPointExtension>
            <ns3:hr>143</ns3:hr>
            <ns3:cad>85</ns3:cad>
          </ns3:TrackPointExtension>
        </extensions>
      </trkpt>
      <trkpt lat="13.056005425751209259033203125" lon="80.28409372083842754364013671875">
        <ele>0</ele>
        <time>2026-07-10T02:14:33.000Z</time>
        <extensions>
          <ns3:TrackPointExtension>
            <ns3:hr>140</ns3:hr>
            <ns3:cad>87</ns3:cad>
          </ns3:TrackPointExtension>
        </extensions>
      </trkpt>
      <trkpt lat="13.05587894283235073089599609375" lon="80.28410210274159908294677734375">
        <ele>0</ele>
        <time>2026-07-10T02:14:38.000Z</time>
        <extensions>
          <ns3:TrackPointExtension>
            <ns3:hr>147</ns3:hr>
            <ns3:cad>88</ns3:cad>
          </ns3:TrackPointExtension>
        </extensions>
      </trkpt>
      <trkpt lat="13.05582831613719463348388671875" lon="80.28409858234226703643798828125">
        <ele>0</ele>
        <time>2026-07-10T02:14:39.000Z</time>
        <extensions>
          <ns3:TrackPointExtension>
            <ns3:hr>150</ns3:hr>
            <ns3:cad>86</ns3:cad>
          </ns3:TrackPointExtension>
        </extensions>
      </trkpt>
      <trkpt lat="13.05582831613719463348388671875" lon="80.28409858234226703643798828125">
        <ele>0</ele>
        <time>2026-07-10T02:14:40.000Z</time>
        <extensions>
          <ns3:TrackPointExtension>
            <ns3:hr>150</ns3:hr>
            <ns3:cad>86</ns3:cad>
          </ns3:TrackPointExtension>
        </extensions>
      </trkpt>
      <trkpt lat="13.05577215738594532012939453125" lon="80.28409120626747608184814453125">
        <ele>0</ele>
        <time>2026-07-10T02:14:42.000Z</time>
        <extensions>
          <ns3:TrackPointExtension>
            <ns3:hr>153</ns3:hr>
            <ns3:cad>86</ns3:cad>
          </ns3:TrackPointExtension>
        </extensions>
      </trkpt>
      <trkpt lat="13.05574550293385982513427734375" lon="80.2840876020491123199462890625">
        <ele>0</ele>
        <time>2026-07-10T02:14:43.000Z</time>
        <extensions>
          <ns3:TrackPointExtension>
            <ns3:hr>157</ns3:hr>
            <ns3:cad>86</ns3:cad>
          </ns3:TrackPointExtension>
        </extensions>
      </trkpt>
      <trkpt lat="13.05572010576725006103515625" lon="80.2840839140117168426513671875">
        <ele>0</ele>
        <time>2026-07-10T02:14:44.000Z</time>
        <extensions>
          <ns3:TrackPointExtension>
            <ns3:hr>160</ns3:hr>
            <ns3:cad>88</ns3:cad>
          </ns3:TrackPointExtension>
        </extensions>
      </trkpt>
      <trkpt lat="13.0556203611195087432861328125" lon="80.2840902842581272125244140625">
        <ele>0</ele>
        <time>2026-07-10T02:14:48.000Z</time>
        <extensions>
          <ns3:TrackPointExtension>
            <ns3:hr>164</ns3:hr>
            <ns3:cad>88</ns3:cad>
          </ns3:TrackPointExtension>
        </extensions>
      </trkpt>
      <trkpt lat="13.0555704049766063690185546875" lon="80.28408902697265148162841796875">
        <ele>0</ele>
        <time>2026-07-10T02:14:50.000Z</time>
        <extensions>
          <ns3:TrackPointExtension>
            <ns3:hr>168</ns3:hr>
            <ns3:cad>89</ns3:cad>
          </ns3:TrackPointExtension>
        </extensions>
      </trkpt>
      <trkpt lat="13.05544459261000156402587890625" lon="80.28405700810253620147705078125">
        <ele>0</ele>
        <time>2026-07-10T02:14:55.000Z</time>
        <extensions>
          <ns3:TrackPointExtension>
            <ns3:hr>165</ns3:hr>
            <ns3:cad>88</ns3:cad>
          </ns3:TrackPointExtension>
        </extensions>
      </trkpt>
      <trkpt lat="13.05539664812386035919189453125" lon="80.28404560871422290802001953125">
        <ele>0</ele>
        <time>2026-07-10T02:14:56.000Z</time>
        <extensions>
          <ns3:TrackPointExtension>
            <ns3:hr>174</ns3:hr>
            <ns3:cad>89</ns3:cad>
          </ns3:TrackPointExtension>
        </extensions>
      </trkpt>
      <trkpt lat="13.05537200532853603363037109375" lon="80.28404208831489086151123046875">
        <ele>0</ele>
        <time>2026-07-10T02:14:58.000Z</time>
        <extensions>
          <ns3:TrackPointExtension>
            <ns3:hr>177</ns3:hr>
            <ns3:cad>89</ns3:cad>
          </ns3:TrackPointExtension>
        </extensions>
      </trkpt>
      <trkpt lat="13.0553199537098407745361328125" lon="80.28402901254594326019287109375">
        <ele>0</ele>
        <time>2026-07-10T02:15:00.000Z</time>
        <extensions>
          <ns3:TrackPointExtension>
            <ns3:hr>182</ns3:hr>
            <ns3:cad>89</ns3:cad>
          </ns3:TrackPointExtension>
        </extensions>
      </trkpt>
      <trkpt lat="13.05529371835291385650634765625" lon="80.2840205468237400054931640625">
        <ele>0</ele>
        <time>2026-07-10T02:15:01.000Z</time>
        <extensions>
          <ns3:TrackPointExtension>
            <ns3:hr>185</ns3:hr>
            <ns3:cad>89</ns3:cad>
          </ns3:TrackPointExtension>
        </extensions>
      </trkpt>
      <trkpt lat="13.05524267256259918212890625" lon="80.2840047888457775115966796875">
        <ele>0</ele>
        <time>2026-07-10T02:15:03.000Z</time>
        <extensions>
          <ns3:TrackPointExtension>
            <ns3:hr>179</ns3:hr>
            <ns3:cad>90</ns3:cad>
          </ns3:TrackPointExtension>
        </extensions>
      </trkpt>
      <trkpt lat="13.055217526853084564208984375" lon="80.28400001116096973419189453125">
        <ele>0</ele>
        <time>2026-07-10T02:15:04.000Z</time>
        <extensions>
          <ns3:TrackPointExtension>
            <ns3:hr>179</ns3:hr>
            <ns3:cad>90</ns3:cad>
          </ns3:TrackPointExtension>
        </extensions>
      </trkpt>
      <trkpt lat="13.0551023595035076141357421875" lon="80.28394653461873531341552734375">
        <ele>0</ele>
        <time>2026-07-10T02:15:09.000Z</time>
        <extensions>
          <ns3:TrackPointExtension>
            <ns3:hr>175</ns3:hr>
            <ns3:cad>89</ns3:cad>
          </ns3:TrackPointExtension>
        </extensions>
      </trkpt>
      <trkpt lat="13.05506221018731594085693359375" lon="80.283926166594028472900390625">
        <ele>0</ele>
        <time>2026-07-10T02:15:10.000Z</time>
        <extensions>
          <ns3:TrackPointExtension>
            <ns3:hr>178</ns3:hr>
            <ns3:cad>88</ns3:cad>
          </ns3:TrackPointExtension>
        </extensions>
      </trkpt>
      <trkpt lat="13.0549665726721286773681640625" lon="80.2838871069252490997314453125">
        <ele>0</ele>
        <time>2026-07-10T02:15:15.000Z</time>
        <extensions>
          <ns3:TrackPointExtension>
            <ns3:hr>181</ns3:hr>
            <ns3:cad>88</ns3:cad>
          </ns3:TrackPointExtension>
        </extensions>
      </trkpt>
      <trkpt lat="13.054826594889163970947265625" lon="80.28383756987750530242919921875">
        <ele>0</ele>
        <time>2026-07-10T02:15:21.000Z</time>
        <extensions>
          <ns3:TrackPointExtension>
            <ns3:hr>177</ns3:hr>
            <ns3:cad>87</ns3:cad>
          </ns3:TrackPointExtension>
        </extensions>
      </trkpt>
      <trkpt lat="13.05467002093791961669921875" lon="80.28376447968184947967529296875">
        <ele>0</ele>
        <time>2026-07-10T02:15:29.000Z</time>
        <extensions>
          <ns3:TrackPointExtension>
            <ns3:hr>172</ns3:hr>
            <ns3:cad>87</ns3:cad>
          </ns3:TrackPointExtension>
        </extensions>
      </trkpt>
      <trkpt lat="13.05466289632022380828857421875" lon="80.28376280330121517181396484375">
        <ele>0</ele>
        <time>2026-07-10T02:15:30.000Z</time>
        <extensions>
          <ns3:TrackPointExtension>
            <ns3:hr>169</ns3:hr>
            <ns3:cad>87</ns3:cad>
          </ns3:TrackPointExtension>
        </extensions>
      </trkpt>
      <trkpt lat="13.05465199984610080718994140625" lon="80.2837513200938701629638671875">
        <ele>0</ele>
        <time>2026-07-10T02:15:33.000Z</time>
        <extensions>
          <ns3:TrackPointExtension>
            <ns3:hr>169</ns3:hr>
            <ns3:cad>61</ns3:cad>
          </ns3:TrackPointExtension>
        </extensions>
      </trkpt>
      <trkpt lat="13.0546782352030277252197265625" lon="80.2837476320564746856689453125">
        <ele>0</ele>
        <time>2026-07-10T02:15:36.000Z</time>
        <extensions>
          <ns3:TrackPointExtension>
            <ns3:hr>169</ns3:hr>
            <ns3:cad>61</ns3:cad>
          </ns3:TrackPointExtension>
        </extensions>
      </trkpt>
      <trkpt lat="13.05471268482506275177001953125" lon="80.2837623842060565948486328125">
        <ele>0</ele>
        <time>2026-07-10T02:15:39.000Z</time>
        <extensions>
          <ns3:TrackPointExtension>
            <ns3:hr>166</ns3:hr>
            <ns3:cad>61</ns3:cad>
          </ns3:TrackPointExtension>
        </extensions>
      </trkpt>
      <trkpt lat="13.0547560192644596099853515625" lon="80.28379213996231555938720703125">
        <ele>0</ele>
        <time>2026-07-10T02:15:44.000Z</time>
        <extensions>
          <ns3:TrackPointExtension>
            <ns3:hr>169</ns3:hr>
            <ns3:cad>56</ns3:cad>
          </ns3:TrackPointExtension>
        </extensions>
      </trkpt>
      <trkpt lat="13.05478426627814769744873046875" lon="80.28380806557834148406982421875">
        <ele>0</ele>
        <time>2026-07-10T02:15:47.000Z</time>
        <extensions>
          <ns3:TrackPointExtension>
            <ns3:hr>172</ns3:hr>
            <ns3:cad>55</ns3:cad>
          </ns3:TrackPointExtension>
        </extensions>
      </trkpt>
      <trkpt lat="13.0548227392137050628662109375" lon="80.2838332951068878173828125">
        <ele>0</ele>
        <time>2026-07-10T02:15:52.000Z</time>
        <extensions>
          <ns3:TrackPointExtension>
            <ns3:hr>173</ns3:hr>
            <ns3:cad>55</ns3:cad>
          </ns3:TrackPointExtension>
        </extensions>
      </trkpt>
      <trkpt lat="13.05482651107013225555419921875" lon="80.28383530676364898681640625">
        <ele>0</ele>
        <time>2026-07-10T02:15:54.000Z</time>
        <extensions>
          <ns3:TrackPointExtension>
            <ns3:hr>173</ns3:hr>
            <ns3:cad>55</ns3:cad>
          </ns3:TrackPointExtension>
        </extensions>
      </trkpt>
      <trkpt lat="13.0548009462654590606689453125" lon="80.28382080607116222381591796875">
        <ele>0</ele>
        <time>2026-07-10T02:15:57.000Z</time>
        <extensions>
          <ns3:TrackPointExtension>
            <ns3:hr>173</ns3:hr>
            <ns3:cad>0</ns3:cad>
          </ns3:TrackPointExtension>
        </extensions>
      </trkpt>
      <trkpt lat="13.05478535592555999755859375" lon="80.2838170342147350311279296875">
        <ele>0</ele>
        <time>2026-07-10T02:15:59.000Z</time>
        <extensions>
          <ns3:TrackPointExtension>
            <ns3:hr>173</ns3:hr>
            <ns3:cad>0</ns3:cad>
          </ns3:TrackPointExtension>
        </extensions>
      </trkpt>
      <trkpt lat="13.0546896345913410186767578125" lon="80.28380270116031169891357421875">
        <ele>0</ele>
        <time>2026-07-10T02:16:09.000Z</time>
        <extensions>
          <ns3:TrackPointExtension>
            <ns3:hr>170</ns3:hr>
            <ns3:cad>0</ns3:cad>
          </ns3:TrackPointExtension>
        </extensions>
      </trkpt>
      <trkpt lat="13.05462752468883991241455078125" lon="80.2837885357439517974853515625">
        <ele>0</ele>
        <time>2026-07-10T02:16:16.000Z</time>
        <extensions>
          <ns3:TrackPointExtension>
            <ns3:hr>171</ns3:hr>
            <ns3:cad>55</ns3:cad>
          </ns3:TrackPointExtension>
        </extensions>
      </trkpt>
      <trkpt lat="13.05457287468016147613525390625" lon="80.28376649133861064910888671875">
        <ele>0</ele>
        <time>2026-07-10T02:16:22.000Z</time>
        <extensions>
          <ns3:TrackPointExtension>
            <ns3:hr>168</ns3:hr>
            <ns3:cad>53</ns3:cad>
          </ns3:TrackPointExtension>
        </extensions>
      </trkpt>
      <trkpt lat="13.05454269982874393463134765625" lon="80.28376263566315174102783203125">
        <ele>0</ele>
        <time>2026-07-10T02:16:25.000Z</time>
        <extensions>
          <ns3:TrackPointExtension>
            <ns3:hr>165</ns3:hr>
            <ns3:cad>53</ns3:cad>
          </ns3:TrackPointExtension>
        </extensions>
      </trkpt>
      <trkpt lat="13.05452124215662479400634765625" lon="80.2837576903402805328369140625">
        <ele>0</ele>
        <time>2026-07-10T02:16:28.000Z</time>
        <extensions>
          <ns3:TrackPointExtension>
            <ns3:hr>162</ns3:hr>
            <ns3:cad>53</ns3:cad>
          </ns3:TrackPointExtension>
        </extensions>
      </trkpt>
      <trkpt lat="13.05449542589485645294189453125" lon="80.2837503142654895782470703125">
        <ele>0</ele>
        <time>2026-07-10T02:16:31.000Z</time>
        <extensions>
          <ns3:TrackPointExtension>
            <ns3:hr>159</ns3:hr>
            <ns3:cad>53</ns3:cad>
          </ns3:TrackPointExtension>
        </extensions>
      </trkpt>
      <trkpt lat="13.05446307174861431121826171875" lon="80.28373748995363712310791015625">
        <ele>0</ele>
        <time>2026-07-10T02:16:34.000Z</time>
        <extensions>
          <ns3:TrackPointExtension>
            <ns3:hr>156</ns3:hr>
            <ns3:cad>53</ns3:cad>
          </ns3:TrackPointExtension>
        </extensions>
      </trkpt>
      <trkpt lat="13.05445276200771331787109375" lon="80.28373581357300281524658203125">
        <ele>0</ele>
        <time>2026-07-10T02:16:35.000Z</time>
        <extensions>
          <ns3:TrackPointExtension>
            <ns3:hr>155</ns3:hr>
            <ns3:cad>53</ns3:cad>
          </ns3:TrackPointExtension>
        </extensions>
      </trkpt>
      <trkpt lat="13.054451085627079010009765625" lon="80.28373665176331996917724609375">
        <ele>0</ele>
        <time>2026-07-10T02:16:37.000Z</time>
        <extensions>
          <ns3:TrackPointExtension>
            <ns3:hr>154</ns3:hr>
            <ns3:cad>0</ns3:cad>
          </ns3:TrackPointExtension>
        </extensions>
      </trkpt>
      <trkpt lat="13.05441412143409252166748046875" lon="80.2837328799068927764892578125">
        <ele>0</ele>
        <time>2026-07-10T02:17:00.000Z</time>
        <extensions>
          <ns3:TrackPointExtension>
            <ns3:hr>151</ns3:hr>
            <ns3:cad>60</ns3:cad>
          </ns3:TrackPointExtension>
        </extensions>
      </trkpt>
      <trkpt lat="13.0544100143015384674072265625" lon="80.28373313136398792266845703125">
        <ele>0</ele>
        <time>2026-07-10T02:17:09.000Z</time>
        <extensions>
          <ns3:TrackPointExtension>
            <ns3:hr>148</ns3:hr>
            <ns3:cad>60</ns3:cad>
          </ns3:TrackPointExtension>
        </extensions>
      </trkpt>
      <trkpt lat="13.0543630756437778472900390625" lon="80.28371938504278659820556640625">
        <ele>0</ele>
        <time>2026-07-10T02:17:18.000Z</time>
        <extensions>
          <ns3:TrackPointExtension>
            <ns3:hr>145</ns3:hr>
            <ns3:cad>60</ns3:cad>
          </ns3:TrackPointExtension>
        </extensions>
      </trkpt>
      <trkpt lat="13.05433030240237712860107421875" lon="80.28370915912091732025146484375">
        <ele>0</ele>
        <time>2026-07-10T02:17:22.000Z</time>
        <extensions>
          <ns3:TrackPointExtension>
            <ns3:hr>142</ns3:hr>
            <ns3:cad>60</ns3:cad>
          </ns3:TrackPointExtension>
        </extensions>
      </trkpt>
      <trkpt lat="13.05430884473025798797607421875" lon="80.2837047167122364044189453125">
        <ele>0</ele>
        <time>2026-07-10T02:17:25.000Z</time>
        <extensions>
          <ns3:TrackPointExtension>
            <ns3:hr>141</ns3:hr>
            <ns3:cad>60</ns3:cad>
          </ns3:TrackPointExtension>
        </extensions>
      </trkpt>
      <trkpt lat="13.054189570248126983642578125" lon="80.28368837200105190277099609375">
        <ele>0</ele>
        <time>2026-07-10T02:17:40.000Z</time>
        <extensions>
          <ns3:TrackPointExtension>
            <ns3:hr>140</ns3:hr>
            <ns3:cad>60</ns3:cad>
          </ns3:TrackPointExtension>
        </extensions>
      </trkpt>
      <trkpt lat="13.05401212535798549652099609375" lon="80.28363891877233982086181640625">
        <ele>0</ele>
        <time>2026-07-10T02:17:48.000Z</time>
        <extensions>
          <ns3:TrackPointExtension>
            <ns3:hr>140</ns3:hr>
            <ns3:cad>83</ns3:cad>
          </ns3:TrackPointExtension>
        </extensions>
      </trkpt>
      <trkpt lat="13.05388438515365123748779296875" lon="80.28359063901007175445556640625">
        <ele>0</ele>
        <time>2026-07-10T02:17:53.000Z</time>
        <extensions>
          <ns3:TrackPointExtension>
            <ns3:hr>146</ns3:hr>
            <ns3:cad>87</ns3:cad>
          </ns3:TrackPointExtension>
        </extensions>
      </trkpt>
      <trkpt lat="13.0538363568484783172607421875" lon="80.2835650742053985595703125">
        <ele>0</ele>
        <time>2026-07-10T02:17:55.000Z</time>
        <extensions>
          <ns3:TrackPointExtension>
            <ns3:hr>151</ns3:hr>
            <ns3:cad>87</ns3:cad>
          </ns3:TrackPointExtension>
        </extensions>
      </trkpt>
      <trkpt lat="13.05378430522978305816650390625" lon="80.283543281257152557373046875">
        <ele>0</ele>
        <time>2026-07-10T02:17:57.000Z</time>
        <extensions>
          <ns3:TrackPointExtension>
            <ns3:hr>156</ns3:hr>
            <ns3:cad>87</ns3:cad>
          </ns3:TrackPointExtension>
        </extensions>
      </trkpt>
      <trkpt lat="13.0537582375109195709228515625" lon="80.28353347443044185638427734375">
        <ele>0</ele>
        <time>2026-07-10T02:17:58.000Z</time>
        <extensions>
          <ns3:TrackPointExtension>
            <ns3:hr>159</ns3:hr>
            <ns3:cad>87</ns3:cad>
          </ns3:TrackPointExtension>
        </extensions>
      </trkpt>
      <trkpt lat="13.05373233743011951446533203125" lon="80.28352241031825542449951171875">
        <ele>0</ele>
        <time>2026-07-10T02:17:59.000Z</time>
        <extensions>
          <ns3:TrackPointExtension>
            <ns3:hr>164</ns3:hr>
            <ns3:cad>88</ns3:cad>
          </ns3:TrackPointExtension>
        </extensions>
      </trkpt>
      <trkpt lat="13.05370819754898548126220703125" lon="80.2835102565586566925048828125">
        <ele>0</ele>
        <time>2026-07-10T02:18:00.000Z</time>
        <extensions>
          <ns3:TrackPointExtension>
            <ns3:hr>162</ns3:hr>
            <ns3:cad>89</ns3:cad>
          </ns3:TrackPointExtension>
        </extensions>
      </trkpt>
      <trkpt lat="13.05366075597703456878662109375" lon="80.2834898047149181365966796875">
        <ele>0</ele>
        <time>2026-07-10T02:18:02.000Z</time>
        <extensions>
          <ns3:TrackPointExtension>
            <ns3:hr>165</ns3:hr>
            <ns3:cad>89</ns3:cad>
          </ns3:TrackPointExtension>
        </extensions>
      </trkpt>
      <trkpt lat="13.0536140687763690948486328125" lon="80.2834743820130825042724609375">
        <ele>0</ele>
        <time>2026-07-10T02:18:04.000Z</time>
        <extensions>
          <ns3:TrackPointExtension>
            <ns3:hr>168</ns3:hr>
            <ns3:cad>88</ns3:cad>
          </ns3:TrackPointExtension>
        </extensions>
      </trkpt>
      <trkpt lat="13.053510971367359161376953125" lon="80.28347228653728961944580078125">
        <ele>0</ele>
        <time>2026-07-10T02:18:09.000Z</time>
        <extensions>
          <ns3:TrackPointExtension>
            <ns3:hr>165</ns3:hr>
            <ns3:cad>88</ns3:cad>
          </ns3:TrackPointExtension>
        </extensions>
      </trkpt>
      <trkpt lat="13.05349278263747692108154296875" lon="80.2834633179008960723876953125">
        <ele>0</ele>
        <time>2026-07-10T02:18:10.000Z</time>
        <extensions>
          <ns3:TrackPointExtension>
            <ns3:hr>168</ns3:hr>
            <ns3:cad>88</ns3:cad>
          </ns3:TrackPointExtension>
        </extensions>
      </trkpt>
      <trkpt lat="13.05347434245049953460693359375" lon="80.28345300815999507904052734375">
        <ele>0</ele>
        <time>2026-07-10T02:18:11.000Z</time>
        <extensions>
          <ns3:TrackPointExtension>
            <ns3:hr>171</ns3:hr>
            <ns3:cad>88</ns3:cad>
          </ns3:TrackPointExtension>
        </extensions>
      </trkpt>
      <trkpt lat="13.053455315530300140380859375" lon="80.28344546444714069366455078125">
        <ele>0</ele>
        <time>2026-07-10T02:18:12.000Z</time>
        <extensions>
          <ns3:TrackPointExtension>
            <ns3:hr>176</ns3:hr>
            <ns3:cad>87</ns3:cad>
          </ns3:TrackPointExtension>
        </extensions>
      </trkpt>
      <trkpt lat="13.0534323491156101226806640625" lon="80.283440016210079193115234375">
        <ele>0</ele>
        <time>2026-07-10T02:18:13.000Z</time>
        <extensions>
          <ns3:TrackPointExtension>
            <ns3:hr>176</ns3:hr>
            <ns3:cad>86</ns3:cad>
          </ns3:TrackPointExtension>
        </extensions>
      </trkpt>
      <trkpt lat="13.05338482372462749481201171875" lon="80.283436663448810577392578125">
        <ele>0</ele>
        <time>2026-07-10T02:18:15.000Z</time>
        <extensions>
          <ns3:TrackPointExtension>
            <ns3:hr>170</ns3:hr>
            <ns3:cad>85</ns3:cad>
          </ns3:TrackPointExtension>
        </extensions>
      </trkpt>
      <trkpt lat="13.0533616058528423309326171875" lon="80.283437334001064300537109375">
        <ele>0</ele>
        <time>2026-07-10T02:18:16.000Z</time>
        <extensions>
          <ns3:TrackPointExtension>
            <ns3:hr>171</ns3:hr>
            <ns3:cad>86</ns3:cad>
          </ns3:TrackPointExtension>
        </extensions>
      </trkpt>
      <trkpt lat="13.05333604104816913604736328125" lon="80.2834363281726837158203125">
        <ele>0</ele>
        <time>2026-07-10T02:18:17.000Z</time>
        <extensions>
          <ns3:TrackPointExtension>
            <ns3:hr>175</ns3:hr>
            <ns3:cad>87</ns3:cad>
          </ns3:TrackPointExtension>
        </extensions>
      </trkpt>
      <trkpt lat="13.0533119849860668182373046875" lon="80.28343498706817626953125">
        <ele>0</ele>
        <time>2026-07-10T02:18:18.000Z</time>
        <extensions>
          <ns3:TrackPointExtension>
            <ns3:hr>181</ns3:hr>
            <ns3:cad>87</ns3:cad>
          </ns3:TrackPointExtension>
        </extensions>
      </trkpt>
      <trkpt lat="13.05328608490526676177978515625" lon="80.28343490324914455413818359375">
        <ele>0</ele>
        <time>2026-07-10T02:18:19.000Z</time>
        <extensions>
          <ns3:TrackPointExtension>
            <ns3:hr>180</ns3:hr>
            <ns3:cad>87</ns3:cad>
          </ns3:TrackPointExtension>
        </extensions>
      </trkpt>
      <trkpt lat="13.0531637929379940032958984375" lon="80.2834227494895458221435546875">
        <ele>0</ele>
        <time>2026-07-10T02:18:24.000Z</time>
        <extensions>
          <ns3:TrackPointExtension>
            <ns3:hr>185</ns3:hr>
            <ns3:cad>87</ns3:cad>
          </ns3:TrackPointExtension>
        </extensions>
      </trkpt>
      <trkpt lat="13.05314040742814540863037109375" lon="80.283418558537960052490234375">
        <ele>0</ele>
        <time>2026-07-10T02:18:25.000Z</time>
        <extensions>
          <ns3:TrackPointExtension>
            <ns3:hr>181</ns3:hr>
            <ns3:cad>87</ns3:cad>
          </ns3:TrackPointExtension>
        </extensions>
      </trkpt>
      <trkpt lat="13.05296556092798709869384765625" lon="80.28336684219539165496826171875">
        <ele>0</ele>
        <time>2026-07-10T02:18:33.000Z</time>
        <extensions>
          <ns3:TrackPointExtension>
            <ns3:hr>177</ns3:hr>
            <ns3:cad>86</ns3:cad>
          </ns3:TrackPointExtension>
        </extensions>
      </trkpt>
      <trkpt lat="13.0529272556304931640625" lon="80.2833546884357929229736328125">
        <ele>0</ele>
        <time>2026-07-10T02:18:35.000Z</time>
        <extensions>
          <ns3:TrackPointExtension>
            <ns3:hr>180</ns3:hr>
            <ns3:cad>85</ns3:cad>
          </ns3:TrackPointExtension>
        </extensions>
      </trkpt>
      <trkpt lat="13.05289716459810733795166015625" lon="80.2833473123610019683837890625">
        <ele>0</ele>
        <time>2026-07-10T02:18:38.000Z</time>
        <extensions>
          <ns3:TrackPointExtension>
            <ns3:hr>174</ns3:hr>
            <ns3:cad>85</ns3:cad>
          </ns3:TrackPointExtension>
        </extensions>
      </trkpt>
      <trkpt lat="13.05289515294134616851806640625" lon="80.28334337286651134490966796875">
        <ele>0</ele>
        <time>2026-07-10T02:18:39.000Z</time>
        <extensions>
          <ns3:TrackPointExtension>
            <ns3:hr>171</ns3:hr>
            <ns3:cad>0</ns3:cad>
          </ns3:TrackPointExtension>
        </extensions>
      </trkpt>
      <trkpt lat="13.052893392741680145263671875" lon="80.2833362482488155364990234375">
        <ele>0</ele>
        <time>2026-07-10T02:18:40.000Z</time>
        <extensions>
          <ns3:TrackPointExtension>
            <ns3:hr>169</ns3:hr>
            <ns3:cad>0</ns3:cad>
          </ns3:TrackPointExtension>
        </extensions>
      </trkpt>
      <trkpt lat="13.05289817042648792266845703125" lon="80.28333063237369060516357421875">
        <ele>0</ele>
        <time>2026-07-10T02:18:41.000Z</time>
        <extensions>
          <ns3:TrackPointExtension>
            <ns3:hr>165</ns3:hr>
            <ns3:cad>0</ns3:cad>
          </ns3:TrackPointExtension>
        </extensions>
      </trkpt>
      <trkpt lat="13.05290252901613712310791015625" lon="80.28333180584013462066650390625">
        <ele>0</ele>
        <time>2026-07-10T02:18:47.000Z</time>
        <extensions>
          <ns3:TrackPointExtension>
            <ns3:hr>169</ns3:hr>
            <ns3:cad>60</ns3:cad>
          </ns3:TrackPointExtension>
        </extensions>
      </trkpt>
      <trkpt lat="13.05290537886321544647216796875" lon="80.2833302132785320281982421875">
        <ele>0</ele>
        <time>2026-07-10T02:18:49.000Z</time>
        <extensions>
          <ns3:TrackPointExtension>
            <ns3:hr>177</ns3:hr>
            <ns3:cad>0</ns3:cad>
          </ns3:TrackPointExtension>
        </extensions>
      </trkpt>
      <trkpt lat="13.05290621705353260040283203125" lon="80.28332971036434173583984375">
        <ele>0</ele>
        <time>2026-07-10T02:18:50.000Z</time>
        <extensions>
          <ns3:TrackPointExtension>
            <ns3:hr>176</ns3:hr>
            <ns3:cad>0</ns3:cad>
          </ns3:TrackPointExtension>
        </extensions>
      </trkpt>
      <trkpt lat="13.0529069714248180389404296875" lon="80.28332912363111972808837890625">
        <ele>0</ele>
        <time>2026-07-10T02:18:51.000Z</time>
        <extensions>
          <ns3:TrackPointExtension>
            <ns3:hr>184</ns3:hr>
            <ns3:cad>0</ns3:cad>
          </ns3:TrackPointExtension>
        </extensions>
      </trkpt>
      <trkpt lat="13.052907474339008331298828125" lon="80.28332845307886600494384765625">
        <ele>0</ele>
        <time>2026-07-10T02:18:52.000Z</time>
        <extensions>
          <ns3:TrackPointExtension>
            <ns3:hr>184</ns3:hr>
            <ns3:cad>0</ns3:cad>
          </ns3:TrackPointExtension>
        </extensions>
      </trkpt>
      <trkpt lat="13.05290646851062774658203125" lon="80.2833282016217708587646484375">
        <ele>0</ele>
        <time>2026-07-10T02:18:53.000Z</time>
        <extensions>
          <ns3:TrackPointExtension>
            <ns3:hr>181</ns3:hr>
            <ns3:cad>0</ns3:cad>
          </ns3:TrackPointExtension>
        </extensions>
      </trkpt>
      <trkpt lat="13.05290420539677143096923828125" lon="80.2833258546888828277587890625">
        <ele>0</ele>
        <time>2026-07-10T02:18:56.000Z</time>
        <extensions>
          <ns3:TrackPointExtension>
            <ns3:hr>178</ns3:hr>
            <ns3:cad>0</ns3:cad>
          </ns3:TrackPointExtension>
        </extensions>
      </trkpt>
      <trkpt lat="13.052874617278575897216796875" lon="80.2833308838307857513427734375">
        <ele>0</ele>
        <time>2026-07-10T02:19:09.000Z</time>
        <extensions>
          <ns3:TrackPointExtension>
            <ns3:hr>175</ns3:hr>
            <ns3:cad>0</ns3:cad>
          </ns3:TrackPointExtension>
        </extensions>
      </trkpt>
      <trkpt lat="13.05287051014602184295654296875" lon="80.2833298780024051666259765625">
        <ele>0</ele>
        <time>2026-07-10T02:19:13.000Z</time>
        <extensions>
          <ns3:TrackPointExtension>
            <ns3:hr>172</ns3:hr>
            <ns3:cad>0</ns3:cad>
          </ns3:TrackPointExtension>
        </extensions>
      </trkpt>
      <trkpt lat="13.05286497808992862701416015625" lon="80.28332845307886600494384765625">
        <ele>0</ele>
        <time>2026-07-10T02:19:16.000Z</time>
        <extensions>
          <ns3:TrackPointExtension>
            <ns3:hr>168</ns3:hr>
            <ns3:cad>60</ns3:cad>
          </ns3:TrackPointExtension>
        </extensions>
      </trkpt>
      <trkpt lat="13.0528389103710651397705078125" lon="80.28332233428955078125">
        <ele>0</ele>
        <time>2026-07-10T02:19:20.000Z</time>
        <extensions>
          <ns3:TrackPointExtension>
            <ns3:hr>165</ns3:hr>
            <ns3:cad>60</ns3:cad>
          </ns3:TrackPointExtension>
        </extensions>
      </trkpt>
      <trkpt lat="13.05281753651797771453857421875" lon="80.283314622938632965087890625">
        <ele>0</ele>
        <time>2026-07-10T02:19:23.000Z</time>
        <extensions>
          <ns3:TrackPointExtension>
            <ns3:hr>162</ns3:hr>
            <ns3:cad>48</ns3:cad>
          </ns3:TrackPointExtension>
        </extensions>
      </trkpt>
      <trkpt lat="13.0528084002435207366943359375" lon="80.28331227600574493408203125">
        <ele>0</ele>
        <time>2026-07-10T02:19:24.000Z</time>
        <extensions>
          <ns3:TrackPointExtension>
            <ns3:hr>161</ns3:hr>
            <ns3:cad>48</ns3:cad>
          </ns3:TrackPointExtension>
        </extensions>
      </trkpt>
      <trkpt lat="13.0527963303029537200927734375" lon="80.28330959379673004150390625">
        <ele>0</ele>
        <time>2026-07-10T02:19:26.000Z</time>
        <extensions>
          <ns3:TrackPointExtension>
            <ns3:hr>159</ns3:hr>
            <ns3:cad>51</ns3:cad>
          </ns3:TrackPointExtension>
        </extensions>
      </trkpt>
      <trkpt lat="13.05277361534535884857177734375" lon="80.2833043970167636871337890625">
        <ele>0</ele>
        <time>2026-07-10T02:19:29.000Z</time>
        <extensions>
          <ns3:TrackPointExtension>
            <ns3:hr>156</ns3:hr>
            <ns3:cad>0</ns3:cad>
          </ns3:TrackPointExtension>
        </extensions>
      </trkpt>
      <trkpt lat="13.05270102806389331817626953125" lon="80.28328151442110538482666015625">
        <ele>0</ele>
        <time>2026-07-10T02:19:38.000Z</time>
        <extensions>
          <ns3:TrackPointExtension>
            <ns3:hr>153</ns3:hr>
            <ns3:cad>0</ns3:cad>
          </ns3:TrackPointExtension>
        </extensions>
      </trkpt>
      <trkpt lat="13.05267579853534698486328125" lon="80.28327916748821735382080078125">
        <ele>0</ele>
        <time>2026-07-10T02:19:42.000Z</time>
        <extensions>
          <ns3:TrackPointExtension>
            <ns3:hr>151</ns3:hr>
            <ns3:cad>0</ns3:cad>
          </ns3:TrackPointExtension>
        </extensions>
      </trkpt>
      <trkpt lat="13.05264151655137538909912109375" lon="80.2832631580531597137451171875">
        <ele>0</ele>
        <time>2026-07-10T02:19:46.000Z</time>
        <extensions>
          <ns3:TrackPointExtension>
            <ns3:hr>148</ns3:hr>
            <ns3:cad>0</ns3:cad>
          </ns3:TrackPointExtension>
        </extensions>
      </trkpt>
      <trkpt lat="13.0526290275156497955322265625" lon="80.283259637653827667236328125">
        <ele>0</ele>
        <time>2026-07-10T02:19:47.000Z</time>
        <extensions>
          <ns3:TrackPointExtension>
            <ns3:hr>148</ns3:hr>
            <ns3:cad>0</ns3:cad>
          </ns3:TrackPointExtension>
        </extensions>
      </trkpt>
      <trkpt lat="13.0526209808886051177978515625" lon="80.28325670398771762847900390625">
        <ele>0</ele>
        <time>2026-07-10T02:19:49.000Z</time>
        <extensions>
          <ns3:TrackPointExtension>
            <ns3:hr>145</ns3:hr>
            <ns3:cad>0</ns3:cad>
          </ns3:TrackPointExtension>
        </extensions>
      </trkpt>
      <trkpt lat="13.05261184461414813995361328125" lon="80.28325318358838558197021484375">
        <ele>0</ele>
        <time>2026-07-10T02:19:50.000Z</time>
        <extensions>
          <ns3:TrackPointExtension>
            <ns3:hr>145</ns3:hr>
            <ns3:cad>0</ns3:cad>
          </ns3:TrackPointExtension>
        </extensions>
      </trkpt>
      <trkpt lat="13.0525998584926128387451171875" lon="80.28325016610324382781982421875">
        <ele>0</ele>
        <time>2026-07-10T02:19:52.000Z</time>
        <extensions>
          <ns3:TrackPointExtension>
            <ns3:hr>144</ns3:hr>
            <ns3:cad>0</ns3:cad>
          </ns3:TrackPointExtension>
        </extensions>
      </trkpt>
      <trkpt lat="13.052577562630176544189453125" lon="80.28324119746685028076171875">
        <ele>0</ele>
        <time>2026-07-10T02:19:56.000Z</time>
        <extensions>
          <ns3:TrackPointExtension>
            <ns3:hr>141</ns3:hr>
            <ns3:cad>0</ns3:cad>
          </ns3:TrackPointExtension>
        </extensions>
      </trkpt>
      <trkpt lat="13.052560128271579742431640625" lon="80.283224768936634063720703125">
        <ele>0</ele>
        <time>2026-07-10T02:20:05.000Z</time>
        <extensions>
          <ns3:TrackPointExtension>
            <ns3:hr>144</ns3:hr>
            <ns3:cad>0</ns3:cad>
          </ns3:TrackPointExtension>
        </extensions>
      </trkpt>
      <trkpt lat="13.05251218378543853759765625" lon="80.28319266624748706817626953125">
        <ele>0</ele>
        <time>2026-07-10T02:20:09.000Z</time>
        <extensions>
          <ns3:TrackPointExtension>
            <ns3:hr>147</ns3:hr>
            <ns3:cad>60</ns3:cad>
          </ns3:TrackPointExtension>
        </extensions>
      </trkpt>
      <trkpt lat="13.05244169197976589202880859375" lon="80.28316584415733814239501953125">
        <ele>0</ele>
        <time>2026-07-10T02:20:12.000Z</time>
        <extensions>
          <ns3:TrackPointExtension>
            <ns3:hr>150</ns3:hr>
            <ns3:cad>87</ns3:cad>
          </ns3:TrackPointExtension>
        </extensions>
      </trkpt>
      <trkpt lat="13.052254356443881988525390625" lon="80.28310717083513736724853515625">
        <ele>0</ele>
        <time>2026-07-10T02:20:19.000Z</time>
        <extensions>
          <ns3:TrackPointExtension>
            <ns3:hr>149</ns3:hr>
            <ns3:cad>93</ns3:cad>
          </ns3:TrackPointExtension>
        </extensions>
      </trkpt>
      <trkpt lat="13.05217556655406951904296875" lon="80.2830951847136020660400390625">
        <ele>0</ele>
        <time>2026-07-10T02:20:22.000Z</time>
        <extensions>
          <ns3:TrackPointExtension>
            <ns3:hr>145</ns3:hr>
            <ns3:cad>92</ns3:cad>
          </ns3:TrackPointExtension>
        </extensions>
      </trkpt>
      <trkpt lat="13.05207238532602787017822265625" lon="80.2830743975937366485595703125">
        <ele>0</ele>
        <time>2026-07-10T02:20:26.000Z</time>
        <extensions>
          <ns3:TrackPointExtension>
            <ns3:hr>151</ns3:hr>
            <ns3:cad>90</ns3:cad>
          </ns3:TrackPointExtension>
        </extensions>
      </trkpt>
      <trkpt lat="13.052023015916347503662109375" lon="80.28305989690124988555908203125">
        <ele>0</ele>
        <time>2026-07-10T02:20:28.000Z</time>
        <extensions>
          <ns3:TrackPointExtension>
            <ns3:hr>161</ns3:hr>
            <ns3:cad>90</ns3:cad>
          </ns3:TrackPointExtension>
        </extensions>
      </trkpt>
      <trkpt lat="13.05199778638780117034912109375" lon="80.28305210173130035400390625">
        <ele>0</ele>
        <time>2026-07-10T02:20:29.000Z</time>
        <extensions>
          <ns3:TrackPointExtension>
            <ns3:hr>164</ns3:hr>
            <ns3:cad>89</ns3:cad>
          </ns3:TrackPointExtension>
        </extensions>
      </trkpt>
      <trkpt lat="13.05182947777211666107177734375" lon="80.28301714919507503509521484375">
        <ele>0</ele>
        <time>2026-07-10T02:20:36.000Z</time>
        <extensions>
          <ns3:TrackPointExtension>
            <ns3:hr>170</ns3:hr>
            <ns3:cad>87</ns3:cad>
          </ns3:TrackPointExtension>
        </extensions>
      </trkpt>
      <trkpt lat="13.0518045835196971893310546875" lon="80.283016227185726165771484375">
        <ele>0</ele>
        <time>2026-07-10T02:20:37.000Z</time>
        <extensions>
          <ns3:TrackPointExtension>
            <ns3:hr>173</ns3:hr>
            <ns3:cad>87</ns3:cad>
          </ns3:TrackPointExtension>
        </extensions>
      </trkpt>
      <trkpt lat="13.05178119800984859466552734375" lon="80.28301815502345561981201171875">
        <ele>0</ele>
        <time>2026-07-10T02:20:38.000Z</time>
        <extensions>
          <ns3:TrackPointExtension>
            <ns3:hr>173</ns3:hr>
            <ns3:cad>88</ns3:cad>
          </ns3:TrackPointExtension>
        </extensions>
      </trkpt>
      <trkpt lat="13.0516912601888179779052734375" lon="80.28303324244916439056396484375">
        <ele>0</ele>
        <time>2026-07-10T02:20:42.000Z</time>
        <extensions>
          <ns3:TrackPointExtension>
            <ns3:hr>177</ns3:hr>
            <ns3:cad>88</ns3:cad>
          </ns3:TrackPointExtension>
        </extensions>
      </trkpt>
      <trkpt lat="13.05161708034574985504150390625" lon="80.28303190134465694427490234375">
        <ele>0</ele>
        <time>2026-07-10T02:20:45.000Z</time>
        <extensions>
          <ns3:TrackPointExtension>
            <ns3:hr>174</ns3:hr>
            <ns3:cad>89</ns3:cad>
          </ns3:TrackPointExtension>
        </extensions>
      </trkpt>
      <trkpt lat="13.0514629371464252471923828125" lon="80.28302301652729511260986328125">
        <ele>0</ele>
        <time>2026-07-10T02:20:51.000Z</time>
        <extensions>
          <ns3:TrackPointExtension>
            <ns3:hr>177</ns3:hr>
            <ns3:cad>89</ns3:cad>
          </ns3:TrackPointExtension>
        </extensions>
      </trkpt>
      <trkpt lat="13.05141138844192028045654296875" lon="80.2830207534134387969970703125">
        <ele>0</ele>
        <time>2026-07-10T02:20:53.000Z</time>
        <extensions>
          <ns3:TrackPointExtension>
            <ns3:hr>180</ns3:hr>
            <ns3:cad>90</ns3:cad>
          </ns3:TrackPointExtension>
        </extensions>
      </trkpt>
      <trkpt lat="13.05133779533207416534423828125" lon="80.2830179035663604736328125">
        <ele>0</ele>
        <time>2026-07-10T02:20:56.000Z</time>
        <extensions>
          <ns3:TrackPointExtension>
            <ns3:hr>175</ns3:hr>
            <ns3:cad>89</ns3:cad>
          </ns3:TrackPointExtension>
        </extensions>
      </trkpt>
      <trkpt lat="13.0513130687177181243896484375" lon="80.283017568290233612060546875">
        <ele>0</ele>
        <time>2026-07-10T02:20:57.000Z</time>
        <extensions>
          <ns3:TrackPointExtension>
            <ns3:hr>172</ns3:hr>
            <ns3:cad>89</ns3:cad>
          </ns3:TrackPointExtension>
        </extensions>
      </trkpt>
      <trkpt lat="13.0512885935604572296142578125" lon="80.2830177359282970428466796875">
        <ele>0</ele>
        <time>2026-07-10T02:20:58.000Z</time>
        <extensions>
          <ns3:TrackPointExtension>
            <ns3:hr>176</ns3:hr>
            <ns3:cad>89</ns3:cad>
          </ns3:TrackPointExtension>
        </extensions>
      </trkpt>
      <trkpt lat="13.051239140331745147705078125" lon="80.283016897737979888916015625">
        <ele>0</ele>
        <time>2026-07-10T02:21:00.000Z</time>
        <extensions>
          <ns3:TrackPointExtension>
            <ns3:hr>179</ns3:hr>
            <ns3:cad>88</ns3:cad>
          </ns3:TrackPointExtension>
        </extensions>
      </trkpt>
      <trkpt lat="13.05119178257882595062255859375" lon="80.28301061131060123443603515625">
        <ele>0</ele>
        <time>2026-07-10T02:21:01.000Z</time>
        <extensions>
          <ns3:TrackPointExtension>
            <ns3:hr>183</ns3:hr>
            <ns3:cad>88</ns3:cad>
          </ns3:TrackPointExtension>
        </extensions>
      </trkpt>
      <trkpt lat="13.05114249698817729949951171875" lon="80.28300248086452484130859375">
        <ele>0</ele>
        <time>2026-07-10T02:21:04.000Z</time>
        <extensions>
          <ns3:TrackPointExtension>
            <ns3:hr>179</ns3:hr>
            <ns3:cad>88</ns3:cad>
          </ns3:TrackPointExtension>
        </extensions>
      </trkpt>
      <trkpt lat="13.0509442649781703948974609375" lon="80.282960236072540283203125">
        <ele>0</ele>
        <time>2026-07-10T02:21:12.000Z</time>
        <extensions>
          <ns3:TrackPointExtension>
            <ns3:hr>173</ns3:hr>
            <ns3:cad>88</ns3:cad>
          </ns3:TrackPointExtension>
        </extensions>
      </trkpt>
      <trkpt lat="13.05089724250137805938720703125" lon="80.282947830855846405029296875">
        <ele>0</ele>
        <time>2026-07-10T02:21:14.000Z</time>
        <extensions>
          <ns3:TrackPointExtension>
            <ns3:hr>178</ns3:hr>
            <ns3:cad>88</ns3:cad>
          </ns3:TrackPointExtension>
        </extensions>
      </trkpt>
      <trkpt lat="13.0508735217154026031494140625" lon="80.2829419635236263275146484375">
        <ele>0</ele>
        <time>2026-07-10T02:21:15.000Z</time>
        <extensions>
          <ns3:TrackPointExtension>
            <ns3:hr>178</ns3:hr>
            <ns3:cad>88</ns3:cad>
          </ns3:TrackPointExtension>
        </extensions>
      </trkpt>
      <trkpt lat="13.05080361664295196533203125" lon="80.282922685146331787109375">
        <ele>0</ele>
        <time>2026-07-10T02:21:18.000Z</time>
        <extensions>
          <ns3:TrackPointExtension>
            <ns3:hr>170</ns3:hr>
            <ns3:cad>88</ns3:cad>
          </ns3:TrackPointExtension>
        </extensions>
      </trkpt>
      <trkpt lat="13.05078123696148395538330078125" lon="80.2829168178141117095947265625">
        <ele>0</ele>
        <time>2026-07-10T02:21:19.000Z</time>
        <extensions>
          <ns3:TrackPointExtension>
            <ns3:hr>175</ns3:hr>
            <ns3:cad>88</ns3:cad>
          </ns3:TrackPointExtension>
        </extensions>
      </trkpt>
      <trkpt lat="13.05073630996048450469970703125" lon="80.28290282003581523895263671875">
        <ele>0</ele>
        <time>2026-07-10T02:21:21.000Z</time>
        <extensions>
          <ns3:TrackPointExtension>
            <ns3:hr>178</ns3:hr>
            <ns3:cad>88</ns3:cad>
          </ns3:TrackPointExtension>
        </extensions>
      </trkpt>
      <trkpt lat="13.0505509860813617706298828125" lon="80.28284079395234584808349609375">
        <ele>0</ele>
        <time>2026-07-10T02:21:29.000Z</time>
        <extensions>
          <ns3:TrackPointExtension>
            <ns3:hr>179</ns3:hr>
            <ns3:cad>88</ns3:cad>
          </ns3:TrackPointExtension>
        </extensions>
      </trkpt>
      <trkpt lat="13.0504919774830341339111328125" lon="80.28282620944082736968994140625">
        <ele>0</ele>
        <time>2026-07-10T02:21:34.000Z</time>
        <extensions>
          <ns3:TrackPointExtension>
            <ns3:hr>176</ns3:hr>
            <ns3:cad>88</ns3:cad>
          </ns3:TrackPointExtension>
        </extensions>
      </trkpt>
      <trkpt lat="13.05038812570273876190185546875" lon="80.28280173428356647491455078125">
        <ele>0</ele>
        <time>2026-07-10T02:21:48.000Z</time>
        <extensions>
          <ns3:TrackPointExtension>
            <ns3:hr>179</ns3:hr>
            <ns3:cad>60</ns3:cad>
          </ns3:TrackPointExtension>
        </extensions>
      </trkpt>
      <trkpt lat="13.05032509379088878631591796875" lon="80.2827746607363224029541015625">
        <ele>0</ele>
        <time>2026-07-10T02:21:54.000Z</time>
        <extensions>
          <ns3:TrackPointExtension>
            <ns3:hr>176</ns3:hr>
            <ns3:cad>62</ns3:cad>
          </ns3:TrackPointExtension>
        </extensions>
      </trkpt>
      <trkpt lat="13.05015410296618938446044921875" lon="80.2826891653239727020263671875">
        <ele>0</ele>
        <time>2026-07-10T02:22:08.000Z</time>
        <extensions>
          <ns3:TrackPointExtension>
            <ns3:hr>174</ns3:hr>
            <ns3:cad>60</ns3:cad>
          </ns3:TrackPointExtension>
        </extensions>
      </trkpt>
      <trkpt lat="13.050105236470699310302734375" lon="80.28267349116504192352294921875">
        <ele>0</ele>
        <time>2026-07-10T02:22:12.000Z</time>
        <extensions>
          <ns3:TrackPointExtension>
            <ns3:hr>171</ns3:hr>
            <ns3:cad>60</ns3:cad>
          </ns3:TrackPointExtension>
        </extensions>
      </trkpt>
      <trkpt lat="13.05005636997520923614501953125" lon="80.28265647590160369873046875">
        <ele>0</ele>
        <time>2026-07-10T02:22:16.000Z</time>
        <extensions>
          <ns3:TrackPointExtension>
            <ns3:hr>168</ns3:hr>
            <ns3:cad>60</ns3:cad>
          </ns3:TrackPointExtension>
        </extensions>
      </trkpt>
      <trkpt lat="13.04999451152980327606201171875" lon="80.28264105319976806640625">
        <ele>0</ele>
        <time>2026-07-10T02:22:21.000Z</time>
        <extensions>
          <ns3:TrackPointExtension>
            <ns3:hr>165</ns3:hr>
            <ns3:cad>60</ns3:cad>
          </ns3:TrackPointExtension>
        </extensions>
      </trkpt>
      <trkpt lat="13.04996970109641551971435546875" lon="80.28263292275369167327880859375">
        <ele>0</ele>
        <time>2026-07-10T02:22:22.000Z</time>
        <extensions>
          <ns3:TrackPointExtension>
            <ns3:hr>168</ns3:hr>
            <ns3:cad>60</ns3:cad>
          </ns3:TrackPointExtension>
        </extensions>
      </trkpt>
      <trkpt lat="13.04992561228573322296142578125" lon="80.28262068517506122589111328125">
        <ele>0</ele>
        <time>2026-07-10T02:22:27.000Z</time>
        <extensions>
          <ns3:TrackPointExtension>
            <ns3:hr>165</ns3:hr>
            <ns3:cad>60</ns3:cad>
          </ns3:TrackPointExtension>
        </extensions>
      </trkpt>
      <trkpt lat="13.04988319985568523406982421875" lon="80.2826063521206378936767578125">
        <ele>0</ele>
        <time>2026-07-10T02:22:31.000Z</time>
        <extensions>
          <ns3:TrackPointExtension>
            <ns3:hr>162</ns3:hr>
            <ns3:cad>57</ns3:cad>
          </ns3:TrackPointExtension>
        </extensions>
      </trkpt>
      <trkpt lat="13.0498130433261394500732421875" lon="80.28259302489459514617919921875">
        <ele>0</ele>
        <time>2026-07-10T02:22:39.000Z</time>
        <extensions>
          <ns3:TrackPointExtension>
            <ns3:hr>161</ns3:hr>
            <ns3:cad>0</ns3:cad>
          </ns3:TrackPointExtension>
        </extensions>
      </trkpt>
      <trkpt lat="13.049797452986240386962890625" lon="80.28259302489459514617919921875">
        <ele>0</ele>
        <time>2026-07-10T02:22:46.000Z</time>
        <extensions>
          <ns3:TrackPointExtension>
            <ns3:hr>158</ns3:hr>
            <ns3:cad>0</ns3:cad>
          </ns3:TrackPointExtension>
        </extensions>
      </trkpt>
      <trkpt lat="13.04976769722998142242431640625" lon="80.282589755952358245849609375">
        <ele>0</ele>
        <time>2026-07-10T02:22:53.000Z</time>
        <extensions>
          <ns3:TrackPointExtension>
            <ns3:hr>155</ns3:hr>
            <ns3:cad>0</ns3:cad>
          </ns3:TrackPointExtension>
        </extensions>
      </trkpt>
      <trkpt lat="13.04976199753582477569580078125" lon="80.282589085400104522705078125">
        <ele>0</ele>
        <time>2026-07-10T02:23:03.000Z</time>
        <extensions>
          <ns3:TrackPointExtension>
            <ns3:hr>152</ns3:hr>
            <ns3:cad>0</ns3:cad>
          </ns3:TrackPointExtension>
        </extensions>
      </trkpt>
      <trkpt lat="13.0497614108026027679443359375" lon="80.28258983977138996124267578125">
        <ele>0</ele>
        <time>2026-07-10T02:23:10.000Z</time>
        <extensions>
          <ns3:TrackPointExtension>
            <ns3:hr>149</ns3:hr>
            <ns3:cad>0</ns3:cad>
          </ns3:TrackPointExtension>
        </extensions>
      </trkpt>
      <trkpt lat="13.049761913716793060302734375" lon="80.2825909294188022613525390625">
        <ele>0</ele>
        <time>2026-07-10T02:23:16.000Z</time>
        <extensions>
          <ns3:TrackPointExtension>
            <ns3:hr>141</ns3:hr>
            <ns3:cad>0</ns3:cad>
          </ns3:TrackPointExtension>
        </extensions>
      </trkpt>
      <trkpt lat="13.0497635900974273681640625" lon="80.28259302489459514617919921875">
        <ele>0</ele>
        <time>2026-07-10T02:23:17.000Z</time>
        <extensions>
          <ns3:TrackPointExtension>
            <ns3:hr>141</ns3:hr>
            <ns3:cad>0</ns3:cad>
          </ns3:TrackPointExtension>
        </extensions>
      </trkpt>
      <trkpt lat="13.0497661046683788299560546875" lon="80.2825959585607051849365234375">
        <ele>0</ele>
        <time>2026-07-10T02:23:18.000Z</time>
        <extensions>
          <ns3:TrackPointExtension>
            <ns3:hr>144</ns3:hr>
            <ns3:cad>60</ns3:cad>
          </ns3:TrackPointExtension>
        </extensions>
      </trkpt>
      <trkpt lat="13.049815557897090911865234375" lon="80.28261884115636348724365234375">
        <ele>0</ele>
        <time>2026-07-10T02:23:24.000Z</time>
        <extensions>
          <ns3:TrackPointExtension>
            <ns3:hr>143</ns3:hr>
            <ns3:cad>60</ns3:cad>
          </ns3:TrackPointExtension>
        </extensions>
      </trkpt>
      <trkpt lat="13.049931228160858154296875" lon="80.2826234512031078338623046875">
        <ele>0</ele>
        <time>2026-07-10T02:23:38.000Z</time>
        <extensions>
          <ns3:TrackPointExtension>
            <ns3:hr>140</ns3:hr>
            <ns3:cad>55</ns3:cad>
          </ns3:TrackPointExtension>
        </extensions>
      </trkpt>
      <trkpt lat="13.05000624619424343109130859375" lon="80.2826398797333240509033203125">
        <ele>0</ele>
        <time>2026-07-10T02:23:46.000Z</time>
        <extensions>
          <ns3:TrackPointExtension>
            <ns3:hr>137</ns3:hr>
            <ns3:cad>55</ns3:cad>
          </ns3:TrackPointExtension>
        </extensions>
      </trkpt>
      <trkpt lat="13.05014320649206638336181640625" lon="80.28267499990761280059814453125">
        <ele>0</ele>
        <time>2026-07-10T02:24:00.000Z</time>
        <extensions>
          <ns3:TrackPointExtension>
            <ns3:hr>140</ns3:hr>
            <ns3:cad>0</ns3:cad>
          </ns3:TrackPointExtension>
        </extensions>
      </trkpt>
      <trkpt lat="13.05031218566000461578369140625" lon="80.28274037875235080718994140625">
        <ele>0</ele>
        <time>2026-07-10T02:24:18.000Z</time>
        <extensions>
          <ns3:TrackPointExtension>
            <ns3:hr>141</ns3:hr>
            <ns3:cad>60</ns3:cad>
          </ns3:TrackPointExtension>
        </extensions>
      </trkpt>
      <trkpt lat="13.050430454313755035400390625" lon="80.28275479562580585479736328125">
        <ele>0</ele>
        <time>2026-07-10T02:24:30.000Z</time>
        <extensions>
          <ns3:TrackPointExtension>
            <ns3:hr>141</ns3:hr>
            <ns3:cad>60</ns3:cad>
          </ns3:TrackPointExtension>
        </extensions>
      </trkpt>
      <trkpt lat="13.05048485286533832550048828125" lon="80.28276351280510425567626953125">
        <ele>0</ele>
        <time>2026-07-10T02:24:36.000Z</time>
        <extensions>
          <ns3:TrackPointExtension>
            <ns3:hr>144</ns3:hr>
            <ns3:cad>56</ns3:cad>
          </ns3:TrackPointExtension>
        </extensions>
      </trkpt>
      <trkpt lat="13.0504877865314483642578125" lon="80.28276510536670684814453125">
        <ele>0</ele>
        <time>2026-07-10T02:24:37.000Z</time>
        <extensions>
          <ns3:TrackPointExtension>
            <ns3:hr>145</ns3:hr>
            <ns3:cad>56</ns3:cad>
          </ns3:TrackPointExtension>
        </extensions>
      </trkpt>
      <trkpt lat="13.05039231665432453155517578125" lon="80.2827619202435016632080078125">
        <ele>0</ele>
        <time>2026-07-10T02:24:50.000Z</time>
        <extensions>
          <ns3:TrackPointExtension>
            <ns3:hr>142</ns3:hr>
            <ns3:cad>60</ns3:cad>
          </ns3:TrackPointExtension>
        </extensions>
      </trkpt>
      <trkpt lat="13.0502193979918956756591796875" lon="80.2826968766748905181884765625">
        <ele>0</ele>
        <time>2026-07-10T02:25:06.000Z</time>
        <extensions>
          <ns3:TrackPointExtension>
            <ns3:hr>140</ns3:hr>
            <ns3:cad>64</ns3:cad>
          </ns3:TrackPointExtension>
        </extensions>
      </trkpt>
      <trkpt lat="13.05004119873046875" lon="80.28263711370527744293212890625">
        <ele>0</ele>
        <time>2026-07-10T02:25:14.000Z</time>
        <extensions>
          <ns3:TrackPointExtension>
            <ns3:hr>141</ns3:hr>
            <ns3:cad>86</ns3:cad>
          </ns3:TrackPointExtension>
        </extensions>
      </trkpt>
      <trkpt lat="13.050016723573207855224609375" lon="80.28263099491596221923828125">
        <ele>0</ele>
        <time>2026-07-10T02:25:15.000Z</time>
        <extensions>
          <ns3:TrackPointExtension>
            <ns3:hr>147</ns3:hr>
            <ns3:cad>87</ns3:cad>
          </ns3:TrackPointExtension>
        </extensions>
      </trkpt>
      <trkpt lat="13.049971796572208404541015625" lon="80.2826170809566974639892578125">
        <ele>0</ele>
        <time>2026-07-10T02:25:17.000Z</time>
        <extensions>
          <ns3:TrackPointExtension>
            <ns3:hr>150</ns3:hr>
            <ns3:cad>88</ns3:cad>
          </ns3:TrackPointExtension>
        </extensions>
      </trkpt>
      <trkpt lat="13.04995000362396240234375" lon="80.28261146508157253265380859375">
        <ele>0</ele>
        <time>2026-07-10T02:25:18.000Z</time>
        <extensions>
          <ns3:TrackPointExtension>
            <ns3:hr>157</ns3:hr>
            <ns3:cad>87</ns3:cad>
          </ns3:TrackPointExtension>
        </extensions>
      </trkpt>
      <trkpt lat="13.04992712102830410003662109375" lon="80.28260492719709873199462890625">
        <ele>0</ele>
        <time>2026-07-10T02:25:19.000Z</time>
        <extensions>
          <ns3:TrackPointExtension>
            <ns3:hr>161</ns3:hr>
            <ns3:cad>86</ns3:cad>
          </ns3:TrackPointExtension>
        </extensions>
      </trkpt>
      <trkpt lat="13.04990499280393123626708984375" lon="80.28259838931262493133544921875">
        <ele>0</ele>
        <time>2026-07-10T02:25:20.000Z</time>
        <extensions>
          <ns3:TrackPointExtension>
            <ns3:hr>166</ns3:hr>
            <ns3:cad>85</ns3:cad>
          </ns3:TrackPointExtension>
        </extensions>
      </trkpt>
      <trkpt lat="13.0498834513127803802490234375" lon="80.28259101323783397674560546875">
        <ele>0</ele>
        <time>2026-07-10T02:25:21.000Z</time>
        <extensions>
          <ns3:TrackPointExtension>
            <ns3:hr>169</ns3:hr>
            <ns3:cad>85</ns3:cad>
          </ns3:TrackPointExtension>
        </extensions>
      </trkpt>
      <trkpt lat="13.049841709434986114501953125" lon="80.28257810510694980621337890625">
        <ele>0</ele>
        <time>2026-07-10T02:25:23.000Z</time>
        <extensions>
          <ns3:TrackPointExtension>
            <ns3:hr>166</ns3:hr>
            <ns3:cad>84</ns3:cad>
          </ns3:TrackPointExtension>
        </extensions>
      </trkpt>
      <trkpt lat="13.049820922315120697021484375" lon="80.282571651041507720947265625">
        <ele>0</ele>
        <time>2026-07-10T02:25:24.000Z</time>
        <extensions>
          <ns3:TrackPointExtension>
            <ns3:hr>163</ns3:hr>
            <ns3:cad>84</ns3:cad>
          </ns3:TrackPointExtension>
        </extensions>
      </trkpt>
      <trkpt lat="13.0496708862483501434326171875" lon="80.28252999298274517059326171875">
        <ele>0</ele>
        <time>2026-07-10T02:25:31.000Z</time>
        <extensions>
          <ns3:TrackPointExtension>
            <ns3:hr>166</ns3:hr>
            <ns3:cad>82</ns3:cad>
          </ns3:TrackPointExtension>
        </extensions>
      </trkpt>
      <trkpt lat="13.0496480874717235565185546875" lon="80.28252529911696910858154296875">
        <ele>0</ele>
        <time>2026-07-10T02:25:32.000Z</time>
        <extensions>
          <ns3:TrackPointExtension>
            <ns3:hr>171</ns3:hr>
            <ns3:cad>82</ns3:cad>
          </ns3:TrackPointExtension>
        </extensions>
      </trkpt>
      <trkpt lat="13.0496269650757312774658203125" lon="80.28251775540411472320556640625">
        <ele>0</ele>
        <time>2026-07-10T02:25:33.000Z</time>
        <extensions>
          <ns3:TrackPointExtension>
            <ns3:hr>174</ns3:hr>
            <ns3:cad>82</ns3:cad>
          </ns3:TrackPointExtension>
        </extensions>
      </trkpt>
      <trkpt lat="13.04958430118858814239501953125" lon="80.28248338960111141204833984375">
        <ele>0</ele>
        <time>2026-07-10T02:25:37.000Z</time>
        <extensions>
          <ns3:TrackPointExtension>
            <ns3:hr>168</ns3:hr>
            <ns3:cad>82</ns3:cad>
          </ns3:TrackPointExtension>
        </extensions>
      </trkpt>
      <trkpt lat="13.04958027787506580352783203125" lon="80.28247919864952564239501953125">
        <ele>0</ele>
        <time>2026-07-10T02:25:38.000Z</time>
        <extensions>
          <ns3:TrackPointExtension>
            <ns3:hr>172</ns3:hr>
            <ns3:cad>82</ns3:cad>
          </ns3:TrackPointExtension>
        </extensions>
      </trkpt>
      <trkpt lat="13.049582540988922119140625" lon="80.282475762069225311279296875">
        <ele>0</ele>
        <time>2026-07-10T02:25:42.000Z</time>
        <extensions>
          <ns3:TrackPointExtension>
            <ns3:hr>164</ns3:hr>
            <ns3:cad>0</ns3:cad>
          </ns3:TrackPointExtension>
        </extensions>
      </trkpt>
      <trkpt lat="13.049583546817302703857421875" lon="80.28247768990695476531982421875">
        <ele>0</ele>
        <time>2026-07-10T02:25:43.000Z</time>
        <extensions>
          <ns3:TrackPointExtension>
            <ns3:hr>166</ns3:hr>
            <ns3:cad>0</ns3:cad>
          </ns3:TrackPointExtension>
        </extensions>
      </trkpt>
      <trkpt lat="13.049584217369556427001953125" lon="80.282481797039508819580078125">
        <ele>0</ele>
        <time>2026-07-10T02:25:44.000Z</time>
        <extensions>
          <ns3:TrackPointExtension>
            <ns3:hr>163</ns3:hr>
            <ns3:cad>0</ns3:cad>
          </ns3:TrackPointExtension>
        </extensions>
      </trkpt>
      <trkpt lat="13.04959050379693508148193359375" lon="80.2824921905994415283203125">
        <ele>0</ele>
        <time>2026-07-10T02:25:47.000Z</time>
        <extensions>
          <ns3:TrackPointExtension>
            <ns3:hr>166</ns3:hr>
            <ns3:cad>0</ns3:cad>
          </ns3:TrackPointExtension>
        </extensions>
      </trkpt>
      <trkpt lat="13.0495927669107913970947265625" lon="80.28249478898942470550537109375">
        <ele>0</ele>
        <time>2026-07-10T02:25:48.000Z</time>
        <extensions>
          <ns3:TrackPointExtension>
            <ns3:hr>169</ns3:hr>
            <ns3:cad>0</ns3:cad>
          </ns3:TrackPointExtension>
        </extensions>
      </trkpt>
      <trkpt lat="13.04959402419626712799072265625" lon="80.28249830938875675201416015625">
        <ele>0</ele>
        <time>2026-07-10T02:25:49.000Z</time>
        <extensions>
          <ns3:TrackPointExtension>
            <ns3:hr>176</ns3:hr>
            <ns3:cad>0</ns3:cad>
          </ns3:TrackPointExtension>
        </extensions>
      </trkpt>
      <trkpt lat="13.04959536530077457427978515625" lon="80.28249998576939105987548828125">
        <ele>0</ele>
        <time>2026-07-10T02:25:52.000Z</time>
        <extensions>
          <ns3:TrackPointExtension>
            <ns3:hr>173</ns3:hr>
            <ns3:cad>0</ns3:cad>
          </ns3:TrackPointExtension>
        </extensions>
      </trkpt>
      <trkpt lat="13.0495957843959331512451171875" lon="80.28249981813132762908935546875">
        <ele>0</ele>
        <time>2026-07-10T02:25:53.000Z</time>
        <extensions>
          <ns3:TrackPointExtension>
            <ns3:hr>168</ns3:hr>
            <ns3:cad>0</ns3:cad>
          </ns3:TrackPointExtension>
        </extensions>
      </trkpt>
      <trkpt lat="13.049595616757869720458984375" lon="80.2825002372264862060546875">
        <ele>0</ele>
        <time>2026-07-10T02:25:54.000Z</time>
        <extensions>
          <ns3:TrackPointExtension>
            <ns3:hr>170</ns3:hr>
            <ns3:cad>0</ns3:cad>
          </ns3:TrackPointExtension>
        </extensions>
      </trkpt>
      <trkpt lat="13.0495954491198062896728515625" lon="80.28250048868358135223388671875">
        <ele>0</ele>
        <time>2026-07-10T02:25:55.000Z</time>
        <extensions>
          <ns3:TrackPointExtension>
            <ns3:hr>167</ns3:hr>
            <ns3:cad>0</ns3:cad>
          </ns3:TrackPointExtension>
        </extensions>
      </trkpt>
      <trkpt lat="13.0495919287204742431640625" lon="80.2824987284839153289794921875">
        <ele>0</ele>
        <time>2026-07-10T02:25:58.000Z</time>
        <extensions>
          <ns3:TrackPointExtension>
            <ns3:hr>162</ns3:hr>
            <ns3:cad>0</ns3:cad>
          </ns3:TrackPointExtension>
        </extensions>
      </trkpt>
      <trkpt lat="13.0495892465114593505859375" lon="80.28249562717974185943603515625">
        <ele>0</ele>
        <time>2026-07-10T02:26:00.000Z</time>
        <extensions>
          <ns3:TrackPointExtension>
            <ns3:hr>165</ns3:hr>
            <ns3:cad>0</ns3:cad>
          </ns3:TrackPointExtension>
        </extensions>
      </trkpt>
      <trkpt lat="13.04958966560661792755126953125" lon="80.2824947051703929901123046875">
        <ele>0</ele>
        <time>2026-07-10T02:26:02.000Z</time>
        <extensions>
          <ns3:TrackPointExtension>
            <ns3:hr>168</ns3:hr>
            <ns3:cad>0</ns3:cad>
          </ns3:TrackPointExtension>
        </extensions>
      </trkpt>
      <trkpt lat="13.04959125816822052001953125" lon="80.28249277733266353607177734375">
        <ele>0</ele>
        <time>2026-07-10T02:26:06.000Z</time>
        <extensions>
          <ns3:TrackPointExtension>
            <ns3:hr>161</ns3:hr>
            <ns3:cad>0</ns3:cad>
          </ns3:TrackPointExtension>
        </extensions>
      </trkpt>
      <trkpt lat="13.04959125816822052001953125" lon="80.28249277733266353607177734375">
        <ele>0</ele>
        <time>2026-07-10T02:26:07.000Z</time>
        <extensions>
          <ns3:TrackPointExtension>
            <ns3:hr>161</ns3:hr>
            <ns3:cad>0</ns3:cad>
          </ns3:TrackPointExtension>
        </extensions>
      </trkpt>
      <trkpt lat="13.04959117434918880462646484375" lon="80.28249093331396579742431640625">
        <ele>0</ele>
        <time>2026-07-10T02:26:13.000Z</time>
        <extensions>
          <ns3:TrackPointExtension>
            <ns3:hr>158</ns3:hr>
            <ns3:cad>0</ns3:cad>
          </ns3:TrackPointExtension>
        </extensions>
      </trkpt>
      <trkpt lat="13.04958530701696872711181640625" lon="80.2824853174388408660888671875">
        <ele>0</ele>
        <time>2026-07-10T02:26:19.000Z</time>
        <extensions>
          <ns3:TrackPointExtension>
            <ns3:hr>152</ns3:hr>
            <ns3:cad>0</ns3:cad>
          </ns3:TrackPointExtension>
        </extensions>
      </trkpt>
      <trkpt lat="13.04958094842731952667236328125" lon="80.28248338960111141204833984375">
        <ele>0</ele>
        <time>2026-07-10T02:26:20.000Z</time>
        <extensions>
          <ns3:TrackPointExtension>
            <ns3:hr>153</ns3:hr>
            <ns3:cad>0</ns3:cad>
          </ns3:TrackPointExtension>
        </extensions>
      </trkpt>
      <trkpt lat="13.0495562218129634857177734375" lon="80.282473079860210418701171875">
        <ele>0</ele>
        <time>2026-07-10T02:26:24.000Z</time>
        <extensions>
          <ns3:TrackPointExtension>
            <ns3:hr>149</ns3:hr>
            <ns3:cad>60</ns3:cad>
          </ns3:TrackPointExtension>
        </extensions>
      </trkpt>
      <trkpt lat="13.049530573189258575439453125" lon="80.2824626863002777099609375">
        <ele>0</ele>
        <time>2026-07-10T02:26:28.000Z</time>
        <extensions>
          <ns3:TrackPointExtension>
            <ns3:hr>146</ns3:hr>
            <ns3:cad>60</ns3:cad>
          </ns3:TrackPointExtension>
        </extensions>
      </trkpt>
      <trkpt lat="13.04947298951447010040283203125" lon="80.282439552247524261474609375">
        <ele>0</ele>
        <time>2026-07-10T02:26:36.000Z</time>
        <extensions>
          <ns3:TrackPointExtension>
            <ns3:hr>143</ns3:hr>
            <ns3:cad>60</ns3:cad>
          </ns3:TrackPointExtension>
        </extensions>
      </trkpt>
      <trkpt lat="13.0494539625942707061767578125" lon="80.28243108652532100677490234375">
        <ele>0</ele>
        <time>2026-07-10T02:26:39.000Z</time>
        <extensions>
          <ns3:TrackPointExtension>
            <ns3:hr>140</ns3:hr>
            <ns3:cad>0</ns3:cad>
          </ns3:TrackPointExtension>
        </extensions>
      </trkpt>
      <trkpt lat="13.04940752685070037841796875" lon="80.28242069296538829803466796875">
        <ele>0</ele>
        <time>2026-07-10T02:26:45.000Z</time>
        <extensions>
          <ns3:TrackPointExtension>
            <ns3:hr>137</ns3:hr>
            <ns3:cad>50</ns3:cad>
          </ns3:TrackPointExtension>
        </extensions>
      </trkpt>
      <trkpt lat="13.049387745559215545654296875" lon="80.28241013176739215850830078125">
        <ele>0</ele>
        <time>2026-07-10T02:26:48.000Z</time>
        <extensions>
          <ns3:TrackPointExtension>
            <ns3:hr>136</ns3:hr>
            <ns3:cad>50</ns3:cad>
          </ns3:TrackPointExtension>
        </extensions>
      </trkpt>
      <trkpt lat="13.04926243610680103302001953125" lon="80.28236889280378818511962890625">
        <ele>0</ele>
        <time>2026-07-10T02:27:05.000Z</time>
        <extensions>
          <ns3:TrackPointExtension>
            <ns3:hr>139</ns3:hr>
            <ns3:cad>0</ns3:cad>
          </ns3:TrackPointExtension>
        </extensions>
      </trkpt>
      <trkpt lat="13.0490925349295139312744140625" lon="80.2823213674128055572509765625">
        <ele>0</ele>
        <time>2026-07-10T02:27:27.000Z</time>
        <extensions>
          <ns3:TrackPointExtension>
            <ns3:hr>136</ns3:hr>
            <ns3:cad>60</ns3:cad>
          </ns3:TrackPointExtension>
        </extensions>
      </trkpt>
      <trkpt lat="13.04902405478060245513916015625" lon="80.282299406826496124267578125">
        <ele>0</ele>
        <time>2026-07-10T02:27:35.000Z</time>
        <extensions>
          <ns3:TrackPointExtension>
            <ns3:hr>139</ns3:hr>
            <ns3:cad>0</ns3:cad>
          </ns3:TrackPointExtension>
        </extensions>
      </trkpt>
      <trkpt lat="13.04890603758394718170166015625" lon="80.2822717465460300445556640625">
        <ele>0</ele>
        <time>2026-07-10T02:27:50.000Z</time>
        <extensions>
          <ns3:TrackPointExtension>
            <ns3:hr>137</ns3:hr>
            <ns3:cad>60</ns3:cad>
          </ns3:TrackPointExtension>
        </extensions>
      </trkpt>
      <trkpt lat="13.04888608865439891815185546875" lon="80.28226411901414394378662109375">
        <ele>0</ele>
        <time>2026-07-10T02:27:53.000Z</time>
        <extensions>
          <ns3:TrackPointExtension>
            <ns3:hr>137</ns3:hr>
            <ns3:cad>0</ns3:cad>
          </ns3:TrackPointExtension>
        </extensions>
      </trkpt>
      <trkpt lat="13.04884719662368297576904296875" lon="80.28225523419678211212158203125">
        <ele>0</ele>
        <time>2026-07-10T02:27:58.000Z</time>
        <extensions>
          <ns3:TrackPointExtension>
            <ns3:hr>136</ns3:hr>
            <ns3:cad>60</ns3:cad>
          </ns3:TrackPointExtension>
        </extensions>
      </trkpt>
      <trkpt lat="13.04880729876458644866943359375" lon="80.282252468168735504150390625">
        <ele>0</ele>
        <time>2026-07-10T02:28:04.000Z</time>
        <extensions>
          <ns3:TrackPointExtension>
            <ns3:hr>137</ns3:hr>
            <ns3:cad>60</ns3:cad>
          </ns3:TrackPointExtension>
        </extensions>
      </trkpt>
      <trkpt lat="13.04875667206943035125732421875" lon="80.282239057123661041259765625">
        <ele>0</ele>
        <time>2026-07-10T02:28:12.000Z</time>
        <extensions>
          <ns3:TrackPointExtension>
            <ns3:hr>140</ns3:hr>
            <ns3:cad>60</ns3:cad>
          </ns3:TrackPointExtension>
        </extensions>
      </trkpt>
      <trkpt lat="13.0487361364066600799560546875" lon="80.28223126195371150970458984375">
        <ele>0</ele>
        <time>2026-07-10T02:28:15.000Z</time>
        <extensions>
          <ns3:TrackPointExtension>
            <ns3:hr>141</ns3:hr>
            <ns3:cad>60</ns3:cad>
          </ns3:TrackPointExtension>
        </extensions>
      </trkpt>
      <trkpt lat="13.04864586330950260162353515625" lon="80.28221525251865386962890625">
        <ele>0</ele>
        <time>2026-07-10T02:28:53.000Z</time>
        <extensions>
          <ns3:TrackPointExtension>
            <ns3:hr>138</ns3:hr>
            <ns3:cad>0</ns3:cad>
          </ns3:TrackPointExtension>
        </extensions>
      </trkpt>
      <trkpt lat="13.0486466176807880401611328125" lon="80.28221516869962215423583984375">
        <ele>0</ele>
        <time>2026-07-10T02:28:58.000Z</time>
        <extensions>
          <ns3:TrackPointExtension>
            <ns3:hr>135</ns3:hr>
            <ns3:cad>0</ns3:cad>
          </ns3:TrackPointExtension>
        </extensions>
      </trkpt>
      <trkpt lat="13.04865424521267414093017578125" lon="80.28221533633768558502197265625">
        <ele>0</ele>
        <time>2026-07-10T02:29:26.000Z</time>
        <extensions>
          <ns3:TrackPointExtension>
            <ns3:hr>132</ns3:hr>
            <ns3:cad>0</ns3:cad>
          </ns3:TrackPointExtension>
        </extensions>
      </trkpt>
      <trkpt lat="13.048654831945896148681640625" lon="80.2822157554328441619873046875">
        <ele>0</ele>
        <time>2026-07-10T02:29:33.000Z</time>
        <extensions>
          <ns3:TrackPointExtension>
            <ns3:hr>129</ns3:hr>
            <ns3:cad>0</ns3:cad>
          </ns3:TrackPointExtension>
        </extensions>
      </trkpt>
      <trkpt lat="13.048656173050403594970703125" lon="80.28222472406923770904541015625">
        <ele>0</ele>
        <time>2026-07-10T02:30:10.000Z</time>
        <extensions>
          <ns3:TrackPointExtension>
            <ns3:hr>126</ns3:hr>
            <ns3:cad>0</ns3:cad>
          </ns3:TrackPointExtension>
        </extensions>
      </trkpt>
      <trkpt lat="13.0486610345542430877685546875" lon="80.28222958557307720184326171875">
        <ele>0</ele>
        <time>2026-07-10T02:30:35.000Z</time>
        <extensions>
          <ns3:TrackPointExtension>
            <ns3:hr>129</ns3:hr>
            <ns3:cad>0</ns3:cad>
          </ns3:TrackPointExtension>
        </extensions>
      </trkpt>
      <trkpt lat="13.04866011254489421844482421875" lon="80.2822328545153141021728515625">
        <ele>0</ele>
        <time>2026-07-10T02:30:47.000Z</time>
        <extensions>
          <ns3:TrackPointExtension>
            <ns3:hr>126</ns3:hr>
            <ns3:cad>0</ns3:cad>
          </ns3:TrackPointExtension>
        </extensions>
      </trkpt>
      <trkpt lat="13.0486617051064968109130859375" lon="80.28223075903952121734619140625">
        <ele>0</ele>
        <time>2026-07-10T02:30:58.000Z</time>
        <extensions>
          <ns3:TrackPointExtension>
            <ns3:hr>123</ns3:hr>
            <ns3:cad>0</ns3:cad>
          </ns3:TrackPointExtension>
        </extensions>
      </trkpt>
      <trkpt lat="13.04866187274456024169921875" lon="80.28223000466823577880859375">
        <ele>0</ele>
        <time>2026-07-10T02:31:04.000Z</time>
        <extensions>
          <ns3:TrackPointExtension>
            <ns3:hr>130</ns3:hr>
            <ns3:cad>0</ns3:cad>
          </ns3:TrackPointExtension>
        </extensions>
      </trkpt>
      <trkpt lat="13.04866187274456024169921875" lon="80.28222992084920406341552734375">
        <ele>0</ele>
        <time>2026-07-10T02:31:05.000Z</time>
        <extensions>
          <ns3:TrackPointExtension>
            <ns3:hr>129</ns3:hr>
            <ns3:cad>0</ns3:cad>
          </ns3:TrackPointExtension>
        </extensions>
      </trkpt>
      <trkpt lat="13.04866195656359195709228515625" lon="80.28222992084920406341552734375">
        <ele>0</ele>
        <time>2026-07-10T02:31:07.000Z</time>
        <extensions>
          <ns3:TrackPointExtension>
            <ns3:hr>126</ns3:hr>
            <ns3:cad>0</ns3:cad>
          </ns3:TrackPointExtension>
        </extensions>
      </trkpt>
      <trkpt lat="13.04866195656359195709228515625" lon="80.28222992084920406341552734375">
        <ele>0</ele>
        <time>2026-07-10T02:31:09.000Z</time>
        <extensions>
          <ns3:TrackPointExtension>
            <ns3:hr>121</ns3:hr>
            <ns3:cad>0</ns3:cad>
          </ns3:TrackPointExtension>
        </extensions>
      </trkpt>
      <trkpt lat="13.0486620403826236724853515625" lon="80.28223000466823577880859375">
        <ele>0</ele>
        <time>2026-07-10T02:31:12.000Z</time>
        <extensions>
          <ns3:TrackPointExtension>
            <ns3:hr>124</ns3:hr>
            <ns3:cad>0</ns3:cad>
          </ns3:TrackPointExtension>
        </extensions>
      </trkpt>
      <trkpt lat="13.0486620403826236724853515625" lon="80.28222992084920406341552734375">
        <ele>0</ele>
        <time>2026-07-10T02:31:14.000Z</time>
        <extensions>
          <ns3:TrackPointExtension>
            <ns3:hr>127</ns3:hr>
            <ns3:cad>0</ns3:cad>
          </ns3:TrackPointExtension>
        </extensions>
      </trkpt>
      <trkpt lat="13.04866187274456024169921875" lon="80.28222992084920406341552734375">
        <ele>0</ele>
        <time>2026-07-10T02:31:18.000Z</time>
        <extensions>
          <ns3:TrackPointExtension>
            <ns3:hr>130</ns3:hr>
            <ns3:cad>0</ns3:cad>
          </ns3:TrackPointExtension>
        </extensions>
      </trkpt>
      <trkpt lat="13.04866187274456024169921875" lon="80.2822293341159820556640625">
        <ele>0</ele>
        <time>2026-07-10T02:31:30.000Z</time>
        <extensions>
          <ns3:TrackPointExtension>
            <ns3:hr>127</ns3:hr>
            <ns3:cad>0</ns3:cad>
          </ns3:TrackPointExtension>
        </extensions>
      </trkpt>
      <trkpt lat="13.04860965348780155181884765625" lon="80.2822227962315082550048828125">
        <ele>0</ele>
        <time>2026-07-10T02:31:57.000Z</time>
        <extensions>
          <ns3:TrackPointExtension>
            <ns3:hr>124</ns3:hr>
            <ns3:cad>60</ns3:cad>
          </ns3:TrackPointExtension>
        </extensions>
      </trkpt>
      <trkpt lat="13.04851477034389972686767578125" lon="80.28220091946423053741455078125">
        <ele>0</ele>
        <time>2026-07-10T02:32:01.000Z</time>
        <extensions>
          <ns3:TrackPointExtension>
            <ns3:hr>117</ns3:hr>
            <ns3:cad>86</ns3:cad>
          </ns3:TrackPointExtension>
        </extensions>
      </trkpt>
      <trkpt lat="13.04848912172019481658935546875" lon="80.28219404630362987518310546875">
        <ele>0</ele>
        <time>2026-07-10T02:32:02.000Z</time>
        <extensions>
          <ns3:TrackPointExtension>
            <ns3:hr>120</ns3:hr>
            <ns3:cad>86</ns3:cad>
          </ns3:TrackPointExtension>
        </extensions>
      </trkpt>
      <trkpt lat="13.0484635569155216217041015625" lon="80.28218801133334636688232421875">
        <ele>0</ele>
        <time>2026-07-10T02:32:03.000Z</time>
        <extensions>
          <ns3:TrackPointExtension>
            <ns3:hr>129</ns3:hr>
            <ns3:cad>87</ns3:cad>
          </ns3:TrackPointExtension>
        </extensions>
      </trkpt>
      <trkpt lat="13.04843723773956298828125" lon="80.2821825630962848663330078125">
        <ele>0</ele>
        <time>2026-07-10T02:32:04.000Z</time>
        <extensions>
          <ns3:TrackPointExtension>
            <ns3:hr>132</ns3:hr>
            <ns3:cad>87</ns3:cad>
          </ns3:TrackPointExtension>
        </extensions>
      </trkpt>
      <trkpt lat="13.04838359355926513671875" lon="80.28217099606990814208984375">
        <ele>0</ele>
        <time>2026-07-10T02:32:05.000Z</time>
        <extensions>
          <ns3:TrackPointExtension>
            <ns3:hr>136</ns3:hr>
            <ns3:cad>87</ns3:cad>
          </ns3:TrackPointExtension>
        </extensions>
      </trkpt>
      <trkpt lat="13.048357777297496795654296875" lon="80.282163955271244049072265625">
        <ele>0</ele>
        <time>2026-07-10T02:32:06.000Z</time>
        <extensions>
          <ns3:TrackPointExtension>
            <ns3:hr>140</ns3:hr>
            <ns3:cad>88</ns3:cad>
          </ns3:TrackPointExtension>
        </extensions>
      </trkpt>
      <trkpt lat="13.048357777297496795654296875" lon="80.282163955271244049072265625">
        <ele>0</ele>
        <time>2026-07-10T02:32:07.000Z</time>
        <extensions>
          <ns3:TrackPointExtension>
            <ns3:hr>143</ns3:hr>
            <ns3:cad>88</ns3:cad>
          </ns3:TrackPointExtension>
        </extensions>
      </trkpt>
      <trkpt lat="13.04833204485476016998291015625" lon="80.28215565718710422515869140625">
        <ele>0</ele>
        <time>2026-07-10T02:32:08.000Z</time>
        <extensions>
          <ns3:TrackPointExtension>
            <ns3:hr>147</ns3:hr>
            <ns3:cad>89</ns3:cad>
          </ns3:TrackPointExtension>
        </extensions>
      </trkpt>
      <trkpt lat="13.04823380894958972930908203125" lon="80.2821181900799274444580078125">
        <ele>0</ele>
        <time>2026-07-10T02:32:12.000Z</time>
        <extensions>
          <ns3:TrackPointExtension>
            <ns3:hr>150</ns3:hr>
            <ns3:cad>87</ns3:cad>
          </ns3:TrackPointExtension>
        </extensions>
      </trkpt>
      <trkpt lat="13.04818368516862392425537109375" lon="80.28209882788360118865966796875">
        <ele>0</ele>
        <time>2026-07-10T02:32:14.000Z</time>
        <extensions>
          <ns3:TrackPointExtension>
            <ns3:hr>156</ns3:hr>
            <ns3:cad>87</ns3:cad>
          </ns3:TrackPointExtension>
        </extensions>
      </trkpt>
      <trkpt lat="13.0481346510350704193115234375" lon="80.28208248317241668701171875">
        <ele>0</ele>
        <time>2026-07-10T02:32:15.000Z</time>
        <extensions>
          <ns3:TrackPointExtension>
            <ns3:hr>162</ns3:hr>
            <ns3:cad>88</ns3:cad>
          </ns3:TrackPointExtension>
        </extensions>
      </trkpt>
      <trkpt lat="13.0481346510350704193115234375" lon="80.28208248317241668701171875">
        <ele>0</ele>
        <time>2026-07-10T02:32:16.000Z</time>
        <extensions>
          <ns3:TrackPointExtension>
            <ns3:hr>165</ns3:hr>
            <ns3:cad>88</ns3:cad>
          </ns3:TrackPointExtension>
        </extensions>
      </trkpt>
      <trkpt lat="13.04810975678265094757080078125" lon="80.28207720257341861724853515625">
        <ele>0</ele>
        <time>2026-07-10T02:32:17.000Z</time>
        <extensions>
          <ns3:TrackPointExtension>
            <ns3:hr>168</ns3:hr>
            <ns3:cad>88</ns3:cad>
          </ns3:TrackPointExtension>
        </extensions>
      </trkpt>
      <trkpt lat="13.048085868358612060546875" lon="80.28207368217408657073974609375">
        <ele>0</ele>
        <time>2026-07-10T02:32:18.000Z</time>
        <extensions>
          <ns3:TrackPointExtension>
            <ns3:hr>171</ns3:hr>
            <ns3:cad>88</ns3:cad>
          </ns3:TrackPointExtension>
        </extensions>
      </trkpt>
      <trkpt lat="13.04798863828182220458984375" lon="80.2820561639964580535888671875">
        <ele>0</ele>
        <time>2026-07-10T02:32:22.000Z</time>
        <extensions>
          <ns3:TrackPointExtension>
            <ns3:hr>175</ns3:hr>
            <ns3:cad>87</ns3:cad>
          </ns3:TrackPointExtension>
        </extensions>
      </trkpt>
      <trkpt lat="13.0479365028440952301025390625" lon="80.2820434235036373138427734375">
        <ele>0</ele>
        <time>2026-07-10T02:32:23.000Z</time>
        <extensions>
          <ns3:TrackPointExtension>
            <ns3:hr>180</ns3:hr>
            <ns3:cad>88</ns3:cad>
          </ns3:TrackPointExtension>
        </extensions>
      </trkpt>
      <trkpt lat="13.0479365028440952301025390625" lon="80.2820434235036373138427734375">
        <ele>0</ele>
        <time>2026-07-10T02:32:24.000Z</time>
        <extensions>
          <ns3:TrackPointExtension>
            <ns3:hr>179</ns3:hr>
            <ns3:cad>89</ns3:cad>
          </ns3:TrackPointExtension>
        </extensions>
      </trkpt>
      <trkpt lat="13.0479101836681365966796875" lon="80.2820367179811000823974609375">
        <ele>0</ele>
        <time>2026-07-10T02:32:25.000Z</time>
        <extensions>
          <ns3:TrackPointExtension>
            <ns3:hr>185</ns3:hr>
            <ns3:cad>89</ns3:cad>
          </ns3:TrackPointExtension>
        </extensions>
      </trkpt>
      <trkpt lat="13.04788562469184398651123046875" lon="80.28202950954437255859375">
        <ele>0</ele>
        <time>2026-07-10T02:32:26.000Z</time>
        <extensions>
          <ns3:TrackPointExtension>
            <ns3:hr>180</ns3:hr>
            <ns3:cad>90</ns3:cad>
          </ns3:TrackPointExtension>
        </extensions>
      </trkpt>
      <trkpt lat="13.04783147759735584259033203125" lon="80.282015763223171234130859375">
        <ele>0</ele>
        <time>2026-07-10T02:32:27.000Z</time>
        <extensions>
          <ns3:TrackPointExtension>
            <ns3:hr>175</ns3:hr>
            <ns3:cad>91</ns3:cad>
          </ns3:TrackPointExtension>
        </extensions>
      </trkpt>
      <trkpt lat="13.04783147759735584259033203125" lon="80.282015763223171234130859375">
        <ele>0</ele>
        <time>2026-07-10T02:32:28.000Z</time>
        <extensions>
          <ns3:TrackPointExtension>
            <ns3:hr>175</ns3:hr>
            <ns3:cad>91</ns3:cad>
          </ns3:TrackPointExtension>
        </extensions>
      </trkpt>
      <trkpt lat="13.0478044040501117706298828125" lon="80.2820093929767608642578125">
        <ele>0</ele>
        <time>2026-07-10T02:32:29.000Z</time>
        <extensions>
          <ns3:TrackPointExtension>
            <ns3:hr>172</ns3:hr>
            <ns3:cad>91</ns3:cad>
          </ns3:TrackPointExtension>
        </extensions>
      </trkpt>
      <trkpt lat="13.04777900688350200653076171875" lon="80.2820026874542236328125">
        <ele>0</ele>
        <time>2026-07-10T02:32:30.000Z</time>
        <extensions>
          <ns3:TrackPointExtension>
            <ns3:hr>169</ns3:hr>
            <ns3:cad>91</ns3:cad>
          </ns3:TrackPointExtension>
        </extensions>
      </trkpt>
      <trkpt lat="13.04772980511188507080078125" lon="80.28199103660881519317626953125">
        <ele>0</ele>
        <time>2026-07-10T02:32:31.000Z</time>
        <extensions>
          <ns3:TrackPointExtension>
            <ns3:hr>173</ns3:hr>
            <ns3:cad>90</ns3:cad>
          </ns3:TrackPointExtension>
        </extensions>
      </trkpt>
      <trkpt lat="13.04772980511188507080078125" lon="80.28199103660881519317626953125">
        <ele>0</ele>
        <time>2026-07-10T02:32:32.000Z</time>
        <extensions>
          <ns3:TrackPointExtension>
            <ns3:hr>177</ns3:hr>
            <ns3:cad>90</ns3:cad>
          </ns3:TrackPointExtension>
        </extensions>
      </trkpt>
      <trkpt lat="13.0476769991219043731689453125" lon="80.281979553401470184326171875">
        <ele>0</ele>
        <time>2026-07-10T02:32:34.000Z</time>
        <extensions>
          <ns3:TrackPointExtension>
            <ns3:hr>180</ns3:hr>
            <ns3:cad>90</ns3:cad>
          </ns3:TrackPointExtension>
        </extensions>
      </trkpt>
      <trkpt lat="13.04748647846281528472900390625" lon="80.2819414995610713958740234375">
        <ele>0</ele>
        <time>2026-07-10T02:32:41.000Z</time>
        <extensions>
          <ns3:TrackPointExtension>
            <ns3:hr>179</ns3:hr>
            <ns3:cad>90</ns3:cad>
          </ns3:TrackPointExtension>
        </extensions>
      </trkpt>
      <trkpt lat="13.04740902967751026153564453125" lon="80.28193621896207332611083984375">
        <ele>0</ele>
        <time>2026-07-10T02:32:44.000Z</time>
        <extensions>
          <ns3:TrackPointExtension>
            <ns3:hr>176</ns3:hr>
            <ns3:cad>90</ns3:cad>
          </ns3:TrackPointExtension>
        </extensions>
      </trkpt>
      <trkpt lat="13.04728682152926921844482421875" lon="80.28192616067826747894287109375">
        <ele>0</ele>
        <time>2026-07-10T02:32:49.000Z</time>
        <extensions>
          <ns3:TrackPointExtension>
            <ns3:hr>179</ns3:hr>
            <ns3:cad>91</ns3:cad>
          </ns3:TrackPointExtension>
        </extensions>
      </trkpt>
      <trkpt lat="13.0470922775566577911376953125" lon="80.28190545737743377685546875">
        <ele>0</ele>
        <time>2026-07-10T02:32:57.000Z</time>
        <extensions>
          <ns3:TrackPointExtension>
            <ns3:hr>178</ns3:hr>
            <ns3:cad>89</ns3:cad>
          </ns3:TrackPointExtension>
        </extensions>
      </trkpt>
      <trkpt lat="13.04702145047485828399658203125" lon="80.28188810683786869049072265625">
        <ele>0</ele>
        <time>2026-07-10T02:33:00.000Z</time>
        <extensions>
          <ns3:TrackPointExtension>
            <ns3:hr>173</ns3:hr>
            <ns3:cad>89</ns3:cad>
          </ns3:TrackPointExtension>
        </extensions>
      </trkpt>
      <trkpt lat="13.0469740927219390869140625" lon="80.28188039548695087432861328125">
        <ele>0</ele>
        <time>2026-07-10T02:33:01.000Z</time>
        <extensions>
          <ns3:TrackPointExtension>
            <ns3:hr>173</ns3:hr>
            <ns3:cad>89</ns3:cad>
          </ns3:TrackPointExtension>
        </extensions>
      </trkpt>
      <trkpt lat="13.04694919846951961517333984375" lon="80.281876623630523681640625">
        <ele>0</ele>
        <time>2026-07-10T02:33:03.000Z</time>
        <extensions>
          <ns3:TrackPointExtension>
            <ns3:hr>178</ns3:hr>
            <ns3:cad>89</ns3:cad>
          </ns3:TrackPointExtension>
        </extensions>
      </trkpt>
      <trkpt lat="13.04687627591192722320556640625" lon="80.2818640507757663726806640625">
        <ele>0</ele>
        <time>2026-07-10T02:33:06.000Z</time>
        <extensions>
          <ns3:TrackPointExtension>
            <ns3:hr>181</ns3:hr>
            <ns3:cad>88</ns3:cad>
          </ns3:TrackPointExtension>
        </extensions>
      </trkpt>
      <trkpt lat="13.046806119382381439208984375" lon="80.28185374103486537933349609375">
        <ele>0</ele>
        <time>2026-07-10T02:33:09.000Z</time>
        <extensions>
          <ns3:TrackPointExtension>
            <ns3:hr>178</ns3:hr>
            <ns3:cad>88</ns3:cad>
          </ns3:TrackPointExtension>
        </extensions>
      </trkpt>
      <trkpt lat="13.04675792343914508819580078125" lon="80.281844101846218109130859375">
        <ele>0</ele>
        <time>2026-07-10T02:33:10.000Z</time>
        <extensions>
          <ns3:TrackPointExtension>
            <ns3:hr>174</ns3:hr>
            <ns3:cad>88</ns3:cad>
          </ns3:TrackPointExtension>
        </extensions>
      </trkpt>
      <trkpt lat="13.0467362143099308013916015625" lon="80.2818382345139980316162109375">
        <ele>0</ele>
        <time>2026-07-10T02:33:12.000Z</time>
        <extensions>
          <ns3:TrackPointExtension>
            <ns3:hr>180</ns3:hr>
            <ns3:cad>88</ns3:cad>
          </ns3:TrackPointExtension>
        </extensions>
      </trkpt>
      <trkpt lat="13.0466896109282970428466796875" lon="80.28182909823954105377197265625">
        <ele>0</ele>
        <time>2026-07-10T02:33:13.000Z</time>
        <extensions>
          <ns3:TrackPointExtension>
            <ns3:hr>186</ns3:hr>
            <ns3:cad>87</ns3:cad>
          </ns3:TrackPointExtension>
        </extensions>
      </trkpt>
      <trkpt lat="13.0466896109282970428466796875" lon="80.28182909823954105377197265625">
        <ele>0</ele>
        <time>2026-07-10T02:33:14.000Z</time>
        <extensions>
          <ns3:TrackPointExtension>
            <ns3:hr>186</ns3:hr>
            <ns3:cad>88</ns3:cad>
          </ns3:TrackPointExtension>
        </extensions>
      </trkpt>
      <trkpt lat="13.04661995731294155120849609375" lon="80.2818197943270206451416015625">
        <ele>0</ele>
        <time>2026-07-10T02:33:17.000Z</time>
        <extensions>
          <ns3:TrackPointExtension>
            <ns3:hr>183</ns3:hr>
            <ns3:cad>88</ns3:cad>
          </ns3:TrackPointExtension>
        </extensions>
      </trkpt>
      <trkpt lat="13.04644502699375152587890625" lon="80.2817879430949687957763671875">
        <ele>0</ele>
        <time>2026-07-10T02:33:25.000Z</time>
        <extensions>
          <ns3:TrackPointExtension>
            <ns3:hr>180</ns3:hr>
            <ns3:cad>87</ns3:cad>
          </ns3:TrackPointExtension>
        </extensions>
      </trkpt>
      <trkpt lat="13.04646740667521953582763671875" lon="80.281789116561412811279296875">
        <ele>0</ele>
        <time>2026-07-10T02:33:27.000Z</time>
        <extensions>
          <ns3:TrackPointExtension>
            <ns3:hr>180</ns3:hr>
            <ns3:cad>87</ns3:cad>
          </ns3:TrackPointExtension>
        </extensions>
      </trkpt>
      <trkpt lat="13.0464924685657024383544921875" lon="80.2817919664084911346435546875">
        <ele>0</ele>
        <time>2026-07-10T02:33:30.000Z</time>
        <extensions>
          <ns3:TrackPointExtension>
            <ns3:hr>180</ns3:hr>
            <ns3:cad>0</ns3:cad>
          </ns3:TrackPointExtension>
        </extensions>
      </trkpt>
      <trkpt lat="13.04632424376904964447021484375" lon="80.28173052705824375152587890625">
        <ele>0</ele>
        <time>2026-07-10T02:33:42.000Z</time>
        <extensions>
          <ns3:TrackPointExtension>
            <ns3:hr>179</ns3:hr>
            <ns3:cad>87</ns3:cad>
          </ns3:TrackPointExtension>
        </extensions>
      </trkpt>
      <trkpt lat="13.04613665677607059478759765625" lon="80.2816471271216869354248046875">
        <ele>0</ele>
        <time>2026-07-10T02:33:51.000Z</time>
        <extensions>
          <ns3:TrackPointExtension>
            <ns3:hr>178</ns3:hr>
            <ns3:cad>86</ns3:cad>
          </ns3:TrackPointExtension>
        </extensions>
      </trkpt>
      <trkpt lat="13.04608100093901157379150390625" lon="80.28162290342152118682861328125">
        <ele>0</ele>
        <time>2026-07-10T02:33:57.000Z</time>
        <extensions>
          <ns3:TrackPointExtension>
            <ns3:hr>175</ns3:hr>
            <ns3:cad>85</ns3:cad>
          </ns3:TrackPointExtension>
        </extensions>
      </trkpt>
      <trkpt lat="13.04606021381914615631103515625" lon="80.28161502443253993988037109375">
        <ele>0</ele>
        <time>2026-07-10T02:34:01.000Z</time>
        <extensions>
          <ns3:TrackPointExtension>
            <ns3:hr>172</ns3:hr>
            <ns3:cad>71</ns3:cad>
          </ns3:TrackPointExtension>
        </extensions>
      </trkpt>
      <trkpt lat="13.04611436091363430023193359375" lon="80.28165475465357303619384765625">
        <ele>0</ele>
        <time>2026-07-10T02:34:37.000Z</time>
        <extensions>
          <ns3:TrackPointExtension>
            <ns3:hr>168</ns3:hr>
            <ns3:cad>0</ns3:cad>
          </ns3:TrackPointExtension>
        </extensions>
      </trkpt>
      <trkpt lat="13.04611419327557086944580078125" lon="80.28165458701550960540771484375">
        <ele>0</ele>
        <time>2026-07-10T02:34:40.000Z</time>
        <extensions>
          <ns3:TrackPointExtension>
            <ns3:hr>165</ns3:hr>
            <ns3:cad>0</ns3:cad>
          </ns3:TrackPointExtension>
        </extensions>
      </trkpt>
      <trkpt lat="13.04611369036138057708740234375" lon="80.28165601193904876708984375">
        <ele>0</ele>
        <time>2026-07-10T02:34:43.000Z</time>
        <extensions>
          <ns3:TrackPointExtension>
            <ns3:hr>161</ns3:hr>
            <ns3:cad>0</ns3:cad>
          </ns3:TrackPointExtension>
        </extensions>
      </trkpt>
      <trkpt lat="13.046114109456539154052734375" lon="80.2816561795771121978759765625">
        <ele>0</ele>
        <time>2026-07-10T02:34:47.000Z</time>
        <extensions>
          <ns3:TrackPointExtension>
            <ns3:hr>148</ns3:hr>
            <ns3:cad>0</ns3:cad>
          </ns3:TrackPointExtension>
        </extensions>
      </trkpt>
      <trkpt lat="13.046093322336673736572265625" lon="80.2816553413867950439453125">
        <ele>0</ele>
        <time>2026-07-10T02:35:02.000Z</time>
        <extensions>
          <ns3:TrackPointExtension>
            <ns3:hr>145</ns3:hr>
            <ns3:cad>0</ns3:cad>
          </ns3:TrackPointExtension>
        </extensions>
      </trkpt>
      <trkpt lat="13.0460924841463565826416015625" lon="80.281655676662921905517578125">
        <ele>0</ele>
        <time>2026-07-10T02:35:06.000Z</time>
        <extensions>
          <ns3:TrackPointExtension>
            <ns3:hr>142</ns3:hr>
            <ns3:cad>0</ns3:cad>
          </ns3:TrackPointExtension>
        </extensions>
      </trkpt>
      <trkpt lat="13.04607748053967952728271484375" lon="80.28165198862552642822265625">
        <ele>0</ele>
        <time>2026-07-10T02:35:10.000Z</time>
        <extensions>
          <ns3:TrackPointExtension>
            <ns3:hr>139</ns3:hr>
            <ns3:cad>60</ns3:cad>
          </ns3:TrackPointExtension>
        </extensions>
      </trkpt>
      <trkpt lat="13.04604194127023220062255859375" lon="80.281632207334041595458984375">
        <ele>0</ele>
        <time>2026-07-10T02:35:16.000Z</time>
        <extensions>
          <ns3:TrackPointExtension>
            <ns3:hr>136</ns3:hr>
            <ns3:cad>0</ns3:cad>
          </ns3:TrackPointExtension>
        </extensions>
      </trkpt>
      <trkpt lat="13.04601453244686126708984375" lon="80.2816226519644260406494140625">
        <ele>0</ele>
        <time>2026-07-10T02:35:20.000Z</time>
        <extensions>
          <ns3:TrackPointExtension>
            <ns3:hr>133</ns3:hr>
            <ns3:cad>60</ns3:cad>
          </ns3:TrackPointExtension>
        </extensions>
      </trkpt>
      <trkpt lat="13.04598980583250522613525390625" lon="80.28161401860415935516357421875">
        <ele>0</ele>
        <time>2026-07-10T02:35:24.000Z</time>
        <extensions>
          <ns3:TrackPointExtension>
            <ns3:hr>129</ns3:hr>
            <ns3:cad>0</ns3:cad>
          </ns3:TrackPointExtension>
        </extensions>
      </trkpt>
      <trkpt lat="13.045930378139019012451171875" lon="80.2815914712846279144287109375">
        <ele>0</ele>
        <time>2026-07-10T02:35:33.000Z</time>
        <extensions>
          <ns3:TrackPointExtension>
            <ns3:hr>133</ns3:hr>
            <ns3:cad>0</ns3:cad>
          </ns3:TrackPointExtension>
        </extensions>
      </trkpt>
      <trkpt lat="13.0459090881049633026123046875" lon="80.28158702887594699859619140625">
        <ele>0</ele>
        <time>2026-07-10T02:35:36.000Z</time>
        <extensions>
          <ns3:TrackPointExtension>
            <ns3:hr>136</ns3:hr>
            <ns3:cad>0</ns3:cad>
          </ns3:TrackPointExtension>
        </extensions>
      </trkpt>
      <trkpt lat="13.04587866179645061492919921875" lon="80.28158803470432758331298828125">
        <ele>0</ele>
        <time>2026-07-10T02:35:41.000Z</time>
        <extensions>
          <ns3:TrackPointExtension>
            <ns3:hr>139</ns3:hr>
            <ns3:cad>0</ns3:cad>
          </ns3:TrackPointExtension>
        </extensions>
      </trkpt>
      <trkpt lat="13.0458400212228298187255859375" lon="80.28157965280115604400634765625">
        <ele>0</ele>
        <time>2026-07-10T02:35:47.000Z</time>
        <extensions>
          <ns3:TrackPointExtension>
            <ns3:hr>143</ns3:hr>
            <ns3:cad>60</ns3:cad>
          </ns3:TrackPointExtension>
        </extensions>
      </trkpt>
      <trkpt lat="13.04580423049628734588623046875" lon="80.28156741522252559661865234375">
        <ele>0</ele>
        <time>2026-07-10T02:35:52.000Z</time>
        <extensions>
          <ns3:TrackPointExtension>
            <ns3:hr>140</ns3:hr>
            <ns3:cad>60</ns3:cad>
          </ns3:TrackPointExtension>
        </extensions>
      </trkpt>
      <trkpt lat="13.0456785857677459716796875" lon="80.28152114711701869964599609375">
        <ele>0</ele>
        <time>2026-07-10T02:36:07.000Z</time>
        <extensions>
          <ns3:TrackPointExtension>
            <ns3:hr>137</ns3:hr>
            <ns3:cad>60</ns3:cad>
          </ns3:TrackPointExtension>
        </extensions>
      </trkpt>
      <trkpt lat="13.0456606484949588775634765625" lon="80.281516201794147491455078125">
        <ele>0</ele>
        <time>2026-07-10T02:36:09.000Z</time>
        <extensions>
          <ns3:TrackPointExtension>
            <ns3:hr>137</ns3:hr>
            <ns3:cad>60</ns3:cad>
          </ns3:TrackPointExtension>
        </extensions>
      </trkpt>
      <trkpt lat="13.0455996282398700714111328125" lon="80.28149600140750408172607421875">
        <ele>0</ele>
        <time>2026-07-10T02:36:16.000Z</time>
        <extensions>
          <ns3:TrackPointExtension>
            <ns3:hr>138</ns3:hr>
            <ns3:cad>60</ns3:cad>
          </ns3:TrackPointExtension>
        </extensions>
      </trkpt>
      <trkpt lat="13.04557205177843570709228515625" lon="80.2814908884465694427490234375">
        <ele>0</ele>
        <time>2026-07-10T02:36:20.000Z</time>
        <extensions>
          <ns3:TrackPointExtension>
            <ns3:hr>136</ns3:hr>
            <ns3:cad>60</ns3:cad>
          </ns3:TrackPointExtension>
        </extensions>
      </trkpt>
      <trkpt lat="13.04553433321416378021240234375" lon="80.28149533085525035858154296875">
        <ele>0</ele>
        <time>2026-07-10T02:36:25.000Z</time>
        <extensions>
          <ns3:TrackPointExtension>
            <ns3:hr>137</ns3:hr>
            <ns3:cad>50</ns3:cad>
          </ns3:TrackPointExtension>
        </extensions>
      </trkpt>
      <trkpt lat="13.045447580516338348388671875" lon="80.28147504664957523345947265625">
        <ele>0</ele>
        <time>2026-07-10T02:36:36.000Z</time>
        <extensions>
          <ns3:TrackPointExtension>
            <ns3:hr>138</ns3:hr>
            <ns3:cad>60</ns3:cad>
          </ns3:TrackPointExtension>
        </extensions>
      </trkpt>
      <trkpt lat="13.04532922804355621337890625" lon="80.2814412675797939300537109375">
        <ele>0</ele>
        <time>2026-07-10T02:37:02.000Z</time>
        <extensions>
          <ns3:TrackPointExtension>
            <ns3:hr>135</ns3:hr>
            <ns3:cad>60</ns3:cad>
          </ns3:TrackPointExtension>
        </extensions>
      </trkpt>
      <trkpt lat="13.04530785419046878814697265625" lon="80.28143070638179779052734375">
        <ele>0</ele>
        <time>2026-07-10T02:37:34.000Z</time>
        <extensions>
          <ns3:TrackPointExtension>
            <ns3:hr>138</ns3:hr>
            <ns3:cad>0</ns3:cad>
          </ns3:TrackPointExtension>
        </extensions>
      </trkpt>
      <trkpt lat="13.04512546397745609283447265625" lon="80.28139525093138217926025390625">
        <ele>0</ele>
        <time>2026-07-10T02:37:51.000Z</time>
        <extensions>
          <ns3:TrackPointExtension>
            <ns3:hr>139</ns3:hr>
            <ns3:cad>87</ns3:cad>
          </ns3:TrackPointExtension>
        </extensions>
      </trkpt>
      <trkpt lat="13.0449807085096836090087890625" lon="80.281372033059597015380859375">
        <ele>0</ele>
        <time>2026-07-10T02:37:57.000Z</time>
        <extensions>
          <ns3:TrackPointExtension>
            <ns3:hr>136</ns3:hr>
            <ns3:cad>87</ns3:cad>
          </ns3:TrackPointExtension>
        </extensions>
      </trkpt>
      <trkpt lat="13.044901750981807708740234375" lon="80.28136306442320346832275390625">
        <ele>0</ele>
        <time>2026-07-10T02:38:00.000Z</time>
        <extensions>
          <ns3:TrackPointExtension>
            <ns3:hr>144</ns3:hr>
            <ns3:cad>88</ns3:cad>
          </ns3:TrackPointExtension>
        </extensions>
      </trkpt>
      <trkpt lat="13.04484819062054157257080078125" lon="80.28135426342487335205078125">
        <ele>0</ele>
        <time>2026-07-10T02:38:01.000Z</time>
        <extensions>
          <ns3:TrackPointExtension>
            <ns3:hr>149</ns3:hr>
            <ns3:cad>88</ns3:cad>
          </ns3:TrackPointExtension>
        </extensions>
      </trkpt>
      <trkpt lat="13.04484819062054157257080078125" lon="80.28135426342487335205078125">
        <ele>0</ele>
        <time>2026-07-10T02:38:02.000Z</time>
        <extensions>
          <ns3:TrackPointExtension>
            <ns3:hr>154</ns3:hr>
            <ns3:cad>88</ns3:cad>
          </ns3:TrackPointExtension>
        </extensions>
      </trkpt>
      <trkpt lat="13.044821955263614654541015625" lon="80.2813463844358921051025390625">
        <ele>0</ele>
        <time>2026-07-10T02:38:03.000Z</time>
        <extensions>
          <ns3:TrackPointExtension>
            <ns3:hr>161</ns3:hr>
            <ns3:cad>89</ns3:cad>
          </ns3:TrackPointExtension>
        </extensions>
      </trkpt>
      <trkpt lat="13.04479622282087802886962890625" lon="80.28133842162787914276123046875">
        <ele>0</ele>
        <time>2026-07-10T02:38:04.000Z</time>
        <extensions>
          <ns3:TrackPointExtension>
            <ns3:hr>164</ns3:hr>
            <ns3:cad>89</ns3:cad>
          </ns3:TrackPointExtension>
        </extensions>
      </trkpt>
      <trkpt lat="13.04463126696646213531494140625" lon="80.28130237944424152374267578125">
        <ele>0</ele>
        <time>2026-07-10T02:38:10.000Z</time>
        <extensions>
          <ns3:TrackPointExtension>
            <ns3:hr>161</ns3:hr>
            <ns3:cad>92</ns3:cad>
          </ns3:TrackPointExtension>
        </extensions>
      </trkpt>
      <trkpt lat="13.04460561834275722503662109375" lon="80.281291902065277099609375">
        <ele>0</ele>
        <time>2026-07-10T02:38:11.000Z</time>
        <extensions>
          <ns3:TrackPointExtension>
            <ns3:hr>164</ns3:hr>
            <ns3:cad>92</ns3:cad>
          </ns3:TrackPointExtension>
        </extensions>
      </trkpt>
      <trkpt lat="13.04455448873341083526611328125" lon="80.28127656318247318267822265625">
        <ele>0</ele>
        <time>2026-07-10T02:38:13.000Z</time>
        <extensions>
          <ns3:TrackPointExtension>
            <ns3:hr>167</ns3:hr>
            <ns3:cad>91</ns3:cad>
          </ns3:TrackPointExtension>
        </extensions>
      </trkpt>
      <trkpt lat="13.04452951066195964813232421875" lon="80.28127052821218967437744140625">
        <ele>0</ele>
        <time>2026-07-10T02:38:14.000Z</time>
        <extensions>
          <ns3:TrackPointExtension>
            <ns3:hr>171</ns3:hr>
            <ns3:cad>90</ns3:cad>
          </ns3:TrackPointExtension>
        </extensions>
      </trkpt>
      <trkpt lat="13.04450444877147674560546875" lon="80.281264744699001312255859375">
        <ele>0</ele>
        <time>2026-07-10T02:38:15.000Z</time>
        <extensions>
          <ns3:TrackPointExtension>
            <ns3:hr>170</ns3:hr>
            <ns3:cad>90</ns3:cad>
          </ns3:TrackPointExtension>
        </extensions>
      </trkpt>
      <trkpt lat="13.0443669855594635009765625" lon="80.281221829354763031005859375">
        <ele>0</ele>
        <time>2026-07-10T02:38:21.000Z</time>
        <extensions>
          <ns3:TrackPointExtension>
            <ns3:hr>167</ns3:hr>
            <ns3:cad>87</ns3:cad>
          </ns3:TrackPointExtension>
        </extensions>
      </trkpt>
      <trkpt lat="13.04432809352874755859375" lon="80.28121135197579860687255859375">
        <ele>0</ele>
        <time>2026-07-10T02:38:23.000Z</time>
        <extensions>
          <ns3:TrackPointExtension>
            <ns3:hr>171</ns3:hr>
            <ns3:cad>87</ns3:cad>
          </ns3:TrackPointExtension>
        </extensions>
      </trkpt>
      <trkpt lat="13.04413237608969211578369140625" lon="80.28117564506828784942626953125">
        <ele>0</ele>
        <time>2026-07-10T02:38:32.000Z</time>
        <extensions>
          <ns3:TrackPointExtension>
            <ns3:hr>171</ns3:hr>
            <ns3:cad>86</ns3:cad>
          </ns3:TrackPointExtension>
        </extensions>
      </trkpt>
      <trkpt lat="13.044028021395206451416015625" lon="80.2811572887003421783447265625">
        <ele>0</ele>
        <time>2026-07-10T02:38:37.000Z</time>
        <extensions>
          <ns3:TrackPointExtension>
            <ns3:hr>168</ns3:hr>
            <ns3:cad>87</ns3:cad>
          </ns3:TrackPointExtension>
        </extensions>
      </trkpt>
      <trkpt lat="13.04398435167968273162841796875" lon="80.281142033636569976806640625">
        <ele>0</ele>
        <time>2026-07-10T02:38:38.000Z</time>
        <extensions>
          <ns3:TrackPointExtension>
            <ns3:hr>171</ns3:hr>
            <ns3:cad>87</ns3:cad>
          </ns3:TrackPointExtension>
        </extensions>
      </trkpt>
      <trkpt lat="13.04394093342125415802001953125" lon="80.281130969524383544921875">
        <ele>0</ele>
        <time>2026-07-10T02:38:41.000Z</time>
        <extensions>
          <ns3:TrackPointExtension>
            <ns3:hr>174</ns3:hr>
            <ns3:cad>87</ns3:cad>
          </ns3:TrackPointExtension>
        </extensions>
      </trkpt>
      <trkpt lat="13.043830208480358123779296875" lon="80.2811108529567718505859375">
        <ele>0</ele>
        <time>2026-07-10T02:38:46.000Z</time>
        <extensions>
          <ns3:TrackPointExtension>
            <ns3:hr>177</ns3:hr>
            <ns3:cad>86</ns3:cad>
          </ns3:TrackPointExtension>
        </extensions>
      </trkpt>
      <trkpt lat="13.04378704167902469635009765625" lon="80.28110481798648834228515625">
        <ele>0</ele>
        <time>2026-07-10T02:38:48.000Z</time>
        <extensions>
          <ns3:TrackPointExtension>
            <ns3:hr>180</ns3:hr>
            <ns3:cad>86</ns3:cad>
          </ns3:TrackPointExtension>
        </extensions>
      </trkpt>
      <trkpt lat="13.04376474581658840179443359375" lon="80.28110037557780742645263671875">
        <ele>0</ele>
        <time>2026-07-10T02:38:49.000Z</time>
        <extensions>
          <ns3:TrackPointExtension>
            <ns3:hr>176</ns3:hr>
            <ns3:cad>86</ns3:cad>
          </ns3:TrackPointExtension>
        </extensions>
      </trkpt>
      <trkpt lat="13.04369936697185039520263671875" lon="80.281098783016204833984375">
        <ele>0</ele>
        <time>2026-07-10T02:38:52.000Z</time>
        <extensions>
          <ns3:TrackPointExtension>
            <ns3:hr>180</ns3:hr>
            <ns3:cad>87</ns3:cad>
          </ns3:TrackPointExtension>
        </extensions>
      </trkpt>
      <trkpt lat="13.0435142107307910919189453125" lon="80.28107791207730770111083984375">
        <ele>0</ele>
        <time>2026-07-10T02:39:00.000Z</time>
        <extensions>
          <ns3:TrackPointExtension>
            <ns3:hr>175</ns3:hr>
            <ns3:cad>87</ns3:cad>
          </ns3:TrackPointExtension>
        </extensions>
      </trkpt>
      <trkpt lat="13.043429218232631683349609375" lon="80.28106014244258403778076171875">
        <ele>0</ele>
        <time>2026-07-10T02:39:04.000Z</time>
        <extensions>
          <ns3:TrackPointExtension>
            <ns3:hr>178</ns3:hr>
            <ns3:cad>87</ns3:cad>
          </ns3:TrackPointExtension>
        </extensions>
      </trkpt>
      <trkpt lat="13.0434082634747028350830078125" lon="80.28105611912906169891357421875">
        <ele>0</ele>
        <time>2026-07-10T02:39:05.000Z</time>
        <extensions>
          <ns3:TrackPointExtension>
            <ns3:hr>181</ns3:hr>
            <ns3:cad>87</ns3:cad>
          </ns3:TrackPointExtension>
        </extensions>
      </trkpt>
      <trkpt lat="13.0433933436870574951171875" lon="80.28105377219617366790771484375">
        <ele>0</ele>
        <time>2026-07-10T02:39:06.000Z</time>
        <extensions>
          <ns3:TrackPointExtension>
            <ns3:hr>181</ns3:hr>
            <ns3:cad>87</ns3:cad>
          </ns3:TrackPointExtension>
        </extensions>
      </trkpt>
      <trkpt lat="13.0433801002800464630126953125" lon="80.28105310164391994476318359375">
        <ele>0</ele>
        <time>2026-07-10T02:39:09.000Z</time>
        <extensions>
          <ns3:TrackPointExtension>
            <ns3:hr>178</ns3:hr>
            <ns3:cad>79</ns3:cad>
          </ns3:TrackPointExtension>
        </extensions>
      </trkpt>
      <trkpt lat="13.043376915156841278076171875" lon="80.28105192817747592926025390625">
        <ele>0</ele>
        <time>2026-07-10T02:39:12.000Z</time>
        <extensions>
          <ns3:TrackPointExtension>
            <ns3:hr>175</ns3:hr>
            <ns3:cad>48</ns3:cad>
          </ns3:TrackPointExtension>
        </extensions>
      </trkpt>
      <trkpt lat="13.0434374324977397918701171875" lon="80.28106198646128177642822265625">
        <ele>0</ele>
        <time>2026-07-10T02:39:21.000Z</time>
        <extensions>
          <ns3:TrackPointExtension>
            <ns3:hr>179</ns3:hr>
            <ns3:cad>60</ns3:cad>
          </ns3:TrackPointExtension>
        </extensions>
      </trkpt>
      <trkpt lat="13.04345528595149517059326171875" lon="80.281063579022884368896484375">
        <ele>0</ele>
        <time>2026-07-10T02:39:23.000Z</time>
        <extensions>
          <ns3:TrackPointExtension>
            <ns3:hr>176</ns3:hr>
            <ns3:cad>60</ns3:cad>
          </ns3:TrackPointExtension>
        </extensions>
      </trkpt>
      <trkpt lat="13.04347121156752109527587890625" lon="80.2810650877654552459716796875">
        <ele>0</ele>
        <time>2026-07-10T02:39:25.000Z</time>
        <extensions>
          <ns3:TrackPointExtension>
            <ns3:hr>172</ns3:hr>
            <ns3:cad>60</ns3:cad>
          </ns3:TrackPointExtension>
        </extensions>
      </trkpt>
      <trkpt lat="13.04348051548004150390625" lon="80.28106391429901123046875">
        <ele>0</ele>
        <time>2026-07-10T02:39:26.000Z</time>
        <extensions>
          <ns3:TrackPointExtension>
            <ns3:hr>169</ns3:hr>
            <ns3:cad>60</ns3:cad>
          </ns3:TrackPointExtension>
        </extensions>
      </trkpt>
      <trkpt lat="13.0435024760663509368896484375" lon="80.28106349520385265350341796875">
        <ele>0</ele>
        <time>2026-07-10T02:39:28.000Z</time>
        <extensions>
          <ns3:TrackPointExtension>
            <ns3:hr>166</ns3:hr>
            <ns3:cad>60</ns3:cad>
          </ns3:TrackPointExtension>
        </extensions>
      </trkpt>
      <trkpt lat="13.04352653212845325469970703125" lon="80.281059555709362030029296875">
        <ele>0</ele>
        <time>2026-07-10T02:39:29.000Z</time>
        <extensions>
          <ns3:TrackPointExtension>
            <ns3:hr>163</ns3:hr>
            <ns3:cad>50</ns3:cad>
          </ns3:TrackPointExtension>
        </extensions>
      </trkpt>
      <trkpt lat="13.04352653212845325469970703125" lon="80.281059555709362030029296875">
        <ele>0</ele>
        <time>2026-07-10T02:39:30.000Z</time>
        <extensions>
          <ns3:TrackPointExtension>
            <ns3:hr>163</ns3:hr>
            <ns3:cad>50</ns3:cad>
          </ns3:TrackPointExtension>
        </extensions>
      </trkpt>
      <trkpt lat="13.04358134977519512176513671875" lon="80.28107590042054653167724609375">
        <ele>0</ele>
        <time>2026-07-10T02:39:35.000Z</time>
        <extensions>
          <ns3:TrackPointExtension>
            <ns3:hr>163</ns3:hr>
            <ns3:cad>0</ns3:cad>
          </ns3:TrackPointExtension>
        </extensions>
      </trkpt>
      <trkpt lat="13.0436117760837078094482421875" lon="80.2810811810195446014404296875">
        <ele>0</ele>
        <time>2026-07-10T02:39:39.000Z</time>
        <extensions>
          <ns3:TrackPointExtension>
            <ns3:hr>163</ns3:hr>
            <ns3:cad>50</ns3:cad>
          </ns3:TrackPointExtension>
        </extensions>
      </trkpt>
      <trkpt lat="13.04366248659789562225341796875" lon="80.2810818515717983245849609375">
        <ele>0</ele>
        <time>2026-07-10T02:39:45.000Z</time>
        <extensions>
          <ns3:TrackPointExtension>
            <ns3:hr>160</ns3:hr>
            <ns3:cad>51</ns3:cad>
          </ns3:TrackPointExtension>
        </extensions>
      </trkpt>
      <trkpt lat="13.04370204918086528778076171875" lon="80.2810999564826488494873046875">
        <ele>0</ele>
        <time>2026-07-10T02:39:56.000Z</time>
        <extensions>
          <ns3:TrackPointExtension>
            <ns3:hr>157</ns3:hr>
            <ns3:cad>0</ns3:cad>
          </ns3:TrackPointExtension>
        </extensions>
      </trkpt>
      <trkpt lat="13.04363935254514217376708984375" lon="80.28109316714107990264892578125">
        <ele>0</ele>
        <time>2026-07-10T02:40:03.000Z</time>
        <extensions>
          <ns3:TrackPointExtension>
            <ns3:hr>155</ns3:hr>
            <ns3:cad>60</ns3:cad>
          </ns3:TrackPointExtension>
        </extensions>
      </trkpt>
      <trkpt lat="13.0435930006206035614013671875" lon="80.2810687758028507232666015625">
        <ele>0</ele>
        <time>2026-07-10T02:40:08.000Z</time>
        <extensions>
          <ns3:TrackPointExtension>
            <ns3:hr>158</ns3:hr>
            <ns3:cad>0</ns3:cad>
          </ns3:TrackPointExtension>
        </extensions>
      </trkpt>
      <trkpt lat="13.04353491403162479400634765625" lon="80.2810476534068584442138671875">
        <ele>0</ele>
        <time>2026-07-10T02:40:15.000Z</time>
        <extensions>
          <ns3:TrackPointExtension>
            <ns3:hr>156</ns3:hr>
            <ns3:cad>60</ns3:cad>
          </ns3:TrackPointExtension>
        </extensions>
      </trkpt>
      <trkpt lat="13.043514378368854522705078125" lon="80.28104539029300212860107421875">
        <ele>0</ele>
        <time>2026-07-10T02:40:18.000Z</time>
        <extensions>
          <ns3:TrackPointExtension>
            <ns3:hr>153</ns3:hr>
            <ns3:cad>60</ns3:cad>
          </ns3:TrackPointExtension>
        </extensions>
      </trkpt>
      <trkpt lat="13.04341949522495269775390625" lon="80.28103130869567394256591796875">
        <ele>0</ele>
        <time>2026-07-10T02:40:29.000Z</time>
        <extensions>
          <ns3:TrackPointExtension>
            <ns3:hr>150</ns3:hr>
            <ns3:cad>55</ns3:cad>
          </ns3:TrackPointExtension>
        </extensions>
      </trkpt>
      <trkpt lat="13.0433851294219493865966796875" lon="80.281017981469631195068359375">
        <ele>0</ele>
        <time>2026-07-10T02:40:35.000Z</time>
        <extensions>
          <ns3:TrackPointExtension>
            <ns3:hr>143</ns3:hr>
            <ns3:cad>0</ns3:cad>
          </ns3:TrackPointExtension>
        </extensions>
      </trkpt>
      <trkpt lat="13.0433740653097629547119140625" lon="80.28100951574742794036865234375">
        <ele>0</ele>
        <time>2026-07-10T02:40:37.000Z</time>
        <extensions>
          <ns3:TrackPointExtension>
            <ns3:hr>146</ns3:hr>
            <ns3:cad>0</ns3:cad>
          </ns3:TrackPointExtension>
        </extensions>
      </trkpt>
      <trkpt lat="13.0432754941284656524658203125" lon="80.2810064144432544708251953125">
        <ele>0</ele>
        <time>2026-07-10T02:40:51.000Z</time>
        <extensions>
          <ns3:TrackPointExtension>
            <ns3:hr>149</ns3:hr>
            <ns3:cad>60</ns3:cad>
          </ns3:TrackPointExtension>
        </extensions>
      </trkpt>
      <trkpt lat="13.04321439005434513092041015625" lon="80.2809852920472621917724609375">
        <ele>0</ele>
        <time>2026-07-10T02:41:00.000Z</time>
        <extensions>
          <ns3:TrackPointExtension>
            <ns3:hr>146</ns3:hr>
            <ns3:cad>0</ns3:cad>
          </ns3:TrackPointExtension>
        </extensions>
      </trkpt>
      <trkpt lat="13.04318270646035671234130859375" lon="80.2809759043157100677490234375">
        <ele>0</ele>
        <time>2026-07-10T02:41:04.000Z</time>
        <extensions>
          <ns3:TrackPointExtension>
            <ns3:hr>144</ns3:hr>
            <ns3:cad>0</ns3:cad>
          </ns3:TrackPointExtension>
        </extensions>
      </trkpt>
      <trkpt lat="13.04311581887304782867431640625" lon="80.28094631619751453399658203125">
        <ele>0</ele>
        <time>2026-07-10T02:41:12.000Z</time>
        <extensions>
          <ns3:TrackPointExtension>
            <ns3:hr>143</ns3:hr>
            <ns3:cad>54</ns3:cad>
          </ns3:TrackPointExtension>
        </extensions>
      </trkpt>
      <trkpt lat="13.043067790567874908447265625" lon="80.28094447217881679534912109375">
        <ele>0</ele>
        <time>2026-07-10T02:41:18.000Z</time>
        <extensions>
          <ns3:TrackPointExtension>
            <ns3:hr>142</ns3:hr>
            <ns3:cad>54</ns3:cad>
          </ns3:TrackPointExtension>
        </extensions>
      </trkpt>
      <trkpt lat="13.043057061731815338134765625" lon="80.28094246052205562591552734375">
        <ele>0</ele>
        <time>2026-07-10T02:41:20.000Z</time>
        <extensions>
          <ns3:TrackPointExtension>
            <ns3:hr>142</ns3:hr>
            <ns3:cad>54</ns3:cad>
          </ns3:TrackPointExtension>
        </extensions>
      </trkpt>
      <trkpt lat="13.043044321238994598388671875" lon="80.28093516826629638671875">
        <ele>0</ele>
        <time>2026-07-10T02:41:23.000Z</time>
        <extensions>
          <ns3:TrackPointExtension>
            <ns3:hr>139</ns3:hr>
            <ns3:cad>60</ns3:cad>
          </ns3:TrackPointExtension>
        </extensions>
      </trkpt>
      <trkpt lat="13.043042309582233428955078125" lon="80.28093307279050350189208984375">
        <ele>0</ele>
        <time>2026-07-10T02:41:35.000Z</time>
        <extensions>
          <ns3:TrackPointExtension>
            <ns3:hr>142</ns3:hr>
            <ns3:cad>0</ns3:cad>
          </ns3:TrackPointExtension>
        </extensions>
      </trkpt>
      <trkpt lat="13.0430387891829013824462890625" lon="80.2809246070683002471923828125">
        <ele>0</ele>
        <time>2026-07-10T02:42:06.000Z</time>
        <extensions>
          <ns3:TrackPointExtension>
            <ns3:hr>139</ns3:hr>
            <ns3:cad>0</ns3:cad>
          </ns3:TrackPointExtension>
        </extensions>
      </trkpt>
      <trkpt lat="13.0430364422500133514404296875" lon="80.280924774706363677978515625">
        <ele>0</ele>
        <time>2026-07-10T02:42:20.000Z</time>
        <extensions>
          <ns3:TrackPointExtension>
            <ns3:hr>136</ns3:hr>
            <ns3:cad>0</ns3:cad>
          </ns3:TrackPointExtension>
        </extensions>
      </trkpt>
      <trkpt lat="13.04291121661663055419921875" lon="80.28090876527130603790283203125">
        <ele>0</ele>
        <time>2026-07-10T02:42:30.000Z</time>
        <extensions>
          <ns3:TrackPointExtension>
            <ns3:hr>139</ns3:hr>
            <ns3:cad>80</ns3:cad>
          </ns3:TrackPointExtension>
        </extensions>
      </trkpt>
      <trkpt lat="13.04285489022731781005859375" lon="80.280897617340087890625">
        <ele>0</ele>
        <time>2026-07-10T02:42:33.000Z</time>
        <extensions>
          <ns3:TrackPointExtension>
            <ns3:hr>143</ns3:hr>
            <ns3:cad>83</ns3:cad>
          </ns3:TrackPointExtension>
        </extensions>
      </trkpt>
      <trkpt lat="13.042835779488086700439453125" lon="80.2808920852839946746826171875">
        <ele>0</ele>
        <time>2026-07-10T02:42:34.000Z</time>
        <extensions>
          <ns3:TrackPointExtension>
            <ns3:hr>146</ns3:hr>
            <ns3:cad>83</ns3:cad>
          </ns3:TrackPointExtension>
        </extensions>
      </trkpt>
      <trkpt lat="13.04279982112348079681396484375" lon="80.28088043443858623504638671875">
        <ele>0</ele>
        <time>2026-07-10T02:42:35.000Z</time>
        <extensions>
          <ns3:TrackPointExtension>
            <ns3:hr>157</ns3:hr>
            <ns3:cad>82</ns3:cad>
          </ns3:TrackPointExtension>
        </extensions>
      </trkpt>
      <trkpt lat="13.04279982112348079681396484375" lon="80.28088043443858623504638671875">
        <ele>0</ele>
        <time>2026-07-10T02:42:36.000Z</time>
        <extensions>
          <ns3:TrackPointExtension>
            <ns3:hr>157</ns3:hr>
            <ns3:cad>82</ns3:cad>
          </ns3:TrackPointExtension>
        </extensions>
      </trkpt>
      <trkpt lat="13.04276009090244770050048828125" lon="80.28087146580219268798828125">
        <ele>0</ele>
        <time>2026-07-10T02:42:38.000Z</time>
        <extensions>
          <ns3:TrackPointExtension>
            <ns3:hr>163</ns3:hr>
            <ns3:cad>82</ns3:cad>
          </ns3:TrackPointExtension>
        </extensions>
      </trkpt>
      <trkpt lat="13.04266604594886302947998046875" lon="80.2808461524546146392822265625">
        <ele>0</ele>
        <time>2026-07-10T02:42:43.000Z</time>
        <extensions>
          <ns3:TrackPointExtension>
            <ns3:hr>168</ns3:hr>
            <ns3:cad>83</ns3:cad>
          </ns3:TrackPointExtension>
        </extensions>
      </trkpt>
      <trkpt lat="13.04263033904135227203369140625" lon="80.28083232231438159942626953125">
        <ele>0</ele>
        <time>2026-07-10T02:42:45.000Z</time>
        <extensions>
          <ns3:TrackPointExtension>
            <ns3:hr>172</ns3:hr>
            <ns3:cad>83</ns3:cad>
          </ns3:TrackPointExtension>
        </extensions>
      </trkpt>
      <trkpt lat="13.042515255510807037353515625" lon="80.28082863427698612213134765625">
        <ele>0</ele>
        <time>2026-07-10T02:42:54.000Z</time>
        <extensions>
          <ns3:TrackPointExtension>
            <ns3:hr>176</ns3:hr>
            <ns3:cad>83</ns3:cad>
          </ns3:TrackPointExtension>
        </extensions>
      </trkpt>
      <trkpt lat="13.04250829853117465972900390625" lon="80.28083316050469875335693359375">
        <ele>0</ele>
        <time>2026-07-10T02:42:55.000Z</time>
        <extensions>
          <ns3:TrackPointExtension>
            <ns3:hr>179</ns3:hr>
            <ns3:cad>83</ns3:cad>
          </ns3:TrackPointExtension>
        </extensions>
      </trkpt>
      <trkpt lat="13.04239782504737377166748046875" lon="80.28082075528800487518310546875">
        <ele>0</ele>
        <time>2026-07-10T02:43:06.000Z</time>
        <extensions>
          <ns3:TrackPointExtension>
            <ns3:hr>182</ns3:hr>
            <ns3:cad>60</ns3:cad>
          </ns3:TrackPointExtension>
        </extensions>
      </trkpt>
      <trkpt lat="13.04238558746874332427978515625" lon="80.280816145241260528564453125">
        <ele>0</ele>
        <time>2026-07-10T02:43:07.000Z</time>
        <extensions>
          <ns3:TrackPointExtension>
            <ns3:hr>187</ns3:hr>
            <ns3:cad>62</ns3:cad>
          </ns3:TrackPointExtension>
        </extensions>
      </trkpt>
      <trkpt lat="13.0423608608543872833251953125" lon="80.28080835007131099700927734375">
        <ele>0</ele>
        <time>2026-07-10T02:43:09.000Z</time>
        <extensions>
          <ns3:TrackPointExtension>
            <ns3:hr>189</ns3:hr>
            <ns3:cad>62</ns3:cad>
          </ns3:TrackPointExtension>
        </extensions>
      </trkpt>
    </trkseg>
  </trk>
</gpx>
