<?xml version="1.0" encoding="UTF-8"?>
<gpx creator="Garmin Connect" version="1.1"
  xsi:schemaLocation="http://www.topografix.com/GPX/1/1 http://www.topografix.com/GPX/11.xsd"
  xmlns:ns3="http://www.garmin.com/xmlschemas/TrackPointExtension/v1"
  xmlns="http://www.topografix.com/GPX/1/1"
  xmlns:xsi="http://www.w3.org/2001/XMLSchema-instance" xmlns:ns2="http://www.garmin.com/xmlschemas/GpxExtensions/v3">
  <metadata>
    <link href="connect.garmin.com">
      <text>Garmin Connect</text>
    </link>
    <time>2026-06-28T01:09:17.000Z</time>
  </metadata>
  <trk>
    <name>Chennai Running</name>
    <type>running</type>
    <trkseg>
      <trkpt lat="13.0014209635555744171142578125" lon="80.27369580231606960296630859375">
        <ele>0</ele>
        <time>2026-06-28T01:09:17.000Z</time>
        <extensions>
          <ns3:TrackPointExtension>
            <ns3:hr>101</ns3:hr>
            <ns3:cad>60</ns3:cad>
          </ns3:TrackPointExtension>
        </extensions>
      </trkpt>
      <trkpt lat="13.00143261440098285675048828125" lon="80.2736980654299259185791015625">
        <ele>0</ele>
        <time>2026-06-28T01:09:18.000Z</time>
        <extensions>
          <ns3:TrackPointExtension>
            <ns3:hr>101</ns3:hr>
            <ns3:cad>60</ns3:cad>
          </ns3:TrackPointExtension>
        </extensions>
      </trkpt>
      <trkpt lat="13.0014749430119991302490234375" lon="80.27370284311473369598388671875">
        <ele>0</ele>
        <time>2026-06-28T01:09:23.000Z</time>
        <extensions>
          <ns3:TrackPointExtension>
            <ns3:hr>100</ns3:hr>
            <ns3:cad>0</ns3:cad>
          </ns3:TrackPointExtension>
        </extensions>
      </trkpt>
      <trkpt lat="13.00154484808444976806640625" lon="80.2737320959568023681640625">
        <ele>0</ele>
        <time>2026-06-28T01:09:32.000Z</time>
        <extensions>
          <ns3:TrackPointExtension>
            <ns3:hr>102</ns3:hr>
            <ns3:cad>60</ns3:cad>
          </ns3:TrackPointExtension>
        </extensions>
      </trkpt>
      <trkpt lat="13.00157158635556697845458984375" lon="80.2737439982593059539794921875">
        <ele>0</ele>
        <time>2026-06-28T01:09:35.000Z</time>
        <extensions>
          <ns3:TrackPointExtension>
            <ns3:hr>102</ns3:hr>
            <ns3:cad>60</ns3:cad>
          </ns3:TrackPointExtension>
        </extensions>
      </trkpt>
      <trkpt lat="13.001759760081768035888671875" lon="80.2737480215728282928466796875">
        <ele>0</ele>
        <time>2026-06-28T01:09:57.000Z</time>
        <extensions>
          <ns3:TrackPointExtension>
            <ns3:hr>101</ns3:hr>
            <ns3:cad>0</ns3:cad>
          </ns3:TrackPointExtension>
        </extensions>
      </trkpt>
      <trkpt lat="13.00185841508209705352783203125" lon="80.27374877594411373138427734375">
        <ele>0</ele>
        <time>2026-06-28T01:10:07.000Z</time>
        <extensions>
          <ns3:TrackPointExtension>
            <ns3:hr>103</ns3:hr>
            <ns3:cad>60</ns3:cad>
          </ns3:TrackPointExtension>
        </extensions>
      </trkpt>
      <trkpt lat="13.002048432826995849609375" lon="80.2737755142152309417724609375">
        <ele>0</ele>
        <time>2026-06-28T01:10:25.000Z</time>
        <extensions>
          <ns3:TrackPointExtension>
            <ns3:hr>102</ns3:hr>
            <ns3:cad>83</ns3:cad>
          </ns3:TrackPointExtension>
        </extensions>
      </trkpt>
      <trkpt lat="13.002076931297779083251953125" lon="80.27377970516681671142578125">
        <ele>0</ele>
        <time>2026-06-28T01:10:29.000Z</time>
        <extensions>
          <ns3:TrackPointExtension>
            <ns3:hr>102</ns3:hr>
            <ns3:cad>76</ns3:cad>
          </ns3:TrackPointExtension>
        </extensions>
      </trkpt>
      <trkpt lat="13.00213166512548923492431640625" lon="80.27379906736314296722412109375">
        <ele>0</ele>
        <time>2026-06-28T01:10:35.000Z</time>
        <extensions>
          <ns3:TrackPointExtension>
            <ns3:hr>104</ns3:hr>
            <ns3:cad>57</ns3:cad>
          </ns3:TrackPointExtension>
        </extensions>
      </trkpt>
      <trkpt lat="13.0023134686052799224853515625" lon="80.2738667093217372894287109375">
        <ele>0</ele>
        <time>2026-06-28T01:10:43.000Z</time>
        <extensions>
          <ns3:TrackPointExtension>
            <ns3:hr>101</ns3:hr>
            <ns3:cad>84</ns3:cad>
          </ns3:TrackPointExtension>
        </extensions>
      </trkpt>
      <trkpt lat="13.00240776501595973968505859375" lon="80.27388456277549266815185546875">
        <ele>0</ele>
        <time>2026-06-28T01:10:47.000Z</time>
        <extensions>
          <ns3:TrackPointExtension>
            <ns3:hr>97</ns3:hr>
            <ns3:cad>85</ns3:cad>
          </ns3:TrackPointExtension>
        </extensions>
      </trkpt>
      <trkpt lat="13.00245386548340320587158203125" lon="80.2738982252776622772216796875">
        <ele>0</ele>
        <time>2026-06-28T01:10:49.000Z</time>
        <extensions>
          <ns3:TrackPointExtension>
            <ns3:hr>102</ns3:hr>
            <ns3:cad>84</ns3:cad>
          </ns3:TrackPointExtension>
        </extensions>
      </trkpt>
      <trkpt lat="13.00247557461261749267578125" lon="80.27390585280954837799072265625">
        <ele>0</ele>
        <time>2026-06-28T01:10:50.000Z</time>
        <extensions>
          <ns3:TrackPointExtension>
            <ns3:hr>106</ns3:hr>
            <ns3:cad>84</ns3:cad>
          </ns3:TrackPointExtension>
        </extensions>
      </trkpt>
      <trkpt lat="13.00249828957021236419677734375" lon="80.27391004376113414764404296875">
        <ele>0</ele>
        <time>2026-06-28T01:10:51.000Z</time>
        <extensions>
          <ns3:TrackPointExtension>
            <ns3:hr>114</ns3:hr>
            <ns3:cad>84</ns3:cad>
          </ns3:TrackPointExtension>
        </extensions>
      </trkpt>
      <trkpt lat="13.00254170782864093780517578125" lon="80.27391725219786167144775390625">
        <ele>0</ele>
        <time>2026-06-28T01:10:52.000Z</time>
        <extensions>
          <ns3:TrackPointExtension>
            <ns3:hr>119</ns3:hr>
            <ns3:cad>84</ns3:cad>
          </ns3:TrackPointExtension>
        </extensions>
      </trkpt>
      <trkpt lat="13.00254170782864093780517578125" lon="80.27391725219786167144775390625">
        <ele>0</ele>
        <time>2026-06-28T01:10:53.000Z</time>
        <extensions>
          <ns3:TrackPointExtension>
            <ns3:hr>119</ns3:hr>
            <ns3:cad>84</ns3:cad>
          </ns3:TrackPointExtension>
        </extensions>
      </trkpt>
      <trkpt lat="13.002563752233982086181640625" lon="80.27392144314944744110107421875">
        <ele>0</ele>
        <time>2026-06-28T01:10:54.000Z</time>
        <extensions>
          <ns3:TrackPointExtension>
            <ns3:hr>122</ns3:hr>
            <ns3:cad>85</ns3:cad>
          </ns3:TrackPointExtension>
        </extensions>
      </trkpt>
      <trkpt lat="13.00260373391211032867431640625" lon="80.27393217198550701141357421875">
        <ele>0</ele>
        <time>2026-06-28T01:10:56.000Z</time>
        <extensions>
          <ns3:TrackPointExtension>
            <ns3:hr>129</ns3:hr>
            <ns3:cad>85</ns3:cad>
          </ns3:TrackPointExtension>
        </extensions>
      </trkpt>
      <trkpt lat="13.00262552686035633087158203125" lon="80.27393736876547336578369140625">
        <ele>0</ele>
        <time>2026-06-28T01:10:57.000Z</time>
        <extensions>
          <ns3:TrackPointExtension>
            <ns3:hr>133</ns3:hr>
            <ns3:cad>85</ns3:cad>
          </ns3:TrackPointExtension>
        </extensions>
      </trkpt>
      <trkpt lat="13.00264933146536350250244140625" lon="80.27393803931772708892822265625">
        <ele>0</ele>
        <time>2026-06-28T01:10:58.000Z</time>
        <extensions>
          <ns3:TrackPointExtension>
            <ns3:hr>136</ns3:hr>
            <ns3:cad>85</ns3:cad>
          </ns3:TrackPointExtension>
        </extensions>
      </trkpt>
      <trkpt lat="13.0027872137725353240966796875" lon="80.27396955527365207672119140625">
        <ele>0</ele>
        <time>2026-06-28T01:11:04.000Z</time>
        <extensions>
          <ns3:TrackPointExtension>
            <ns3:hr>139</ns3:hr>
            <ns3:cad>83</ns3:cad>
          </ns3:TrackPointExtension>
        </extensions>
      </trkpt>
      <trkpt lat="13.00285686738789081573486328125" lon="80.27399067766964435577392578125">
        <ele>0</ele>
        <time>2026-06-28T01:11:07.000Z</time>
        <extensions>
          <ns3:TrackPointExtension>
            <ns3:hr>142</ns3:hr>
            <ns3:cad>83</ns3:cad>
          </ns3:TrackPointExtension>
        </extensions>
      </trkpt>
      <trkpt lat="13.00290330313146114349365234375" lon="80.274005346000194549560546875">
        <ele>0</ele>
        <time>2026-06-28T01:11:09.000Z</time>
        <extensions>
          <ns3:TrackPointExtension>
            <ns3:hr>146</ns3:hr>
            <ns3:cad>86</ns3:cad>
          </ns3:TrackPointExtension>
        </extensions>
      </trkpt>
      <trkpt lat="13.00306105054914951324462890625" lon="80.27406360022723674774169921875">
        <ele>0</ele>
        <time>2026-06-28T01:11:16.000Z</time>
        <extensions>
          <ns3:TrackPointExtension>
            <ns3:hr>150</ns3:hr>
            <ns3:cad>84</ns3:cad>
          </ns3:TrackPointExtension>
        </extensions>
      </trkpt>
      <trkpt lat="13.00315258093178272247314453125" lon="80.2740876562893390655517578125">
        <ele>0</ele>
        <time>2026-06-28T01:11:20.000Z</time>
        <extensions>
          <ns3:TrackPointExtension>
            <ns3:hr>146</ns3:hr>
            <ns3:cad>85</ns3:cad>
          </ns3:TrackPointExtension>
        </extensions>
      </trkpt>
      <trkpt lat="13.00319700501859188079833984375" lon="80.27410089969635009765625">
        <ele>0</ele>
        <time>2026-06-28T01:11:22.000Z</time>
        <extensions>
          <ns3:TrackPointExtension>
            <ns3:hr>149</ns3:hr>
            <ns3:cad>84</ns3:cad>
          </ns3:TrackPointExtension>
        </extensions>
      </trkpt>
      <trkpt lat="13.0032901279628276824951171875" lon="80.27412277646362781524658203125">
        <ele>0</ele>
        <time>2026-06-28T01:11:26.000Z</time>
        <extensions>
          <ns3:TrackPointExtension>
            <ns3:hr>143</ns3:hr>
            <ns3:cad>84</ns3:cad>
          </ns3:TrackPointExtension>
        </extensions>
      </trkpt>
      <trkpt lat="13.00333765335381031036376953125" lon="80.27413367293775081634521484375">
        <ele>0</ele>
        <time>2026-06-28T01:11:28.000Z</time>
        <extensions>
          <ns3:TrackPointExtension>
            <ns3:hr>147</ns3:hr>
            <ns3:cad>84</ns3:cad>
          </ns3:TrackPointExtension>
        </extensions>
      </trkpt>
      <trkpt lat="13.00336078740656375885009765625" lon="80.27413912117481231689453125">
        <ele>0</ele>
        <time>2026-06-28T01:11:29.000Z</time>
        <extensions>
          <ns3:TrackPointExtension>
            <ns3:hr>152</ns3:hr>
            <ns3:cad>84</ns3:cad>
          </ns3:TrackPointExtension>
        </extensions>
      </trkpt>
      <trkpt lat="13.00340571440756320953369140625" lon="80.274151526391506195068359375">
        <ele>0</ele>
        <time>2026-06-28T01:11:31.000Z</time>
        <extensions>
          <ns3:TrackPointExtension>
            <ns3:hr>155</ns3:hr>
            <ns3:cad>85</ns3:cad>
          </ns3:TrackPointExtension>
        </extensions>
      </trkpt>
      <trkpt lat="13.00351987592875957489013671875" lon="80.27417390607297420501708984375">
        <ele>0</ele>
        <time>2026-06-28T01:11:36.000Z</time>
        <extensions>
          <ns3:TrackPointExtension>
            <ns3:hr>152</ns3:hr>
            <ns3:cad>86</ns3:cad>
          </ns3:TrackPointExtension>
        </extensions>
      </trkpt>
      <trkpt lat="13.00361593253910541534423828125" lon="80.274181701242923736572265625">
        <ele>0.4000000059604644775390625</ele>
        <time>2026-06-28T01:11:40.000Z</time>
        <extensions>
          <ns3:TrackPointExtension>
            <ns3:hr>157</ns3:hr>
            <ns3:cad>86</ns3:cad>
          </ns3:TrackPointExtension>
        </extensions>
      </trkpt>
      <trkpt lat="13.003636300563812255859375" lon="80.27418195270001888275146484375">
        <ele>0.60000002384185791015625</ele>
        <time>2026-06-28T01:11:41.000Z</time>
        <extensions>
          <ns3:TrackPointExtension>
            <ns3:hr>154</ns3:hr>
            <ns3:cad>86</ns3:cad>
          </ns3:TrackPointExtension>
        </extensions>
      </trkpt>
      <trkpt lat="13.0037843249738216400146484375" lon="80.27421967126429080963134765625">
        <ele>1.2000000476837158203125</ele>
        <time>2026-06-28T01:11:48.000Z</time>
        <extensions>
          <ns3:TrackPointExtension>
            <ns3:hr>157</ns3:hr>
            <ns3:cad>83</ns3:cad>
          </ns3:TrackPointExtension>
        </extensions>
      </trkpt>
      <trkpt lat="13.0038077943027019500732421875" lon="80.274226628243923187255859375">
        <ele>1.39999997615814208984375</ele>
        <time>2026-06-28T01:11:49.000Z</time>
        <extensions>
          <ns3:TrackPointExtension>
            <ns3:hr>160</ns3:hr>
            <ns3:cad>83</ns3:cad>
          </ns3:TrackPointExtension>
        </extensions>
      </trkpt>
      <trkpt lat="13.00393997691571712493896484375" lon="80.27424247004091739654541015625">
        <ele>1.60000002384185791015625</ele>
        <time>2026-06-28T01:11:56.000Z</time>
        <extensions>
          <ns3:TrackPointExtension>
            <ns3:hr>156</ns3:hr>
            <ns3:cad>86</ns3:cad>
          </ns3:TrackPointExtension>
        </extensions>
      </trkpt>
      <trkpt lat="13.00400845706462860107421875" lon="80.274270884692668914794921875">
        <ele>1.7999999523162841796875</ele>
        <time>2026-06-28T01:12:01.000Z</time>
        <extensions>
          <ns3:TrackPointExtension>
            <ns3:hr>153</ns3:hr>
            <ns3:cad>75</ns3:cad>
          </ns3:TrackPointExtension>
        </extensions>
      </trkpt>
      <trkpt lat="13.0041869916021823883056640625" lon="80.27433332987129688262939453125">
        <ele>2.400000095367431640625</ele>
        <time>2026-06-28T01:12:09.000Z</time>
        <extensions>
          <ns3:TrackPointExtension>
            <ns3:hr>151</ns3:hr>
            <ns3:cad>84</ns3:cad>
          </ns3:TrackPointExtension>
        </extensions>
      </trkpt>
      <trkpt lat="13.004365526139736175537109375" lon="80.274366438388824462890625">
        <ele>3.2000000476837158203125</ele>
        <time>2026-06-28T01:12:17.000Z</time>
        <extensions>
          <ns3:TrackPointExtension>
            <ns3:hr>151</ns3:hr>
            <ns3:cad>85</ns3:cad>
          </ns3:TrackPointExtension>
        </extensions>
      </trkpt>
      <trkpt lat="13.0045333318412303924560546875" lon="80.2744497545063495635986328125">
        <ele>3.599999904632568359375</ele>
        <time>2026-06-28T01:12:25.000Z</time>
        <extensions>
          <ns3:TrackPointExtension>
            <ns3:hr>150</ns3:hr>
            <ns3:cad>85</ns3:cad>
          </ns3:TrackPointExtension>
        </extensions>
      </trkpt>
      <trkpt lat="13.0047113634645938873291015625" lon="80.2745057456195354461669921875">
        <ele>4.400000095367431640625</ele>
        <time>2026-06-28T01:12:33.000Z</time>
        <extensions>
          <ns3:TrackPointExtension>
            <ns3:hr>148</ns3:hr>
            <ns3:cad>84</ns3:cad>
          </ns3:TrackPointExtension>
        </extensions>
      </trkpt>
      <trkpt lat="13.004894256591796875" lon="80.27456165291368961334228515625">
        <ele>4.400000095367431640625</ele>
        <time>2026-06-28T01:12:42.000Z</time>
        <extensions>
          <ns3:TrackPointExtension>
            <ns3:hr>149</ns3:hr>
            <ns3:cad>86</ns3:cad>
          </ns3:TrackPointExtension>
        </extensions>
      </trkpt>
      <trkpt lat="13.005079329013824462890625" lon="80.274641029536724090576171875">
        <ele>1</ele>
        <time>2026-06-28T01:12:51.000Z</time>
        <extensions>
          <ns3:TrackPointExtension>
            <ns3:hr>147</ns3:hr>
            <ns3:cad>85</ns3:cad>
          </ns3:TrackPointExtension>
        </extensions>
      </trkpt>
      <trkpt lat="13.0052478052675724029541015625" lon="80.274710096418857574462890625">
        <ele>0</ele>
        <time>2026-06-28T01:12:59.000Z</time>
        <extensions>
          <ns3:TrackPointExtension>
            <ns3:hr>147</ns3:hr>
            <ns3:cad>85</ns3:cad>
          </ns3:TrackPointExtension>
        </extensions>
      </trkpt>
      <trkpt lat="13.00543229095637798309326171875" lon="80.27478796429932117462158203125">
        <ele>0</ele>
        <time>2026-06-28T01:13:08.000Z</time>
        <extensions>
          <ns3:TrackPointExtension>
            <ns3:hr>149</ns3:hr>
            <ns3:cad>86</ns3:cad>
          </ns3:TrackPointExtension>
        </extensions>
      </trkpt>
      <trkpt lat="13.00560210831463336944580078125" lon="80.2748641557991504669189453125">
        <ele>0</ele>
        <time>2026-06-28T01:13:16.000Z</time>
        <extensions>
          <ns3:TrackPointExtension>
            <ns3:hr>147</ns3:hr>
            <ns3:cad>87</ns3:cad>
          </ns3:TrackPointExtension>
        </extensions>
      </trkpt>
      <trkpt lat="13.0057124979794025421142578125" lon="80.2749141119420528411865234375">
        <ele>0</ele>
        <time>2026-06-28T01:13:21.000Z</time>
        <extensions>
          <ns3:TrackPointExtension>
            <ns3:hr>150</ns3:hr>
            <ns3:cad>87</ns3:cad>
          </ns3:TrackPointExtension>
        </extensions>
      </trkpt>
      <trkpt lat="13.00580964423716068267822265625" lon="80.27496096678078174591064453125">
        <ele>0</ele>
        <time>2026-06-28T01:13:29.000Z</time>
        <extensions>
          <ns3:TrackPointExtension>
            <ns3:hr>148</ns3:hr>
            <ns3:cad>75</ns3:cad>
          </ns3:TrackPointExtension>
        </extensions>
      </trkpt>
      <trkpt lat="13.00598097033798694610595703125" lon="80.27502265758812427520751953125">
        <ele>0</ele>
        <time>2026-06-28T01:13:38.000Z</time>
        <extensions>
          <ns3:TrackPointExtension>
            <ns3:hr>149</ns3:hr>
            <ns3:cad>86</ns3:cad>
          </ns3:TrackPointExtension>
        </extensions>
      </trkpt>
      <trkpt lat="13.0060199461877346038818359375" lon="80.27503640390932559967041015625">
        <ele>0</ele>
        <time>2026-06-28T01:13:42.000Z</time>
        <extensions>
          <ns3:TrackPointExtension>
            <ns3:hr>146</ns3:hr>
            <ns3:cad>65</ns3:cad>
          </ns3:TrackPointExtension>
        </extensions>
      </trkpt>
      <trkpt lat="13.006205521523952484130859375" lon="80.27510345913469791412353515625">
        <ele>0</ele>
        <time>2026-06-28T01:13:50.000Z</time>
        <extensions>
          <ns3:TrackPointExtension>
            <ns3:hr>148</ns3:hr>
            <ns3:cad>92</ns3:cad>
          </ns3:TrackPointExtension>
        </extensions>
      </trkpt>
      <trkpt lat="13.00635999999940395355224609375" lon="80.275160372257232666015625">
        <ele>0</ele>
        <time>2026-06-28T01:13:55.000Z</time>
        <extensions>
          <ns3:TrackPointExtension>
            <ns3:hr>151</ns3:hr>
            <ns3:cad>92</ns3:cad>
          </ns3:TrackPointExtension>
        </extensions>
      </trkpt>
      <trkpt lat="13.00651900470256805419921875" lon="80.2752192132174968719482421875">
        <ele>0</ele>
        <time>2026-06-28T01:14:01.000Z</time>
        <extensions>
          <ns3:TrackPointExtension>
            <ns3:hr>154</ns3:hr>
            <ns3:cad>95</ns3:cad>
          </ns3:TrackPointExtension>
        </extensions>
      </trkpt>
      <trkpt lat="13.00662771798670291900634765625" lon="80.27528367005288600921630859375">
        <ele>0</ele>
        <time>2026-06-28T01:14:06.000Z</time>
        <extensions>
          <ns3:TrackPointExtension>
            <ns3:hr>151</ns3:hr>
            <ns3:cad>85</ns3:cad>
          </ns3:TrackPointExtension>
        </extensions>
      </trkpt>
      <trkpt lat="13.006806671619415283203125" lon="80.2753467857837677001953125">
        <ele>0</ele>
        <time>2026-06-28T01:14:14.000Z</time>
        <extensions>
          <ns3:TrackPointExtension>
            <ns3:hr>150</ns3:hr>
            <ns3:cad>88</ns3:cad>
          </ns3:TrackPointExtension>
        </extensions>
      </trkpt>
      <trkpt lat="13.0069930851459503173828125" lon="80.27543873526155948638916015625">
        <ele>0</ele>
        <time>2026-06-28T01:14:25.000Z</time>
        <extensions>
          <ns3:TrackPointExtension>
            <ns3:hr>148</ns3:hr>
            <ns3:cad>88</ns3:cad>
          </ns3:TrackPointExtension>
        </extensions>
      </trkpt>
      <trkpt lat="13.0071203224360942840576171875" lon="80.2754904516041278839111328125">
        <ele>0</ele>
        <time>2026-06-28T01:14:30.000Z</time>
        <extensions>
          <ns3:TrackPointExtension>
            <ns3:hr>145</ns3:hr>
            <ns3:cad>90</ns3:cad>
          </ns3:TrackPointExtension>
        </extensions>
      </trkpt>
      <trkpt lat="13.0072849430143833160400390625" lon="80.27557142078876495361328125">
        <ele>0</ele>
        <time>2026-06-28T01:14:37.000Z</time>
        <extensions>
          <ns3:TrackPointExtension>
            <ns3:hr>146</ns3:hr>
            <ns3:cad>89</ns3:cad>
          </ns3:TrackPointExtension>
        </extensions>
      </trkpt>
      <trkpt lat="13.007461465895175933837890625" lon="80.2756391465663909912109375">
        <ele>0</ele>
        <time>2026-06-28T01:14:48.000Z</time>
        <extensions>
          <ns3:TrackPointExtension>
            <ns3:hr>148</ns3:hr>
            <ns3:cad>85</ns3:cad>
          </ns3:TrackPointExtension>
        </extensions>
      </trkpt>
      <trkpt lat="13.00763572566211223602294921875" lon="80.27569614350795745849609375">
        <ele>0</ele>
        <time>2026-06-28T01:14:56.000Z</time>
        <extensions>
          <ns3:TrackPointExtension>
            <ns3:hr>146</ns3:hr>
            <ns3:cad>87</ns3:cad>
          </ns3:TrackPointExtension>
        </extensions>
      </trkpt>
      <trkpt lat="13.00782130099833011627197265625" lon="80.275768227875232696533203125">
        <ele>0</ele>
        <time>2026-06-28T01:15:04.000Z</time>
        <extensions>
          <ns3:TrackPointExtension>
            <ns3:hr>146</ns3:hr>
            <ns3:cad>89</ns3:cad>
          </ns3:TrackPointExtension>
        </extensions>
      </trkpt>
      <trkpt lat="13.00793546251952648162841796875" lon="80.27581675909459590911865234375">
        <ele>0</ele>
        <time>2026-06-28T01:15:11.000Z</time>
        <extensions>
          <ns3:TrackPointExtension>
            <ns3:hr>148</ns3:hr>
            <ns3:cad>83</ns3:cad>
          </ns3:TrackPointExtension>
        </extensions>
      </trkpt>
      <trkpt lat="13.00808818079531192779541015625" lon="80.27587719261646270751953125">
        <ele>1</ele>
        <time>2026-06-28T01:15:21.000Z</time>
        <extensions>
          <ns3:TrackPointExtension>
            <ns3:hr>153</ns3:hr>
            <ns3:cad>83</ns3:cad>
          </ns3:TrackPointExtension>
        </extensions>
      </trkpt>
      <trkpt lat="13.00812992267310619354248046875" lon="80.275895632803440093994140625">
        <ele>1.2000000476837158203125</ele>
        <time>2026-06-28T01:15:22.000Z</time>
        <extensions>
          <ns3:TrackPointExtension>
            <ns3:hr>164</ns3:hr>
            <ns3:cad>83</ns3:cad>
          </ns3:TrackPointExtension>
        </extensions>
      </trkpt>
      <trkpt lat="13.00812992267310619354248046875" lon="80.275895632803440093994140625">
        <ele>1.2000000476837158203125</ele>
        <time>2026-06-28T01:15:23.000Z</time>
        <extensions>
          <ns3:TrackPointExtension>
            <ns3:hr>169</ns3:hr>
            <ns3:cad>84</ns3:cad>
          </ns3:TrackPointExtension>
        </extensions>
      </trkpt>
      <trkpt lat="13.00815523602068424224853515625" lon="80.2759061940014362335205078125">
        <ele>1.39999997615814208984375</ele>
        <time>2026-06-28T01:15:24.000Z</time>
        <extensions>
          <ns3:TrackPointExtension>
            <ns3:hr>180</ns3:hr>
            <ns3:cad>84</ns3:cad>
          </ns3:TrackPointExtension>
        </extensions>
      </trkpt>
      <trkpt lat="13.008181639015674591064453125" lon="80.27591767720878124237060546875">
        <ele>1.60000002384185791015625</ele>
        <time>2026-06-28T01:15:25.000Z</time>
        <extensions>
          <ns3:TrackPointExtension>
            <ns3:hr>179</ns3:hr>
            <ns3:cad>84</ns3:cad>
          </ns3:TrackPointExtension>
        </extensions>
      </trkpt>
      <trkpt lat="13.00832656212151050567626953125" lon="80.2759859897196292877197265625">
        <ele>1.39999997615814208984375</ele>
        <time>2026-06-28T01:15:31.000Z</time>
        <extensions>
          <ns3:TrackPointExtension>
            <ns3:hr>176</ns3:hr>
            <ns3:cad>88</ns3:cad>
          </ns3:TrackPointExtension>
        </extensions>
      </trkpt>
      <trkpt lat="13.008473999798297882080078125" lon="80.2760493569076061248779296875">
        <ele>1</ele>
        <time>2026-06-28T01:15:37.000Z</time>
        <extensions>
          <ns3:TrackPointExtension>
            <ns3:hr>173</ns3:hr>
            <ns3:cad>88</ns3:cad>
          </ns3:TrackPointExtension>
        </extensions>
      </trkpt>
      <trkpt lat="13.00854398868978023529052734375" lon="80.2760838903486728668212890625">
        <ele>1.2000000476837158203125</ele>
        <time>2026-06-28T01:15:40.000Z</time>
        <extensions>
          <ns3:TrackPointExtension>
            <ns3:hr>167</ns3:hr>
            <ns3:cad>87</ns3:cad>
          </ns3:TrackPointExtension>
        </extensions>
      </trkpt>
      <trkpt lat="13.00856779329478740692138671875" lon="80.27609503827989101409912109375">
        <ele>1.2000000476837158203125</ele>
        <time>2026-06-28T01:15:41.000Z</time>
        <extensions>
          <ns3:TrackPointExtension>
            <ns3:hr>168</ns3:hr>
            <ns3:cad>87</ns3:cad>
          </ns3:TrackPointExtension>
        </extensions>
      </trkpt>
      <trkpt lat="13.00859344191849231719970703125" lon="80.27610543183982372283935546875">
        <ele>1.2000000476837158203125</ele>
        <time>2026-06-28T01:15:42.000Z</time>
        <extensions>
          <ns3:TrackPointExtension>
            <ns3:hr>173</ns3:hr>
            <ns3:cad>87</ns3:cad>
          </ns3:TrackPointExtension>
        </extensions>
      </trkpt>
      <trkpt lat="13.0086169950664043426513671875" lon="80.276117585599422454833984375">
        <ele>1.2000000476837158203125</ele>
        <time>2026-06-28T01:15:43.000Z</time>
        <extensions>
          <ns3:TrackPointExtension>
            <ns3:hr>179</ns3:hr>
            <ns3:cad>84</ns3:cad>
          </ns3:TrackPointExtension>
        </extensions>
      </trkpt>
      <trkpt lat="13.00871531479060649871826171875" lon="80.27613929472863674163818359375">
        <ele>1.7999999523162841796875</ele>
        <time>2026-06-28T01:15:49.000Z</time>
        <extensions>
          <ns3:TrackPointExtension>
            <ns3:hr>182</ns3:hr>
            <ns3:cad>87</ns3:cad>
          </ns3:TrackPointExtension>
        </extensions>
      </trkpt>
      <trkpt lat="13.00887440331280231475830078125" lon="80.2762035839259624481201171875">
        <ele>1.39999997615814208984375</ele>
        <time>2026-06-28T01:15:59.000Z</time>
        <extensions>
          <ns3:TrackPointExtension>
            <ns3:hr>183</ns3:hr>
            <ns3:cad>83</ns3:cad>
          </ns3:TrackPointExtension>
        </extensions>
      </trkpt>
      <trkpt lat="13.0090461485087871551513671875" lon="80.27628413401544094085693359375">
        <ele>0.800000011920928955078125</ele>
        <time>2026-06-28T01:16:07.000Z</time>
        <extensions>
          <ns3:TrackPointExtension>
            <ns3:hr>181</ns3:hr>
            <ns3:cad>89</ns3:cad>
          </ns3:TrackPointExtension>
        </extensions>
      </trkpt>
      <trkpt lat="13.0092124454677104949951171875" lon="80.27635923586785793304443359375">
        <ele>2.2000000476837158203125</ele>
        <time>2026-06-28T01:16:17.000Z</time>
        <extensions>
          <ns3:TrackPointExtension>
            <ns3:hr>182</ns3:hr>
            <ns3:cad>90</ns3:cad>
          </ns3:TrackPointExtension>
        </extensions>
      </trkpt>
      <trkpt lat="13.0093775689601898193359375" lon="80.27645110152661800384521484375">
        <ele>2.2000000476837158203125</ele>
        <time>2026-06-28T01:16:26.000Z</time>
        <extensions>
          <ns3:TrackPointExtension>
            <ns3:hr>182</ns3:hr>
            <ns3:cad>86</ns3:cad>
          </ns3:TrackPointExtension>
        </extensions>
      </trkpt>
      <trkpt lat="13.0095172114670276641845703125" lon="80.2765237726271152496337890625">
        <ele>1</ele>
        <time>2026-06-28T01:16:35.000Z</time>
        <extensions>
          <ns3:TrackPointExtension>
            <ns3:hr>184</ns3:hr>
            <ns3:cad>85</ns3:cad>
          </ns3:TrackPointExtension>
        </extensions>
      </trkpt>
      <trkpt lat="13.00968526862561702728271484375" lon="80.27661052532494068145751953125">
        <ele>0</ele>
        <time>2026-06-28T01:16:47.000Z</time>
        <extensions>
          <ns3:TrackPointExtension>
            <ns3:hr>183</ns3:hr>
            <ns3:cad>67</ns3:cad>
          </ns3:TrackPointExtension>
        </extensions>
      </trkpt>
      <trkpt lat="13.009731285274028778076171875" lon="80.27662611566483974456787109375">
        <ele>0</ele>
        <time>2026-06-28T01:16:49.000Z</time>
        <extensions>
          <ns3:TrackPointExtension>
            <ns3:hr>180</ns3:hr>
            <ns3:cad>85</ns3:cad>
          </ns3:TrackPointExtension>
        </extensions>
      </trkpt>
      <trkpt lat="13.009900934994220733642578125" lon="80.27669887058436870574951171875">
        <ele>0</ele>
        <time>2026-06-28T01:16:57.000Z</time>
        <extensions>
          <ns3:TrackPointExtension>
            <ns3:hr>182</ns3:hr>
            <ns3:cad>84</ns3:cad>
          </ns3:TrackPointExtension>
        </extensions>
      </trkpt>
      <trkpt lat="13.01001149229705333709716796875" lon="80.2767480723559856414794921875">
        <ele>0</ele>
        <time>2026-06-28T01:17:02.000Z</time>
        <extensions>
          <ns3:TrackPointExtension>
            <ns3:hr>187</ns3:hr>
            <ns3:cad>87</ns3:cad>
          </ns3:TrackPointExtension>
        </extensions>
      </trkpt>
      <trkpt lat="13.0100928805768489837646484375" lon="80.27676165103912353515625">
        <ele>0</ele>
        <time>2026-06-28T01:17:06.000Z</time>
        <extensions>
          <ns3:TrackPointExtension>
            <ns3:hr>184</ns3:hr>
            <ns3:cad>86</ns3:cad>
          </ns3:TrackPointExtension>
        </extensions>
      </trkpt>
      <trkpt lat="13.01021508872509002685546875" lon="80.2768204919993877410888671875">
        <ele>0</ele>
        <time>2026-06-28T01:17:12.000Z</time>
        <extensions>
          <ns3:TrackPointExtension>
            <ns3:hr>187</ns3:hr>
            <ns3:cad>76</ns3:cad>
          </ns3:TrackPointExtension>
        </extensions>
      </trkpt>
      <trkpt lat="13.01030066795647144317626953125" lon="80.27687204070389270782470703125">
        <ele>0</ele>
        <time>2026-06-28T01:17:16.000Z</time>
        <extensions>
          <ns3:TrackPointExtension>
            <ns3:hr>184</ns3:hr>
            <ns3:cad>80</ns3:cad>
          </ns3:TrackPointExtension>
        </extensions>
      </trkpt>
      <trkpt lat="13.01043343730270862579345703125" lon="80.27695183642208576202392578125">
        <ele>0</ele>
        <time>2026-06-28T01:17:22.000Z</time>
        <extensions>
          <ns3:TrackPointExtension>
            <ns3:hr>187</ns3:hr>
            <ns3:cad>87</ns3:cad>
          </ns3:TrackPointExtension>
        </extensions>
      </trkpt>
      <trkpt lat="13.0106014944612979888916015625" lon="80.27705091051757335662841796875">
        <ele>0</ele>
        <time>2026-06-28T01:17:32.000Z</time>
        <extensions>
          <ns3:TrackPointExtension>
            <ns3:hr>188</ns3:hr>
            <ns3:cad>62</ns3:cad>
          </ns3:TrackPointExtension>
        </extensions>
      </trkpt>
      <trkpt lat="13.01067181862890720367431640625" lon="80.27707672677934169769287109375">
        <ele>0</ele>
        <time>2026-06-28T01:17:38.000Z</time>
        <extensions>
          <ns3:TrackPointExtension>
            <ns3:hr>185</ns3:hr>
            <ns3:cad>64</ns3:cad>
          </ns3:TrackPointExtension>
        </extensions>
      </trkpt>
      <trkpt lat="13.0108003132045269012451171875" lon="80.277139842510223388671875">
        <ele>0</ele>
        <time>2026-06-28T01:17:50.000Z</time>
        <extensions>
          <ns3:TrackPointExtension>
            <ns3:hr>182</ns3:hr>
            <ns3:cad>64</ns3:cad>
          </ns3:TrackPointExtension>
        </extensions>
      </trkpt>
      <trkpt lat="13.01098731346428394317626953125" lon="80.27722005732357501983642578125">
        <ele>0</ele>
        <time>2026-06-28T01:18:02.000Z</time>
        <extensions>
          <ns3:TrackPointExtension>
            <ns3:hr>181</ns3:hr>
            <ns3:cad>65</ns3:cad>
          </ns3:TrackPointExtension>
        </extensions>
      </trkpt>
      <trkpt lat="13.01109292544424533843994140625" lon="80.27725308202207088470458984375">
        <ele>0</ele>
        <time>2026-06-28T01:18:06.000Z</time>
        <extensions>
          <ns3:TrackPointExtension>
            <ns3:hr>178</ns3:hr>
            <ns3:cad>86</ns3:cad>
          </ns3:TrackPointExtension>
        </extensions>
      </trkpt>
      <trkpt lat="13.01116316579282283782958984375" lon="80.27728535234928131103515625">
        <ele>0</ele>
        <time>2026-06-28T01:18:09.000Z</time>
        <extensions>
          <ns3:TrackPointExtension>
            <ns3:hr>181</ns3:hr>
            <ns3:cad>87</ns3:cad>
          </ns3:TrackPointExtension>
        </extensions>
      </trkpt>
      <trkpt lat="13.011343963444232940673828125" lon="80.2773616276681423187255859375">
        <ele>0</ele>
        <time>2026-06-28T01:18:17.000Z</time>
        <extensions>
          <ns3:TrackPointExtension>
            <ns3:hr>183</ns3:hr>
            <ns3:cad>87</ns3:cad>
          </ns3:TrackPointExtension>
        </extensions>
      </trkpt>
      <trkpt lat="13.0115295387804508209228515625" lon="80.2774410881102085113525390625">
        <ele>0</ele>
        <time>2026-06-28T01:18:25.000Z</time>
        <extensions>
          <ns3:TrackPointExtension>
            <ns3:hr>185</ns3:hr>
            <ns3:cad>86</ns3:cad>
          </ns3:TrackPointExtension>
        </extensions>
      </trkpt>
      <trkpt lat="13.011616207659244537353515625" lon="80.27749230153858661651611328125">
        <ele>0</ele>
        <time>2026-06-28T01:18:30.000Z</time>
        <extensions>
          <ns3:TrackPointExtension>
            <ns3:hr>187</ns3:hr>
            <ns3:cad>85</ns3:cad>
          </ns3:TrackPointExtension>
        </extensions>
      </trkpt>
      <trkpt lat="13.01171922124922275543212890625" lon="80.2775047905743122100830078125">
        <ele>0</ele>
        <time>2026-06-28T01:18:36.000Z</time>
        <extensions>
          <ns3:TrackPointExtension>
            <ns3:hr>184</ns3:hr>
            <ns3:cad>81</ns3:cad>
          </ns3:TrackPointExtension>
        </extensions>
      </trkpt>
      <trkpt lat="13.0117674171924591064453125" lon="80.27753504924476146697998046875">
        <ele>0</ele>
        <time>2026-06-28T01:18:38.000Z</time>
        <extensions>
          <ns3:TrackPointExtension>
            <ns3:hr>181</ns3:hr>
            <ns3:cad>86</ns3:cad>
          </ns3:TrackPointExtension>
        </extensions>
      </trkpt>
      <trkpt lat="13.01183271221816539764404296875" lon="80.2775969915091991424560546875">
        <ele>0</ele>
        <time>2026-06-28T01:18:41.000Z</time>
        <extensions>
          <ns3:TrackPointExtension>
            <ns3:hr>184</ns3:hr>
            <ns3:cad>89</ns3:cad>
          </ns3:TrackPointExtension>
        </extensions>
      </trkpt>
      <trkpt lat="13.01199247129261493682861328125" lon="80.27769061736762523651123046875">
        <ele>0</ele>
        <time>2026-06-28T01:18:48.000Z</time>
        <extensions>
          <ns3:TrackPointExtension>
            <ns3:hr>184</ns3:hr>
            <ns3:cad>83</ns3:cad>
          </ns3:TrackPointExtension>
        </extensions>
      </trkpt>
      <trkpt lat="13.0120973289012908935546875" lon="80.27775608003139495849609375">
        <ele>0</ele>
        <time>2026-06-28T01:18:53.000Z</time>
        <extensions>
          <ns3:TrackPointExtension>
            <ns3:hr>188</ns3:hr>
            <ns3:cad>85</ns3:cad>
          </ns3:TrackPointExtension>
        </extensions>
      </trkpt>
      <trkpt lat="13.0121482908725738525390625" lon="80.27783595956861972808837890625">
        <ele>0</ele>
        <time>2026-06-28T01:19:11.000Z</time>
        <extensions>
          <ns3:TrackPointExtension>
            <ns3:hr>185</ns3:hr>
            <ns3:cad>60</ns3:cad>
          </ns3:TrackPointExtension>
        </extensions>
      </trkpt>
      <trkpt lat="13.01216631196439266204833984375" lon="80.27787485159933567047119140625">
        <ele>0</ele>
        <time>2026-06-28T01:19:17.000Z</time>
        <extensions>
          <ns3:TrackPointExtension>
            <ns3:hr>184</ns3:hr>
            <ns3:cad>60</ns3:cad>
          </ns3:TrackPointExtension>
        </extensions>
      </trkpt>
      <trkpt lat="13.0121957324445247650146484375" lon="80.27788507752120494842529296875">
        <ele>0</ele>
        <time>2026-06-28T01:19:20.000Z</time>
        <extensions>
          <ns3:TrackPointExtension>
            <ns3:hr>183</ns3:hr>
            <ns3:cad>53</ns3:cad>
          </ns3:TrackPointExtension>
        </extensions>
      </trkpt>
      <trkpt lat="13.01229069940745830535888671875" lon="80.27789111249148845672607421875">
        <ele>0</ele>
        <time>2026-06-28T01:19:32.000Z</time>
        <extensions>
          <ns3:TrackPointExtension>
            <ns3:hr>180</ns3:hr>
            <ns3:cad>53</ns3:cad>
          </ns3:TrackPointExtension>
        </extensions>
      </trkpt>
      <trkpt lat="13.01230813376605510711669921875" lon="80.277897231280803680419921875">
        <ele>0</ele>
        <time>2026-06-28T01:19:34.000Z</time>
        <extensions>
          <ns3:TrackPointExtension>
            <ns3:hr>179</ns3:hr>
            <ns3:cad>0</ns3:cad>
          </ns3:TrackPointExtension>
        </extensions>
      </trkpt>
      <trkpt lat="13.012345768511295318603515625" lon="80.27797929011285305023193359375">
        <ele>0</ele>
        <time>2026-06-28T01:21:50.000Z</time>
        <extensions>
          <ns3:TrackPointExtension>
            <ns3:hr>140</ns3:hr>
            <ns3:cad>60</ns3:cad>
          </ns3:TrackPointExtension>
        </extensions>
      </trkpt>
      <trkpt lat="13.0123333632946014404296875" lon="80.27797593735158443450927734375">
        <ele>0</ele>
        <time>2026-06-28T01:21:51.000Z</time>
        <extensions>
          <ns3:TrackPointExtension>
            <ns3:hr>141</ns3:hr>
            <ns3:cad>61</ns3:cad>
          </ns3:TrackPointExtension>
        </extensions>
      </trkpt>
      <trkpt lat="13.01216379739344120025634765625" lon="80.2779004164040088653564453125">
        <ele>0</ele>
        <time>2026-06-28T01:21:59.000Z</time>
        <extensions>
          <ns3:TrackPointExtension>
            <ns3:hr>139</ns3:hr>
            <ns3:cad>86</ns3:cad>
          </ns3:TrackPointExtension>
        </extensions>
      </trkpt>
      <trkpt lat="13.0121045373380184173583984375" lon="80.27786336839199066162109375">
        <ele>0</ele>
        <time>2026-06-28T01:22:02.000Z</time>
        <extensions>
          <ns3:TrackPointExtension>
            <ns3:hr>143</ns3:hr>
            <ns3:cad>86</ns3:cad>
          </ns3:TrackPointExtension>
        </extensions>
      </trkpt>
      <trkpt lat="13.01205818541347980499267578125" lon="80.27781299315392971038818359375">
        <ele>0</ele>
        <time>2026-06-28T01:22:05.000Z</time>
        <extensions>
          <ns3:TrackPointExtension>
            <ns3:hr>146</ns3:hr>
            <ns3:cad>86</ns3:cad>
          </ns3:TrackPointExtension>
        </extensions>
      </trkpt>
      <trkpt lat="13.012023903429508209228515625" lon="80.27778214775025844573974609375">
        <ele>0</ele>
        <time>2026-06-28T01:22:07.000Z</time>
        <extensions>
          <ns3:TrackPointExtension>
            <ns3:hr>150</ns3:hr>
            <ns3:cad>82</ns3:cad>
          </ns3:TrackPointExtension>
        </extensions>
      </trkpt>
      <trkpt lat="13.01198936998844146728515625" lon="80.27774828486144542694091796875">
        <ele>0</ele>
        <time>2026-06-28T01:22:09.000Z</time>
        <extensions>
          <ns3:TrackPointExtension>
            <ns3:hr>154</ns3:hr>
            <ns3:cad>81</ns3:cad>
          </ns3:TrackPointExtension>
        </extensions>
      </trkpt>
      <trkpt lat="13.01196992397308349609375" lon="80.27773068286478519439697265625">
        <ele>0</ele>
        <time>2026-06-28T01:22:10.000Z</time>
        <extensions>
          <ns3:TrackPointExtension>
            <ns3:hr>157</ns3:hr>
            <ns3:cad>81</ns3:cad>
          </ns3:TrackPointExtension>
        </extensions>
      </trkpt>
      <trkpt lat="13.011927343904972076416015625" lon="80.277706794440746307373046875">
        <ele>0</ele>
        <time>2026-06-28T01:22:12.000Z</time>
        <extensions>
          <ns3:TrackPointExtension>
            <ns3:hr>162</ns3:hr>
            <ns3:cad>85</ns3:cad>
          </ns3:TrackPointExtension>
        </extensions>
      </trkpt>
      <trkpt lat="13.0119047127664089202880859375" lon="80.27770067565143108367919921875">
        <ele>0</ele>
        <time>2026-06-28T01:22:13.000Z</time>
        <extensions>
          <ns3:TrackPointExtension>
            <ns3:hr>162</ns3:hr>
            <ns3:cad>87</ns3:cad>
          </ns3:TrackPointExtension>
        </extensions>
      </trkpt>
      <trkpt lat="13.01188250072300434112548828125" lon="80.27769782580435276031494140625">
        <ele>0</ele>
        <time>2026-06-28T01:22:14.000Z</time>
        <extensions>
          <ns3:TrackPointExtension>
            <ns3:hr>165</ns3:hr>
            <ns3:cad>87</ns3:cad>
          </ns3:TrackPointExtension>
        </extensions>
      </trkpt>
      <trkpt lat="13.01181779243052005767822265625" lon="80.277678966522216796875">
        <ele>0</ele>
        <time>2026-06-28T01:22:17.000Z</time>
        <extensions>
          <ns3:TrackPointExtension>
            <ns3:hr>168</ns3:hr>
            <ns3:cad>84</ns3:cad>
          </ns3:TrackPointExtension>
        </extensions>
      </trkpt>
      <trkpt lat="13.0117035470902919769287109375" lon="80.27765625156462192535400390625">
        <ele>0</ele>
        <time>2026-06-28T01:22:22.000Z</time>
        <extensions>
          <ns3:TrackPointExtension>
            <ns3:hr>164</ns3:hr>
            <ns3:cad>85</ns3:cad>
          </ns3:TrackPointExtension>
        </extensions>
      </trkpt>
      <trkpt lat="13.011683262884616851806640625" lon="80.27764854021370410919189453125">
        <ele>0</ele>
        <time>2026-06-28T01:22:23.000Z</time>
        <extensions>
          <ns3:TrackPointExtension>
            <ns3:hr>164</ns3:hr>
            <ns3:cad>85</ns3:cad>
          </ns3:TrackPointExtension>
        </extensions>
      </trkpt>
      <trkpt lat="13.01166507415473461151123046875" lon="80.2776335366070270538330078125">
        <ele>0</ele>
        <time>2026-06-28T01:22:26.000Z</time>
        <extensions>
          <ns3:TrackPointExtension>
            <ns3:hr>166</ns3:hr>
            <ns3:cad>0</ns3:cad>
          </ns3:TrackPointExtension>
        </extensions>
      </trkpt>
      <trkpt lat="13.01164663396775722503662109375" lon="80.27762356214225292205810546875">
        <ele>0</ele>
        <time>2026-06-28T01:22:29.000Z</time>
        <extensions>
          <ns3:TrackPointExtension>
            <ns3:hr>172</ns3:hr>
            <ns3:cad>0</ns3:cad>
          </ns3:TrackPointExtension>
        </extensions>
      </trkpt>
      <trkpt lat="13.0114849470555782318115234375" lon="80.27751057408750057220458984375">
        <ele>0</ele>
        <time>2026-06-28T01:22:37.000Z</time>
        <extensions>
          <ns3:TrackPointExtension>
            <ns3:hr>173</ns3:hr>
            <ns3:cad>91</ns3:cad>
          </ns3:TrackPointExtension>
        </extensions>
      </trkpt>
      <trkpt lat="13.011419735848903656005859375" lon="80.27747168205678462982177734375">
        <ele>0</ele>
        <time>2026-06-28T01:22:40.000Z</time>
        <extensions>
          <ns3:TrackPointExtension>
            <ns3:hr>170</ns3:hr>
            <ns3:cad>89</ns3:cad>
          </ns3:TrackPointExtension>
        </extensions>
      </trkpt>
      <trkpt lat="13.0113538540899753570556640625" lon="80.2774374000728130340576171875">
        <ele>0</ele>
        <time>2026-06-28T01:22:43.000Z</time>
        <extensions>
          <ns3:TrackPointExtension>
            <ns3:hr>176</ns3:hr>
            <ns3:cad>85</ns3:cad>
          </ns3:TrackPointExtension>
        </extensions>
      </trkpt>
      <trkpt lat="13.011333234608173370361328125" lon="80.27742759324610233306884765625">
        <ele>0</ele>
        <time>2026-06-28T01:22:44.000Z</time>
        <extensions>
          <ns3:TrackPointExtension>
            <ns3:hr>179</ns3:hr>
            <ns3:cad>85</ns3:cad>
          </ns3:TrackPointExtension>
        </extensions>
      </trkpt>
      <trkpt lat="13.0111424624919891357421875" lon="80.27735047973692417144775390625">
        <ele>0</ele>
        <time>2026-06-28T01:22:53.000Z</time>
        <extensions>
          <ns3:TrackPointExtension>
            <ns3:hr>182</ns3:hr>
            <ns3:cad>86</ns3:cad>
          </ns3:TrackPointExtension>
        </extensions>
      </trkpt>
      <trkpt lat="13.01112226210534572601318359375" lon="80.27733891271054744720458984375">
        <ele>0</ele>
        <time>2026-06-28T01:22:54.000Z</time>
        <extensions>
          <ns3:TrackPointExtension>
            <ns3:hr>186</ns3:hr>
            <ns3:cad>87</ns3:cad>
          </ns3:TrackPointExtension>
        </extensions>
      </trkpt>
      <trkpt lat="13.01093257963657379150390625" lon="80.2772654034197330474853515625">
        <ele>0</ele>
        <time>2026-06-28T01:23:03.000Z</time>
        <extensions>
          <ns3:TrackPointExtension>
            <ns3:hr>186</ns3:hr>
            <ns3:cad>85</ns3:cad>
          </ns3:TrackPointExtension>
        </extensions>
      </trkpt>
      <trkpt lat="13.010764606297016143798828125" lon="80.27715752832591533660888671875">
        <ele>0</ele>
        <time>2026-06-28T01:23:12.000Z</time>
        <extensions>
          <ns3:TrackPointExtension>
            <ns3:hr>186</ns3:hr>
            <ns3:cad>84</ns3:cad>
          </ns3:TrackPointExtension>
        </extensions>
      </trkpt>
      <trkpt lat="13.01060325466096401214599609375" lon="80.2770783193409442901611328125">
        <ele>0</ele>
        <time>2026-06-28T01:23:20.000Z</time>
        <extensions>
          <ns3:TrackPointExtension>
            <ns3:hr>189</ns3:hr>
            <ns3:cad>82</ns3:cad>
          </ns3:TrackPointExtension>
        </extensions>
      </trkpt>
      <trkpt lat="13.010432682931423187255859375" lon="80.276989974081516265869140625">
        <ele>0</ele>
        <time>2026-06-28T01:23:28.000Z</time>
        <extensions>
          <ns3:TrackPointExtension>
            <ns3:hr>189</ns3:hr>
            <ns3:cad>85</ns3:cad>
          </ns3:TrackPointExtension>
        </extensions>
      </trkpt>
      <trkpt lat="13.01035699434578418731689453125" lon="80.27693842537701129913330078125">
        <ele>0</ele>
        <time>2026-06-28T01:23:35.000Z</time>
        <extensions>
          <ns3:TrackPointExtension>
            <ns3:hr>189</ns3:hr>
            <ns3:cad>0</ns3:cad>
          </ns3:TrackPointExtension>
        </extensions>
      </trkpt>
      <trkpt lat="13.0102746002376079559326171875" lon="80.2769046463072299957275390625">
        <ele>0</ele>
        <time>2026-06-28T01:23:43.000Z</time>
        <extensions>
          <ns3:TrackPointExtension>
            <ns3:hr>186</ns3:hr>
            <ns3:cad>83</ns3:cad>
          </ns3:TrackPointExtension>
        </extensions>
      </trkpt>
      <trkpt lat="13.01009497605264186859130859375" lon="80.27682937681674957275390625">
        <ele>0</ele>
        <time>2026-06-28T01:23:52.000Z</time>
        <extensions>
          <ns3:TrackPointExtension>
            <ns3:hr>185</ns3:hr>
            <ns3:cad>86</ns3:cad>
          </ns3:TrackPointExtension>
        </extensions>
      </trkpt>
      <trkpt lat="13.00990537740290164947509765625" lon="80.2767656743526458740234375">
        <ele>0</ele>
        <time>2026-06-28T01:24:01.000Z</time>
        <extensions>
          <ns3:TrackPointExtension>
            <ns3:hr>186</ns3:hr>
            <ns3:cad>84</ns3:cad>
          </ns3:TrackPointExtension>
        </extensions>
      </trkpt>
      <trkpt lat="13.00986447371542453765869140625" lon="80.2767437137663364410400390625">
        <ele>0</ele>
        <time>2026-06-28T01:24:02.000Z</time>
        <extensions>
          <ns3:TrackPointExtension>
            <ns3:hr>186</ns3:hr>
            <ns3:cad>85</ns3:cad>
          </ns3:TrackPointExtension>
        </extensions>
      </trkpt>
      <trkpt lat="13.0096969194710254669189453125" lon="80.27667154558002948760986328125">
        <ele>0</ele>
        <time>2026-06-28T01:24:11.000Z</time>
        <extensions>
          <ns3:TrackPointExtension>
            <ns3:hr>188</ns3:hr>
            <ns3:cad>86</ns3:cad>
          </ns3:TrackPointExtension>
        </extensions>
      </trkpt>
      <trkpt lat="13.0095182172954082489013671875" lon="80.27659091167151927947998046875">
        <ele>0.20000000298023223876953125</ele>
        <time>2026-06-28T01:24:20.000Z</time>
        <extensions>
          <ns3:TrackPointExtension>
            <ns3:hr>190</ns3:hr>
            <ns3:cad>86</ns3:cad>
          </ns3:TrackPointExtension>
        </extensions>
      </trkpt>
      <trkpt lat="13.009345047175884246826171875" lon="80.2764882333576679229736328125">
        <ele>1.60000002384185791015625</ele>
        <time>2026-06-28T01:24:29.000Z</time>
        <extensions>
          <ns3:TrackPointExtension>
            <ns3:hr>190</ns3:hr>
            <ns3:cad>85</ns3:cad>
          </ns3:TrackPointExtension>
        </extensions>
      </trkpt>
      <trkpt lat="13.0091762356460094451904296875" lon="80.27638756670057773590087890625">
        <ele>1.2000000476837158203125</ele>
        <time>2026-06-28T01:24:37.000Z</time>
        <extensions>
          <ns3:TrackPointExtension>
            <ns3:hr>190</ns3:hr>
            <ns3:cad>87</ns3:cad>
          </ns3:TrackPointExtension>
        </extensions>
      </trkpt>
      <trkpt lat="13.00912854261696338653564453125" lon="80.27634917758405208587646484375">
        <ele>1</ele>
        <time>2026-06-28T01:24:42.000Z</time>
        <extensions>
          <ns3:TrackPointExtension>
            <ns3:hr>191</ns3:hr>
            <ns3:cad>87</ns3:cad>
          </ns3:TrackPointExtension>
        </extensions>
      </trkpt>
      <trkpt lat="13.00929777324199676513671875" lon="80.27641824446618556976318359375">
        <ele>2.599999904632568359375</ele>
        <time>2026-06-28T01:24:51.000Z</time>
        <extensions>
          <ns3:TrackPointExtension>
            <ns3:hr>191</ns3:hr>
            <ns3:cad>88</ns3:cad>
          </ns3:TrackPointExtension>
        </extensions>
      </trkpt>
      <trkpt lat="13.00940514542162418365478515625" lon="80.27639913372695446014404296875">
        <ele>2.599999904632568359375</ele>
        <time>2026-06-28T01:25:02.000Z</time>
        <extensions>
          <ns3:TrackPointExtension>
            <ns3:hr>189</ns3:hr>
            <ns3:cad>60</ns3:cad>
          </ns3:TrackPointExtension>
        </extensions>
      </trkpt>
      <trkpt lat="13.00943724811077117919921875" lon="80.27640952728688716888427734375">
        <ele>2.400000095367431640625</ele>
        <time>2026-06-28T01:25:32.000Z</time>
        <extensions>
          <ns3:TrackPointExtension>
            <ns3:hr>186</ns3:hr>
            <ns3:cad>59</ns3:cad>
          </ns3:TrackPointExtension>
        </extensions>
      </trkpt>
      <trkpt lat="13.0094501562416553497314453125" lon="80.276418663561344146728515625">
        <ele>2.2000000476837158203125</ele>
        <time>2026-06-28T01:25:34.000Z</time>
        <extensions>
          <ns3:TrackPointExtension>
            <ns3:hr>183</ns3:hr>
            <ns3:cad>60</ns3:cad>
          </ns3:TrackPointExtension>
        </extensions>
      </trkpt>
      <trkpt lat="13.00944621674716472625732421875" lon="80.2764174900949001312255859375">
        <ele>2.2000000476837158203125</ele>
        <time>2026-06-28T01:25:39.000Z</time>
        <extensions>
          <ns3:TrackPointExtension>
            <ns3:hr>180</ns3:hr>
            <ns3:cad>0</ns3:cad>
          </ns3:TrackPointExtension>
        </extensions>
      </trkpt>
      <trkpt lat="13.00948527641594409942626953125" lon="80.27643240988254547119140625">
        <ele>1.7999999523162841796875</ele>
        <time>2026-06-28T01:25:45.000Z</time>
        <extensions>
          <ns3:TrackPointExtension>
            <ns3:hr>176</ns3:hr>
            <ns3:cad>60</ns3:cad>
          </ns3:TrackPointExtension>
        </extensions>
      </trkpt>
      <trkpt lat="13.00950187258422374725341796875" lon="80.2764362655580043792724609375">
        <ele>1.60000002384185791015625</ele>
        <time>2026-06-28T01:25:47.000Z</time>
        <extensions>
          <ns3:TrackPointExtension>
            <ns3:hr>173</ns3:hr>
            <ns3:cad>62</ns3:cad>
          </ns3:TrackPointExtension>
        </extensions>
      </trkpt>
      <trkpt lat="13.00953439436852931976318359375" lon="80.2764332480728626251220703125">
        <ele>1.2000000476837158203125</ele>
        <time>2026-06-28T01:25:50.000Z</time>
        <extensions>
          <ns3:TrackPointExtension>
            <ns3:hr>170</ns3:hr>
            <ns3:cad>0</ns3:cad>
          </ns3:TrackPointExtension>
        </extensions>
      </trkpt>
      <trkpt lat="13.00959139131009578704833984375" lon="80.27644841931760311126708984375">
        <ele>0.60000002384185791015625</ele>
        <time>2026-06-28T01:25:55.000Z</time>
        <extensions>
          <ns3:TrackPointExtension>
            <ns3:hr>171</ns3:hr>
            <ns3:cad>0</ns3:cad>
          </ns3:TrackPointExtension>
        </extensions>
      </trkpt>
      <trkpt lat="13.0095976777374744415283203125" lon="80.27646719478070735931396484375">
        <ele>0.4000000059604644775390625</ele>
        <time>2026-06-28T01:25:57.000Z</time>
        <extensions>
          <ns3:TrackPointExtension>
            <ns3:hr>171</ns3:hr>
            <ns3:cad>0</ns3:cad>
          </ns3:TrackPointExtension>
        </extensions>
      </trkpt>
      <trkpt lat="13.0096003599464893341064453125" lon="80.27649401687085628509521484375">
        <ele>0.4000000059604644775390625</ele>
        <time>2026-06-28T01:26:00.000Z</time>
        <extensions>
          <ns3:TrackPointExtension>
            <ns3:hr>168</ns3:hr>
            <ns3:cad>0</ns3:cad>
          </ns3:TrackPointExtension>
        </extensions>
      </trkpt>
      <trkpt lat="13.00961435772478580474853515625" lon="80.27653777040541172027587890625">
        <ele>0.20000000298023223876953125</ele>
        <time>2026-06-28T01:26:05.000Z</time>
        <extensions>
          <ns3:TrackPointExtension>
            <ns3:hr>166</ns3:hr>
            <ns3:cad>0</ns3:cad>
          </ns3:TrackPointExtension>
        </extensions>
      </trkpt>
      <trkpt lat="13.009623326361179351806640625" lon="80.2765462361276149749755859375">
        <ele>0.20000000298023223876953125</ele>
        <time>2026-06-28T01:26:07.000Z</time>
        <extensions>
          <ns3:TrackPointExtension>
            <ns3:hr>165</ns3:hr>
            <ns3:cad>0</ns3:cad>
          </ns3:TrackPointExtension>
        </extensions>
      </trkpt>
      <trkpt lat="13.00963648594915866851806640625" lon="80.276569537818431854248046875">
        <ele>0.20000000298023223876953125</ele>
        <time>2026-06-28T01:26:11.000Z</time>
        <extensions>
          <ns3:TrackPointExtension>
            <ns3:hr>165</ns3:hr>
            <ns3:cad>0</ns3:cad>
          </ns3:TrackPointExtension>
        </extensions>
      </trkpt>
      <trkpt lat="13.00966657698154449462890625" lon="80.27659728191792964935302734375">
        <ele>0</ele>
        <time>2026-06-28T01:26:15.000Z</time>
        <extensions>
          <ns3:TrackPointExtension>
            <ns3:hr>164</ns3:hr>
            <ns3:cad>0</ns3:cad>
          </ns3:TrackPointExtension>
        </extensions>
      </trkpt>
      <trkpt lat="13.00969339907169342041015625" lon="80.276614129543304443359375">
        <ele>0</ele>
        <time>2026-06-28T01:26:18.000Z</time>
        <extensions>
          <ns3:TrackPointExtension>
            <ns3:hr>159</ns3:hr>
            <ns3:cad>0</ns3:cad>
          </ns3:TrackPointExtension>
        </extensions>
      </trkpt>
      <trkpt lat="13.0097019486129283905029296875" lon="80.27662016451358795166015625">
        <ele>0</ele>
        <time>2026-06-28T01:26:19.000Z</time>
        <extensions>
          <ns3:TrackPointExtension>
            <ns3:hr>155</ns3:hr>
            <ns3:cad>0</ns3:cad>
          </ns3:TrackPointExtension>
        </extensions>
      </trkpt>
      <trkpt lat="13.0097099952399730682373046875" lon="80.27662611566483974456787109375">
        <ele>0</ele>
        <time>2026-06-28T01:26:20.000Z</time>
        <extensions>
          <ns3:TrackPointExtension>
            <ns3:hr>155</ns3:hr>
            <ns3:cad>0</ns3:cad>
          </ns3:TrackPointExtension>
        </extensions>
      </trkpt>
      <trkpt lat="13.00971795804798603057861328125" lon="80.27663064189255237579345703125">
        <ele>0</ele>
        <time>2026-06-28T01:26:21.000Z</time>
        <extensions>
          <ns3:TrackPointExtension>
            <ns3:hr>159</ns3:hr>
            <ns3:cad>60</ns3:cad>
          </ns3:TrackPointExtension>
        </extensions>
      </trkpt>
      <trkpt lat="13.00972717814147472381591796875" lon="80.2766364254057407379150390625">
        <ele>0</ele>
        <time>2026-06-28T01:26:22.000Z</time>
        <extensions>
          <ns3:TrackPointExtension>
            <ns3:hr>163</ns3:hr>
            <ns3:cad>60</ns3:cad>
          </ns3:TrackPointExtension>
        </extensions>
      </trkpt>
      <trkpt lat="13.00973807461559772491455078125" lon="80.27664187364280223846435546875">
        <ele>0</ele>
        <time>2026-06-28T01:26:23.000Z</time>
        <extensions>
          <ns3:TrackPointExtension>
            <ns3:hr>163</ns3:hr>
            <ns3:cad>60</ns3:cad>
          </ns3:TrackPointExtension>
        </extensions>
      </trkpt>
      <trkpt lat="13.009843267500400543212890625" lon="80.2766840346157550811767578125">
        <ele>0</ele>
        <time>2026-06-28T01:26:33.000Z</time>
        <extensions>
          <ns3:TrackPointExtension>
            <ns3:hr>160</ns3:hr>
            <ns3:cad>57</ns3:cad>
          </ns3:TrackPointExtension>
        </extensions>
      </trkpt>
      <trkpt lat="13.0098534934222698211669921875" lon="80.276689231395721435546875">
        <ele>0</ele>
        <time>2026-06-28T01:26:34.000Z</time>
        <extensions>
          <ns3:TrackPointExtension>
            <ns3:hr>157</ns3:hr>
            <ns3:cad>57</ns3:cad>
          </ns3:TrackPointExtension>
        </extensions>
      </trkpt>
      <trkpt lat="13.0098729394376277923583984375" lon="80.2766991220414638519287109375">
        <ele>0</ele>
        <time>2026-06-28T01:26:36.000Z</time>
        <extensions>
          <ns3:TrackPointExtension>
            <ns3:hr>160</ns3:hr>
            <ns3:cad>57</ns3:cad>
          </ns3:TrackPointExtension>
        </extensions>
      </trkpt>
      <trkpt lat="13.00994728691875934600830078125" lon="80.276738516986370086669921875">
        <ele>0</ele>
        <time>2026-06-28T01:26:46.000Z</time>
        <extensions>
          <ns3:TrackPointExtension>
            <ns3:hr>161</ns3:hr>
            <ns3:cad>60</ns3:cad>
          </ns3:TrackPointExtension>
        </extensions>
      </trkpt>
      <trkpt lat="13.009979724884033203125" lon="80.27676575817167758941650390625">
        <ele>0</ele>
        <time>2026-06-28T01:26:50.000Z</time>
        <extensions>
          <ns3:TrackPointExtension>
            <ns3:hr>161</ns3:hr>
            <ns3:cad>0</ns3:cad>
          </ns3:TrackPointExtension>
        </extensions>
      </trkpt>
      <trkpt lat="13.01005675457417964935302734375" lon="80.27680397965013980865478515625">
        <ele>0</ele>
        <time>2026-06-28T01:26:59.000Z</time>
        <extensions>
          <ns3:TrackPointExtension>
            <ns3:hr>156</ns3:hr>
            <ns3:cad>56</ns3:cad>
          </ns3:TrackPointExtension>
        </extensions>
      </trkpt>
      <trkpt lat="13.0100744403898715972900390625" lon="80.27681269682943820953369140625">
        <ele>0</ele>
        <time>2026-06-28T01:27:01.000Z</time>
        <extensions>
          <ns3:TrackPointExtension>
            <ns3:hr>161</ns3:hr>
            <ns3:cad>56</ns3:cad>
          </ns3:TrackPointExtension>
        </extensions>
      </trkpt>
      <trkpt lat="13.01009304821491241455078125" lon="80.2768221683800220489501953125">
        <ele>0</ele>
        <time>2026-06-28T01:27:02.000Z</time>
        <extensions>
          <ns3:TrackPointExtension>
            <ns3:hr>165</ns3:hr>
            <ns3:cad>56</ns3:cad>
          </ns3:TrackPointExtension>
        </extensions>
      </trkpt>
      <trkpt lat="13.01009304821491241455078125" lon="80.2768221683800220489501953125">
        <ele>0</ele>
        <time>2026-06-28T01:27:03.000Z</time>
        <extensions>
          <ns3:TrackPointExtension>
            <ns3:hr>168</ns3:hr>
            <ns3:cad>56</ns3:cad>
          </ns3:TrackPointExtension>
        </extensions>
      </trkpt>
      <trkpt lat="13.0101515538990497589111328125" lon="80.2768499962985515594482421875">
        <ele>0</ele>
        <time>2026-06-28T01:27:10.000Z</time>
        <extensions>
          <ns3:TrackPointExtension>
            <ns3:hr>165</ns3:hr>
            <ns3:cad>55</ns3:cad>
          </ns3:TrackPointExtension>
        </extensions>
      </trkpt>
      <trkpt lat="13.0101897753775119781494140625" lon="80.27686600573360919952392578125">
        <ele>0</ele>
        <time>2026-06-28T01:27:14.000Z</time>
        <extensions>
          <ns3:TrackPointExtension>
            <ns3:hr>162</ns3:hr>
            <ns3:cad>55</ns3:cad>
          </ns3:TrackPointExtension>
        </extensions>
      </trkpt>
      <trkpt lat="13.01022849977016448974609375" lon="80.27688478119671344757080078125">
        <ele>0</ele>
        <time>2026-06-28T01:27:18.000Z</time>
        <extensions>
          <ns3:TrackPointExtension>
            <ns3:hr>159</ns3:hr>
            <ns3:cad>55</ns3:cad>
          </ns3:TrackPointExtension>
        </extensions>
      </trkpt>
      <trkpt lat="13.01025825552642345428466796875" lon="80.276900120079517364501953125">
        <ele>0</ele>
        <time>2026-06-28T01:27:21.000Z</time>
        <extensions>
          <ns3:TrackPointExtension>
            <ns3:hr>155</ns3:hr>
            <ns3:cad>0</ns3:cad>
          </ns3:TrackPointExtension>
        </extensions>
      </trkpt>
      <trkpt lat="13.01032732240855693817138671875" lon="80.27693591080605983734130859375">
        <ele>0</ele>
        <time>2026-06-28T01:27:28.000Z</time>
        <extensions>
          <ns3:TrackPointExtension>
            <ns3:hr>152</ns3:hr>
            <ns3:cad>57</ns3:cad>
          </ns3:TrackPointExtension>
        </extensions>
      </trkpt>
      <trkpt lat="13.0103369615972042083740234375" lon="80.27694093994796276092529296875">
        <ele>0</ele>
        <time>2026-06-28T01:27:29.000Z</time>
        <extensions>
          <ns3:TrackPointExtension>
            <ns3:hr>155</ns3:hr>
            <ns3:cad>57</ns3:cad>
          </ns3:TrackPointExtension>
        </extensions>
      </trkpt>
      <trkpt lat="13.0103564076125621795654296875" lon="80.27695116586983203887939453125">
        <ele>0</ele>
        <time>2026-06-28T01:27:31.000Z</time>
        <extensions>
          <ns3:TrackPointExtension>
            <ns3:hr>161</ns3:hr>
            <ns3:cad>57</ns3:cad>
          </ns3:TrackPointExtension>
        </extensions>
      </trkpt>
      <trkpt lat="13.01036638207733631134033203125" lon="80.2769562788307666778564453125">
        <ele>0</ele>
        <time>2026-06-28T01:27:32.000Z</time>
        <extensions>
          <ns3:TrackPointExtension>
            <ns3:hr>161</ns3:hr>
            <ns3:cad>57</ns3:cad>
          </ns3:TrackPointExtension>
        </extensions>
      </trkpt>
      <trkpt lat="13.01047400571405887603759765625" lon="80.276991985738277435302734375">
        <ele>0</ele>
        <time>2026-06-28T01:27:44.000Z</time>
        <extensions>
          <ns3:TrackPointExtension>
            <ns3:hr>158</ns3:hr>
            <ns3:cad>0</ns3:cad>
          </ns3:TrackPointExtension>
        </extensions>
      </trkpt>
      <trkpt lat="13.01064399071037769317626953125" lon="80.277054347097873687744140625">
        <ele>0</ele>
        <time>2026-06-28T01:28:02.000Z</time>
        <extensions>
          <ns3:TrackPointExtension>
            <ns3:hr>160</ns3:hr>
            <ns3:cad>0</ns3:cad>
          </ns3:TrackPointExtension>
        </extensions>
      </trkpt>
      <trkpt lat="13.01072110421955585479736328125" lon="80.277089886367321014404296875">
        <ele>0</ele>
        <time>2026-06-28T01:28:11.000Z</time>
        <extensions>
          <ns3:TrackPointExtension>
            <ns3:hr>157</ns3:hr>
            <ns3:cad>60</ns3:cad>
          </ns3:TrackPointExtension>
        </extensions>
      </trkpt>
      <trkpt lat="13.0107305757701396942138671875" lon="80.2770957536995410919189453125">
        <ele>0</ele>
        <time>2026-06-28T01:28:12.000Z</time>
        <extensions>
          <ns3:TrackPointExtension>
            <ns3:hr>154</ns3:hr>
            <ns3:cad>60</ns3:cad>
          </ns3:TrackPointExtension>
        </extensions>
      </trkpt>
      <trkpt lat="13.01074071787297725677490234375" lon="80.27710002847015857696533203125">
        <ele>0</ele>
        <time>2026-06-28T01:28:13.000Z</time>
        <extensions>
          <ns3:TrackPointExtension>
            <ns3:hr>154</ns3:hr>
            <ns3:cad>56</ns3:cad>
          </ns3:TrackPointExtension>
        </extensions>
      </trkpt>
      <trkpt lat="13.01076083444058895111083984375" lon="80.2771061472594738006591796875">
        <ele>0</ele>
        <time>2026-06-28T01:28:15.000Z</time>
        <extensions>
          <ns3:TrackPointExtension>
            <ns3:hr>157</ns3:hr>
            <ns3:cad>56</ns3:cad>
          </ns3:TrackPointExtension>
        </extensions>
      </trkpt>
      <trkpt lat="13.01085990853607654571533203125" lon="80.27716373093426227569580078125">
        <ele>0</ele>
        <time>2026-06-28T01:28:25.000Z</time>
        <extensions>
          <ns3:TrackPointExtension>
            <ns3:hr>161</ns3:hr>
            <ns3:cad>60</ns3:cad>
          </ns3:TrackPointExtension>
        </extensions>
      </trkpt>
      <trkpt lat="13.01096417941153049468994140625" lon="80.2772315405309200286865234375">
        <ele>0</ele>
        <time>2026-06-28T01:28:38.000Z</time>
        <extensions>
          <ns3:TrackPointExtension>
            <ns3:hr>158</ns3:hr>
            <ns3:cad>54</ns3:cad>
          </ns3:TrackPointExtension>
        </extensions>
      </trkpt>
      <trkpt lat="13.01106400787830352783203125" lon="80.27730203233659267425537109375">
        <ele>0</ele>
        <time>2026-06-28T01:28:50.000Z</time>
        <extensions>
          <ns3:TrackPointExtension>
            <ns3:hr>161</ns3:hr>
            <ns3:cad>60</ns3:cad>
          </ns3:TrackPointExtension>
        </extensions>
      </trkpt>
      <trkpt lat="13.0111416243016719818115234375" lon="80.27730890549719333648681640625">
        <ele>0</ele>
        <time>2026-06-28T01:28:58.000Z</time>
        <extensions>
          <ns3:TrackPointExtension>
            <ns3:hr>165</ns3:hr>
            <ns3:cad>57</ns3:cad>
          </ns3:TrackPointExtension>
        </extensions>
      </trkpt>
      <trkpt lat="13.0111805163323879241943359375" lon="80.277317874133586883544921875">
        <ele>0</ele>
        <time>2026-06-28T01:29:02.000Z</time>
        <extensions>
          <ns3:TrackPointExtension>
            <ns3:hr>168</ns3:hr>
            <ns3:cad>57</ns3:cad>
          </ns3:TrackPointExtension>
        </extensions>
      </trkpt>
      <trkpt lat="13.01128797233104705810546875" lon="80.27735969983041286468505859375">
        <ele>0</ele>
        <time>2026-06-28T01:29:11.000Z</time>
        <extensions>
          <ns3:TrackPointExtension>
            <ns3:hr>165</ns3:hr>
            <ns3:cad>54</ns3:cad>
          </ns3:TrackPointExtension>
        </extensions>
      </trkpt>
      <trkpt lat="13.0113287083804607391357421875" lon="80.27737327851355075836181640625">
        <ele>0</ele>
        <time>2026-06-28T01:29:15.000Z</time>
        <extensions>
          <ns3:TrackPointExtension>
            <ns3:hr>162</ns3:hr>
            <ns3:cad>60</ns3:cad>
          </ns3:TrackPointExtension>
        </extensions>
      </trkpt>
      <trkpt lat="13.01140154711902141571044921875" lon="80.27740714140236377716064453125">
        <ele>0</ele>
        <time>2026-06-28T01:29:25.000Z</time>
        <extensions>
          <ns3:TrackPointExtension>
            <ns3:hr>162</ns3:hr>
            <ns3:cad>0</ns3:cad>
          </ns3:TrackPointExtension>
        </extensions>
      </trkpt>
      <trkpt lat="13.01139903254806995391845703125" lon="80.27740529738366603851318359375">
        <ele>0</ele>
        <time>2026-06-28T01:29:27.000Z</time>
        <extensions>
          <ns3:TrackPointExtension>
            <ns3:hr>161</ns3:hr>
            <ns3:cad>0</ns3:cad>
          </ns3:TrackPointExtension>
        </extensions>
      </trkpt>
      <trkpt lat="13.01141596399247646331787109375" lon="80.27741116471588611602783203125">
        <ele>0</ele>
        <time>2026-06-28T01:29:32.000Z</time>
        <extensions>
          <ns3:TrackPointExtension>
            <ns3:hr>164</ns3:hr>
            <ns3:cad>0</ns3:cad>
          </ns3:TrackPointExtension>
        </extensions>
      </trkpt>
      <trkpt lat="13.0114482343196868896484375" lon="80.2774236537516117095947265625">
        <ele>0</ele>
        <time>2026-06-28T01:29:35.000Z</time>
        <extensions>
          <ns3:TrackPointExtension>
            <ns3:hr>167</ns3:hr>
            <ns3:cad>60</ns3:cad>
          </ns3:TrackPointExtension>
        </extensions>
      </trkpt>
      <trkpt lat="13.01154554821550846099853515625" lon="80.2774635516107082366943359375">
        <ele>0</ele>
        <time>2026-06-28T01:29:45.000Z</time>
        <extensions>
          <ns3:TrackPointExtension>
            <ns3:hr>164</ns3:hr>
            <ns3:cad>60</ns3:cad>
          </ns3:TrackPointExtension>
        </extensions>
      </trkpt>
      <trkpt lat="13.01158812828361988067626953125" lon="80.2774883620440959930419921875">
        <ele>0</ele>
        <time>2026-06-28T01:29:49.000Z</time>
        <extensions>
          <ns3:TrackPointExtension>
            <ns3:hr>161</ns3:hr>
            <ns3:cad>60</ns3:cad>
          </ns3:TrackPointExtension>
        </extensions>
      </trkpt>
      <trkpt lat="13.01165736280381679534912109375" lon="80.27752800844609737396240234375">
        <ele>0</ele>
        <time>2026-06-28T01:29:55.000Z</time>
        <extensions>
          <ns3:TrackPointExtension>
            <ns3:hr>158</ns3:hr>
            <ns3:cad>60</ns3:cad>
          </ns3:TrackPointExtension>
        </extensions>
      </trkpt>
      <trkpt lat="13.01171578466892242431640625" lon="80.277548544108867645263671875">
        <ele>0</ele>
        <time>2026-06-28T01:30:00.000Z</time>
        <extensions>
          <ns3:TrackPointExtension>
            <ns3:hr>155</ns3:hr>
            <ns3:cad>60</ns3:cad>
          </ns3:TrackPointExtension>
        </extensions>
      </trkpt>
      <trkpt lat="13.0118738673627376556396484375" lon="80.2776462770998477935791015625">
        <ele>0</ele>
        <time>2026-06-28T01:30:15.000Z</time>
        <extensions>
          <ns3:TrackPointExtension>
            <ns3:hr>153</ns3:hr>
            <ns3:cad>56</ns3:cad>
          </ns3:TrackPointExtension>
        </extensions>
      </trkpt>
      <trkpt lat="13.01191535778343677520751953125" lon="80.27766748331487178802490234375">
        <ele>0</ele>
        <time>2026-06-28T01:30:21.000Z</time>
        <extensions>
          <ns3:TrackPointExtension>
            <ns3:hr>154</ns3:hr>
            <ns3:cad>0</ns3:cad>
          </ns3:TrackPointExtension>
        </extensions>
      </trkpt>
      <trkpt lat="13.012055419385433197021484375" lon="80.2777817286550998687744140625">
        <ele>0</ele>
        <time>2026-06-28T01:30:41.000Z</time>
        <extensions>
          <ns3:TrackPointExtension>
            <ns3:hr>156</ns3:hr>
            <ns3:cad>59</ns3:cad>
          </ns3:TrackPointExtension>
        </extensions>
      </trkpt>
      <trkpt lat="13.01213412545621395111083984375" lon="80.2778626978397369384765625">
        <ele>0</ele>
        <time>2026-06-28T01:30:53.000Z</time>
        <extensions>
          <ns3:TrackPointExtension>
            <ns3:hr>157</ns3:hr>
            <ns3:cad>0</ns3:cad>
          </ns3:TrackPointExtension>
        </extensions>
      </trkpt>
      <trkpt lat="13.0121407471597194671630859375" lon="80.27786294929683208465576171875">
        <ele>0</ele>
        <time>2026-06-28T01:31:01.000Z</time>
        <extensions>
          <ns3:TrackPointExtension>
            <ns3:hr>160</ns3:hr>
            <ns3:cad>0</ns3:cad>
          </ns3:TrackPointExtension>
        </extensions>
      </trkpt>
      <trkpt lat="13.01214049570262432098388671875" lon="80.27786294929683208465576171875">
        <ele>0</ele>
        <time>2026-06-28T01:31:04.000Z</time>
        <extensions>
          <ns3:TrackPointExtension>
            <ns3:hr>157</ns3:hr>
            <ns3:cad>0</ns3:cad>
          </ns3:TrackPointExtension>
        </extensions>
      </trkpt>
      <trkpt lat="13.0121829919517040252685546875" lon="80.2779002487659454345703125">
        <ele>0</ele>
        <time>2026-06-28T01:31:16.000Z</time>
        <extensions>
          <ns3:TrackPointExtension>
            <ns3:hr>157</ns3:hr>
            <ns3:cad>57</ns3:cad>
          </ns3:TrackPointExtension>
        </extensions>
      </trkpt>
      <trkpt lat="13.012200258672237396240234375" lon="80.277911312878131866455078125">
        <ele>0</ele>
        <time>2026-06-28T01:31:19.000Z</time>
        <extensions>
          <ns3:TrackPointExtension>
            <ns3:hr>154</ns3:hr>
            <ns3:cad>0</ns3:cad>
          </ns3:TrackPointExtension>
        </extensions>
      </trkpt>
      <trkpt lat="13.0122225545346736907958984375" lon="80.2779017575085163116455078125">
        <ele>0</ele>
        <time>2026-06-28T01:31:25.000Z</time>
        <extensions>
          <ns3:TrackPointExtension>
            <ns3:hr>151</ns3:hr>
            <ns3:cad>0</ns3:cad>
          </ns3:TrackPointExtension>
        </extensions>
      </trkpt>
      <trkpt lat="13.0122279189527034759521484375" lon="80.2778906933963298797607421875">
        <ele>0</ele>
        <time>2026-06-28T01:31:58.000Z</time>
        <extensions>
          <ns3:TrackPointExtension>
            <ns3:hr>147</ns3:hr>
            <ns3:cad>0</ns3:cad>
          </ns3:TrackPointExtension>
        </extensions>
      </trkpt>
      <trkpt lat="13.01222682930529117584228515625" lon="80.27789161540567874908447265625">
        <ele>0</ele>
        <time>2026-06-28T01:31:59.000Z</time>
        <extensions>
          <ns3:TrackPointExtension>
            <ns3:hr>144</ns3:hr>
            <ns3:cad>0</ns3:cad>
          </ns3:TrackPointExtension>
        </extensions>
      </trkpt>
      <trkpt lat="13.012227751314640045166015625" lon="80.27789211831986904144287109375">
        <ele>0</ele>
        <time>2026-06-28T01:32:00.000Z</time>
        <extensions>
          <ns3:TrackPointExtension>
            <ns3:hr>144</ns3:hr>
            <ns3:cad>0</ns3:cad>
          </ns3:TrackPointExtension>
        </extensions>
      </trkpt>
      <trkpt lat="13.01222783513367176055908203125" lon="80.2778906933963298797607421875">
        <ele>0</ele>
        <time>2026-06-28T01:32:02.000Z</time>
        <extensions>
          <ns3:TrackPointExtension>
            <ns3:hr>148</ns3:hr>
            <ns3:cad>0</ns3:cad>
          </ns3:TrackPointExtension>
        </extensions>
      </trkpt>
      <trkpt lat="13.01223185844719409942626953125" lon="80.277894549071788787841796875">
        <ele>0</ele>
        <time>2026-06-28T01:32:06.000Z</time>
        <extensions>
          <ns3:TrackPointExtension>
            <ns3:hr>145</ns3:hr>
            <ns3:cad>0</ns3:cad>
          </ns3:TrackPointExtension>
        </extensions>
      </trkpt>
      <trkpt lat="13.01223319955170154571533203125" lon="80.27789446525275707244873046875">
        <ele>0</ele>
        <time>2026-06-28T01:32:08.000Z</time>
        <extensions>
          <ns3:TrackPointExtension>
            <ns3:hr>142</ns3:hr>
            <ns3:cad>0</ns3:cad>
          </ns3:TrackPointExtension>
        </extensions>
      </trkpt>
      <trkpt lat="13.012214340269565582275390625" lon="80.27790150605142116546630859375">
        <ele>0</ele>
        <time>2026-06-28T01:32:22.000Z</time>
        <extensions>
          <ns3:TrackPointExtension>
            <ns3:hr>145</ns3:hr>
            <ns3:cad>60</ns3:cad>
          </ns3:TrackPointExtension>
        </extensions>
      </trkpt>
      <trkpt lat="13.0122131668031215667724609375" lon="80.2778984047472476959228515625">
        <ele>0</ele>
        <time>2026-06-28T01:32:26.000Z</time>
        <extensions>
          <ns3:TrackPointExtension>
            <ns3:hr>141</ns3:hr>
            <ns3:cad>0</ns3:cad>
          </ns3:TrackPointExtension>
        </extensions>
      </trkpt>
      <trkpt lat="13.0121011845767498016357421875" lon="80.27783897705376148223876953125">
        <ele>0</ele>
        <time>2026-06-28T01:33:04.000Z</time>
        <extensions>
          <ns3:TrackPointExtension>
            <ns3:hr>143</ns3:hr>
            <ns3:cad>60</ns3:cad>
          </ns3:TrackPointExtension>
        </extensions>
      </trkpt>
      <trkpt lat="13.0120919644832611083984375" lon="80.27782045304775238037109375">
        <ele>0</ele>
        <time>2026-06-28T01:33:06.000Z</time>
        <extensions>
          <ns3:TrackPointExtension>
            <ns3:hr>140</ns3:hr>
            <ns3:cad>56</ns3:cad>
          </ns3:TrackPointExtension>
        </extensions>
      </trkpt>
      <trkpt lat="13.0120807327330112457275390625" lon="80.277796648442745208740234375">
        <ele>0</ele>
        <time>2026-06-28T01:33:09.000Z</time>
        <extensions>
          <ns3:TrackPointExtension>
            <ns3:hr>140</ns3:hr>
            <ns3:cad>60</ns3:cad>
          </ns3:TrackPointExtension>
        </extensions>
      </trkpt>
      <trkpt lat="13.01205717958509922027587890625" lon="80.2777847461402416229248046875">
        <ele>0</ele>
        <time>2026-06-28T01:33:18.000Z</time>
        <extensions>
          <ns3:TrackPointExtension>
            <ns3:hr>144</ns3:hr>
            <ns3:cad>0</ns3:cad>
          </ns3:TrackPointExtension>
        </extensions>
      </trkpt>
      <trkpt lat="13.01203823648393154144287109375" lon="80.277769826352596282958984375">
        <ele>0</ele>
        <time>2026-06-28T01:33:23.000Z</time>
        <extensions>
          <ns3:TrackPointExtension>
            <ns3:hr>147</ns3:hr>
            <ns3:cad>60</ns3:cad>
          </ns3:TrackPointExtension>
        </extensions>
      </trkpt>
      <trkpt lat="13.01197319291532039642333984375" lon="80.27770377695560455322265625">
        <ele>0</ele>
        <time>2026-06-28T01:33:36.000Z</time>
        <extensions>
          <ns3:TrackPointExtension>
            <ns3:hr>150</ns3:hr>
            <ns3:cad>60</ns3:cad>
          </ns3:TrackPointExtension>
        </extensions>
      </trkpt>
      <trkpt lat="13.01195324398577213287353515625" lon="80.2776801399886608123779296875">
        <ele>0</ele>
        <time>2026-06-28T01:33:45.000Z</time>
        <extensions>
          <ns3:TrackPointExtension>
            <ns3:hr>147</ns3:hr>
            <ns3:cad>0</ns3:cad>
          </ns3:TrackPointExtension>
        </extensions>
      </trkpt>
      <trkpt lat="13.0119546689093112945556640625" lon="80.27768173255026340484619140625">
        <ele>0</ele>
        <time>2026-06-28T01:33:47.000Z</time>
        <extensions>
          <ns3:TrackPointExtension>
            <ns3:hr>144</ns3:hr>
            <ns3:cad>0</ns3:cad>
          </ns3:TrackPointExtension>
        </extensions>
      </trkpt>
      <trkpt lat="13.01195559091866016387939453125" lon="80.27768055908381938934326171875">
        <ele>0</ele>
        <time>2026-06-28T01:34:00.000Z</time>
        <extensions>
          <ns3:TrackPointExtension>
            <ns3:hr>141</ns3:hr>
            <ns3:cad>0</ns3:cad>
          </ns3:TrackPointExtension>
        </extensions>
      </trkpt>
      <trkpt lat="13.01191292703151702880859375" lon="80.27766756713390350341796875">
        <ele>0</ele>
        <time>2026-06-28T01:34:18.000Z</time>
        <extensions>
          <ns3:TrackPointExtension>
            <ns3:hr>136</ns3:hr>
            <ns3:cad>0</ns3:cad>
          </ns3:TrackPointExtension>
        </extensions>
      </trkpt>
      <trkpt lat="13.0118768848478794097900390625" lon="80.2776556648313999176025390625">
        <ele>0</ele>
        <time>2026-06-28T01:34:23.000Z</time>
        <extensions>
          <ns3:TrackPointExtension>
            <ns3:hr>139</ns3:hr>
            <ns3:cad>60</ns3:cad>
          </ns3:TrackPointExtension>
        </extensions>
      </trkpt>
      <trkpt lat="13.01186523400247097015380859375" lon="80.27764837257564067840576171875">
        <ele>0</ele>
        <time>2026-06-28T01:34:25.000Z</time>
        <extensions>
          <ns3:TrackPointExtension>
            <ns3:hr>142</ns3:hr>
            <ns3:cad>50</ns3:cad>
          </ns3:TrackPointExtension>
        </extensions>
      </trkpt>
      <trkpt lat="13.01183003000915050506591796875" lon="80.2776338718831539154052734375">
        <ele>0</ele>
        <time>2026-06-28T01:34:30.000Z</time>
        <extensions>
          <ns3:TrackPointExtension>
            <ns3:hr>138</ns3:hr>
            <ns3:cad>0</ns3:cad>
          </ns3:TrackPointExtension>
        </extensions>
      </trkpt>
      <trkpt lat="13.01182307302951812744140625" lon="80.27763194404542446136474609375">
        <ele>0</ele>
        <time>2026-06-28T01:34:31.000Z</time>
        <extensions>
          <ns3:TrackPointExtension>
            <ns3:hr>135</ns3:hr>
            <ns3:cad>60</ns3:cad>
          </ns3:TrackPointExtension>
        </extensions>
      </trkpt>
      <trkpt lat="13.01181745715439319610595703125" lon="80.277631692588329315185546875">
        <ele>0</ele>
        <time>2026-06-28T01:34:32.000Z</time>
        <extensions>
          <ns3:TrackPointExtension>
            <ns3:hr>135</ns3:hr>
            <ns3:cad>60</ns3:cad>
          </ns3:TrackPointExtension>
        </extensions>
      </trkpt>
      <trkpt lat="13.01164680160582065582275390625" lon="80.2775953151285648345947265625">
        <ele>0</ele>
        <time>2026-06-28T01:34:45.000Z</time>
        <extensions>
          <ns3:TrackPointExtension>
            <ns3:hr>136</ns3:hr>
            <ns3:cad>79</ns3:cad>
          </ns3:TrackPointExtension>
        </extensions>
      </trkpt>
      <trkpt lat="13.01159240305423736572265625" lon="80.27754376642405986785888671875">
        <ele>0</ele>
        <time>2026-06-28T01:34:52.000Z</time>
        <extensions>
          <ns3:TrackPointExtension>
            <ns3:hr>137</ns3:hr>
            <ns3:cad>56</ns3:cad>
          </ns3:TrackPointExtension>
        </extensions>
      </trkpt>
      <trkpt lat="13.01156692206859588623046875" lon="80.27752465568482875823974609375">
        <ele>0</ele>
        <time>2026-06-28T01:34:55.000Z</time>
        <extensions>
          <ns3:TrackPointExtension>
            <ns3:hr>139</ns3:hr>
            <ns3:cad>53</ns3:cad>
          </ns3:TrackPointExtension>
        </extensions>
      </trkpt>
      <trkpt lat="13.01155895926058292388916015625" lon="80.277519710361957550048828125">
        <ele>0</ele>
        <time>2026-06-28T01:34:56.000Z</time>
        <extensions>
          <ns3:TrackPointExtension>
            <ns3:hr>142</ns3:hr>
            <ns3:cad>50</ns3:cad>
          </ns3:TrackPointExtension>
        </extensions>
      </trkpt>
      <trkpt lat="13.01155560649931430816650390625" lon="80.27751677669584751129150390625">
        <ele>0</ele>
        <time>2026-06-28T01:34:57.000Z</time>
        <extensions>
          <ns3:TrackPointExtension>
            <ns3:hr>146</ns3:hr>
            <ns3:cad>0</ns3:cad>
          </ns3:TrackPointExtension>
        </extensions>
      </trkpt>
      <trkpt lat="13.0115570314228534698486328125" lon="80.2775155194103717803955078125">
        <ele>0</ele>
        <time>2026-06-28T01:34:58.000Z</time>
        <extensions>
          <ns3:TrackPointExtension>
            <ns3:hr>146</ns3:hr>
            <ns3:cad>0</ns3:cad>
          </ns3:TrackPointExtension>
        </extensions>
      </trkpt>
      <trkpt lat="13.011557869613170623779296875" lon="80.27751493267714977264404296875">
        <ele>0</ele>
        <time>2026-06-28T01:34:59.000Z</time>
        <extensions>
          <ns3:TrackPointExtension>
            <ns3:hr>148</ns3:hr>
            <ns3:cad>0</ns3:cad>
          </ns3:TrackPointExtension>
        </extensions>
      </trkpt>
      <trkpt lat="13.01155577413737773895263671875" lon="80.2775165252387523651123046875">
        <ele>0</ele>
        <time>2026-06-28T01:35:01.000Z</time>
        <extensions>
          <ns3:TrackPointExtension>
            <ns3:hr>154</ns3:hr>
            <ns3:cad>0</ns3:cad>
          </ns3:TrackPointExtension>
        </extensions>
      </trkpt>
      <trkpt lat="13.011553175747394561767578125" lon="80.27751711197197437286376953125">
        <ele>0</ele>
        <time>2026-06-28T01:35:02.000Z</time>
        <extensions>
          <ns3:TrackPointExtension>
            <ns3:hr>159</ns3:hr>
            <ns3:cad>0</ns3:cad>
          </ns3:TrackPointExtension>
        </extensions>
      </trkpt>
      <trkpt lat="13.011551164090633392333984375" lon="80.27751174755394458770751953125">
        <ele>0</ele>
        <time>2026-06-28T01:35:03.000Z</time>
        <extensions>
          <ns3:TrackPointExtension>
            <ns3:hr>164</ns3:hr>
            <ns3:cad>0</ns3:cad>
          </ns3:TrackPointExtension>
        </extensions>
      </trkpt>
      <trkpt lat="13.01154990680515766143798828125" lon="80.27751007117331027984619140625">
        <ele>0</ele>
        <time>2026-06-28T01:35:04.000Z</time>
        <extensions>
          <ns3:TrackPointExtension>
            <ns3:hr>167</ns3:hr>
            <ns3:cad>0</ns3:cad>
          </ns3:TrackPointExtension>
        </extensions>
      </trkpt>
      <trkpt lat="13.01154806278645992279052734375" lon="80.27750940062105655670166015625">
        <ele>0</ele>
        <time>2026-06-28T01:35:06.000Z</time>
        <extensions>
          <ns3:TrackPointExtension>
            <ns3:hr>170</ns3:hr>
            <ns3:cad>0</ns3:cad>
          </ns3:TrackPointExtension>
        </extensions>
      </trkpt>
      <trkpt lat="13.01154739223420619964599609375" lon="80.27750931680202484130859375">
        <ele>0</ele>
        <time>2026-06-28T01:35:07.000Z</time>
        <extensions>
          <ns3:TrackPointExtension>
            <ns3:hr>167</ns3:hr>
            <ns3:cad>0</ns3:cad>
          </ns3:TrackPointExtension>
        </extensions>
      </trkpt>
      <trkpt lat="13.0115473084151744842529296875" lon="80.27750940062105655670166015625">
        <ele>0</ele>
        <time>2026-06-28T01:35:08.000Z</time>
        <extensions>
          <ns3:TrackPointExtension>
            <ns3:hr>163</ns3:hr>
            <ns3:cad>0</ns3:cad>
          </ns3:TrackPointExtension>
        </extensions>
      </trkpt>
      <trkpt lat="13.0115466378629207611083984375" lon="80.2775094844400882720947265625">
        <ele>0</ele>
        <time>2026-06-28T01:35:09.000Z</time>
        <extensions>
          <ns3:TrackPointExtension>
            <ns3:hr>159</ns3:hr>
            <ns3:cad>0</ns3:cad>
          </ns3:TrackPointExtension>
        </extensions>
      </trkpt>
      <trkpt lat="13.0115442909300327301025390625" lon="80.2775031141936779022216796875">
        <ele>0</ele>
        <time>2026-06-28T01:35:13.000Z</time>
        <extensions>
          <ns3:TrackPointExtension>
            <ns3:hr>166</ns3:hr>
            <ns3:cad>0</ns3:cad>
          </ns3:TrackPointExtension>
        </extensions>
      </trkpt>
      <trkpt lat="13.01154437474906444549560546875" lon="80.277502276003360748291015625">
        <ele>0</ele>
        <time>2026-06-28T01:35:14.000Z</time>
        <extensions>
          <ns3:TrackPointExtension>
            <ns3:hr>163</ns3:hr>
            <ns3:cad>0</ns3:cad>
          </ns3:TrackPointExtension>
        </extensions>
      </trkpt>
      <trkpt lat="13.011529706418514251708984375" lon="80.27750722132623195648193359375">
        <ele>0</ele>
        <time>2026-06-28T01:35:18.000Z</time>
        <extensions>
          <ns3:TrackPointExtension>
            <ns3:hr>160</ns3:hr>
            <ns3:cad>0</ns3:cad>
          </ns3:TrackPointExtension>
        </extensions>
      </trkpt>
      <trkpt lat="13.01151520572602748870849609375" lon="80.2775004319846630096435546875">
        <ele>0</ele>
        <time>2026-06-28T01:35:20.000Z</time>
        <extensions>
          <ns3:TrackPointExtension>
            <ns3:hr>157</ns3:hr>
            <ns3:cad>0</ns3:cad>
          </ns3:TrackPointExtension>
        </extensions>
      </trkpt>
      <trkpt lat="13.0114913173019886016845703125" lon="80.27748291380703449249267578125">
        <ele>0</ele>
        <time>2026-06-28T01:35:23.000Z</time>
        <extensions>
          <ns3:TrackPointExtension>
            <ns3:hr>156</ns3:hr>
            <ns3:cad>0</ns3:cad>
          </ns3:TrackPointExtension>
        </extensions>
      </trkpt>
      <trkpt lat="13.011477403342723846435546875" lon="80.2774783037602901458740234375">
        <ele>0</ele>
        <time>2026-06-28T01:35:25.000Z</time>
        <extensions>
          <ns3:TrackPointExtension>
            <ns3:hr>153</ns3:hr>
            <ns3:cad>0</ns3:cad>
          </ns3:TrackPointExtension>
        </extensions>
      </trkpt>
      <trkpt lat="13.0114701949059963226318359375" lon="80.27747268788516521453857421875">
        <ele>0</ele>
        <time>2026-06-28T01:35:26.000Z</time>
        <extensions>
          <ns3:TrackPointExtension>
            <ns3:hr>147</ns3:hr>
            <ns3:cad>0</ns3:cad>
          </ns3:TrackPointExtension>
        </extensions>
      </trkpt>
      <trkpt lat="13.01146290265023708343505859375" lon="80.2774675749242305755615234375">
        <ele>0</ele>
        <time>2026-06-28T01:35:27.000Z</time>
        <extensions>
          <ns3:TrackPointExtension>
            <ns3:hr>147</ns3:hr>
            <ns3:cad>0</ns3:cad>
          </ns3:TrackPointExtension>
        </extensions>
      </trkpt>
      <trkpt lat="13.01144915632903575897216796875" lon="80.2774628810584545135498046875">
        <ele>0</ele>
        <time>2026-06-28T01:35:29.000Z</time>
        <extensions>
          <ns3:TrackPointExtension>
            <ns3:hr>144</ns3:hr>
            <ns3:cad>60</ns3:cad>
          </ns3:TrackPointExtension>
        </extensions>
      </trkpt>
      <trkpt lat="13.01143457181751728057861328125" lon="80.2774551697075366973876953125">
        <ele>0</ele>
        <time>2026-06-28T01:35:31.000Z</time>
        <extensions>
          <ns3:TrackPointExtension>
            <ns3:hr>141</ns3:hr>
            <ns3:cad>60</ns3:cad>
          </ns3:TrackPointExtension>
        </extensions>
      </trkpt>
      <trkpt lat="13.01138411276042461395263671875" lon="80.27743714861571788787841796875">
        <ele>0</ele>
        <time>2026-06-28T01:35:37.000Z</time>
        <extensions>
          <ns3:TrackPointExtension>
            <ns3:hr>138</ns3:hr>
            <ns3:cad>60</ns3:cad>
          </ns3:TrackPointExtension>
        </extensions>
      </trkpt>
      <trkpt lat="13.01135762594640254974365234375" lon="80.2774281799793243408203125">
        <ele>0</ele>
        <time>2026-06-28T01:35:40.000Z</time>
        <extensions>
          <ns3:TrackPointExtension>
            <ns3:hr>135</ns3:hr>
            <ns3:cad>60</ns3:cad>
          </ns3:TrackPointExtension>
        </extensions>
      </trkpt>
      <trkpt lat="13.011321835219860076904296875" lon="80.277409739792346954345703125">
        <ele>0</ele>
        <time>2026-06-28T01:35:44.000Z</time>
        <extensions>
          <ns3:TrackPointExtension>
            <ns3:hr>138</ns3:hr>
            <ns3:cad>60</ns3:cad>
          </ns3:TrackPointExtension>
        </extensions>
      </trkpt>
      <trkpt lat="13.0112908221781253814697265625" lon="80.27739574201405048370361328125">
        <ele>0</ele>
        <time>2026-06-28T01:35:48.000Z</time>
        <extensions>
          <ns3:TrackPointExtension>
            <ns3:hr>135</ns3:hr>
            <ns3:cad>60</ns3:cad>
          </ns3:TrackPointExtension>
        </extensions>
      </trkpt>
      <trkpt lat="13.01128386519849300384521484375" lon="80.2773877792060375213623046875">
        <ele>0</ele>
        <time>2026-06-28T01:35:50.000Z</time>
        <extensions>
          <ns3:TrackPointExtension>
            <ns3:hr>135</ns3:hr>
            <ns3:cad>0</ns3:cad>
          </ns3:TrackPointExtension>
        </extensions>
      </trkpt>
      <trkpt lat="13.01112192682921886444091796875" lon="80.27733203954994678497314453125">
        <ele>0</ele>
        <time>2026-06-28T01:36:15.000Z</time>
        <extensions>
          <ns3:TrackPointExtension>
            <ns3:hr>132</ns3:hr>
            <ns3:cad>60</ns3:cad>
          </ns3:TrackPointExtension>
        </extensions>
      </trkpt>
      <trkpt lat="13.0110795982182025909423828125" lon="80.27730882167816162109375">
        <ele>0</ele>
        <time>2026-06-28T01:36:21.000Z</time>
        <extensions>
          <ns3:TrackPointExtension>
            <ns3:hr>132</ns3:hr>
            <ns3:cad>60</ns3:cad>
          </ns3:TrackPointExtension>
        </extensions>
      </trkpt>
      <trkpt lat="13.011063002049922943115234375" lon="80.2773036248981952667236328125">
        <ele>0</ele>
        <time>2026-06-28T01:36:23.000Z</time>
        <extensions>
          <ns3:TrackPointExtension>
            <ns3:hr>132</ns3:hr>
            <ns3:cad>60</ns3:cad>
          </ns3:TrackPointExtension>
        </extensions>
      </trkpt>
      <trkpt lat="13.0109815299510955810546875" lon="80.27727185748517513275146484375">
        <ele>0</ele>
        <time>2026-06-28T01:36:34.000Z</time>
        <extensions>
          <ns3:TrackPointExtension>
            <ns3:hr>130</ns3:hr>
            <ns3:cad>60</ns3:cad>
          </ns3:TrackPointExtension>
        </extensions>
      </trkpt>
      <trkpt lat="13.010967113077640533447265625" lon="80.277263224124908447265625">
        <ele>0</ele>
        <time>2026-06-28T01:36:37.000Z</time>
        <extensions>
          <ns3:TrackPointExtension>
            <ns3:hr>131</ns3:hr>
            <ns3:cad>60</ns3:cad>
          </ns3:TrackPointExtension>
        </extensions>
      </trkpt>
      <trkpt lat="13.0109198391437530517578125" lon="80.27723514474928379058837890625">
        <ele>0</ele>
        <time>2026-06-28T01:36:44.000Z</time>
        <extensions>
          <ns3:TrackPointExtension>
            <ns3:hr>131</ns3:hr>
            <ns3:cad>60</ns3:cad>
          </ns3:TrackPointExtension>
        </extensions>
      </trkpt>
      <trkpt lat="13.0108643509447574615478515625" lon="80.27721217833459377288818359375">
        <ele>0</ele>
        <time>2026-06-28T01:36:58.000Z</time>
        <extensions>
          <ns3:TrackPointExtension>
            <ns3:hr>135</ns3:hr>
            <ns3:cad>60</ns3:cad>
          </ns3:TrackPointExtension>
        </extensions>
      </trkpt>
      <trkpt lat="13.01085521467030048370361328125" lon="80.27720094658434391021728515625">
        <ele>0</ele>
        <time>2026-06-28T01:37:01.000Z</time>
        <extensions>
          <ns3:TrackPointExtension>
            <ns3:hr>138</ns3:hr>
            <ns3:cad>0</ns3:cad>
          </ns3:TrackPointExtension>
        </extensions>
      </trkpt>
      <trkpt lat="13.01068170927464962005615234375" lon="80.27712835930287837982177734375">
        <ele>0</ele>
        <time>2026-06-28T01:37:17.000Z</time>
        <extensions>
          <ns3:TrackPointExtension>
            <ns3:hr>138</ns3:hr>
            <ns3:cad>62</ns3:cad>
          </ns3:TrackPointExtension>
        </extensions>
      </trkpt>
      <trkpt lat="13.0105642788112163543701171875" lon="80.277044959366321563720703125">
        <ele>0</ele>
        <time>2026-06-28T01:37:28.000Z</time>
        <extensions>
          <ns3:TrackPointExtension>
            <ns3:hr>135</ns3:hr>
            <ns3:cad>60</ns3:cad>
          </ns3:TrackPointExtension>
        </extensions>
      </trkpt>
      <trkpt lat="13.01053267903625965118408203125" lon="80.27703230269253253936767578125">
        <ele>0</ele>
        <time>2026-06-28T01:37:30.000Z</time>
        <extensions>
          <ns3:TrackPointExtension>
            <ns3:hr>140</ns3:hr>
            <ns3:cad>60</ns3:cad>
          </ns3:TrackPointExtension>
        </extensions>
      </trkpt>
      <trkpt lat="13.01049596630036830902099609375" lon="80.2770172990858554840087890625">
        <ele>0</ele>
        <time>2026-06-28T01:37:31.000Z</time>
        <extensions>
          <ns3:TrackPointExtension>
            <ns3:hr>148</ns3:hr>
            <ns3:cad>79</ns3:cad>
          </ns3:TrackPointExtension>
        </extensions>
      </trkpt>
      <trkpt lat="13.0104757659137248992919921875" lon="80.2770095877349376678466796875">
        <ele>0</ele>
        <time>2026-06-28T01:37:33.000Z</time>
        <extensions>
          <ns3:TrackPointExtension>
            <ns3:hr>151</ns3:hr>
            <ns3:cad>80</ns3:cad>
          </ns3:TrackPointExtension>
        </extensions>
      </trkpt>
      <trkpt lat="13.01043360494077205657958984375" lon="80.27699290774762630462646484375">
        <ele>0</ele>
        <time>2026-06-28T01:37:35.000Z</time>
        <extensions>
          <ns3:TrackPointExtension>
            <ns3:hr>154</ns3:hr>
            <ns3:cad>80</ns3:cad>
          </ns3:TrackPointExtension>
        </extensions>
      </trkpt>
      <trkpt lat="13.01039286889135837554931640625" lon="80.27696826495230197906494140625">
        <ele>0</ele>
        <time>2026-06-28T01:37:37.000Z</time>
        <extensions>
          <ns3:TrackPointExtension>
            <ns3:hr>158</ns3:hr>
            <ns3:cad>85</ns3:cad>
          </ns3:TrackPointExtension>
        </extensions>
      </trkpt>
      <trkpt lat="13.01022640429437160491943359375" lon="80.27687757275998592376708984375">
        <ele>0</ele>
        <time>2026-06-28T01:37:45.000Z</time>
        <extensions>
          <ns3:TrackPointExtension>
            <ns3:hr>157</ns3:hr>
            <ns3:cad>87</ns3:cad>
          </ns3:TrackPointExtension>
        </extensions>
      </trkpt>
      <trkpt lat="13.01011676900088787078857421875" lon="80.276835747063159942626953125">
        <ele>0</ele>
        <time>2026-06-28T01:37:50.000Z</time>
        <extensions>
          <ns3:TrackPointExtension>
            <ns3:hr>161</ns3:hr>
            <ns3:cad>87</ns3:cad>
          </ns3:TrackPointExtension>
        </extensions>
      </trkpt>
      <trkpt lat="13.0100704170763492584228515625" lon="80.27681864798069000244140625">
        <ele>0</ele>
        <time>2026-06-28T01:37:52.000Z</time>
        <extensions>
          <ns3:TrackPointExtension>
            <ns3:hr>164</ns3:hr>
            <ns3:cad>87</ns3:cad>
          </ns3:TrackPointExtension>
        </extensions>
      </trkpt>
      <trkpt lat="13.01002440042793750762939453125" lon="80.276796855032444000244140625">
        <ele>0</ele>
        <time>2026-06-28T01:37:54.000Z</time>
        <extensions>
          <ns3:TrackPointExtension>
            <ns3:hr>168</ns3:hr>
            <ns3:cad>87</ns3:cad>
          </ns3:TrackPointExtension>
        </extensions>
      </trkpt>
      <trkpt lat="13.00987176597118377685546875" lon="80.27672468684613704681396484375">
        <ele>0</ele>
        <time>2026-06-28T01:38:01.000Z</time>
        <extensions>
          <ns3:TrackPointExtension>
            <ns3:hr>171</ns3:hr>
            <ns3:cad>88</ns3:cad>
          </ns3:TrackPointExtension>
        </extensions>
      </trkpt>
      <trkpt lat="13.00980512984097003936767578125" lon="80.27668462134897708892822265625">
        <ele>0</ele>
        <time>2026-06-28T01:38:05.000Z</time>
        <extensions>
          <ns3:TrackPointExtension>
            <ns3:hr>168</ns3:hr>
            <ns3:cad>88</ns3:cad>
          </ns3:TrackPointExtension>
        </extensions>
      </trkpt>
      <trkpt lat="13.00963011570274829864501953125" lon="80.276622511446475982666015625">
        <ele>0</ele>
        <time>2026-06-28T01:38:14.000Z</time>
        <extensions>
          <ns3:TrackPointExtension>
            <ns3:hr>171</ns3:hr>
            <ns3:cad>82</ns3:cad>
          </ns3:TrackPointExtension>
        </extensions>
      </trkpt>
      <trkpt lat="13.00954428501427173614501953125" lon="80.2765965275466442108154296875">
        <ele>0.20000000298023223876953125</ele>
        <time>2026-06-28T01:38:18.000Z</time>
        <extensions>
          <ns3:TrackPointExtension>
            <ns3:hr>168</ns3:hr>
            <ns3:cad>84</ns3:cad>
          </ns3:TrackPointExtension>
        </extensions>
      </trkpt>
      <trkpt lat="13.009501956403255462646484375" lon="80.27657884173095226287841796875">
        <ele>0.4000000059604644775390625</ele>
        <time>2026-06-28T01:38:20.000Z</time>
        <extensions>
          <ns3:TrackPointExtension>
            <ns3:hr>173</ns3:hr>
            <ns3:cad>86</ns3:cad>
          </ns3:TrackPointExtension>
        </extensions>
      </trkpt>
      <trkpt lat="13.00945937633514404296875" lon="80.27655788697302341461181640625">
        <ele>0.60000002384185791015625</ele>
        <time>2026-06-28T01:38:22.000Z</time>
        <extensions>
          <ns3:TrackPointExtension>
            <ns3:hr>176</ns3:hr>
            <ns3:cad>86</ns3:cad>
          </ns3:TrackPointExtension>
        </extensions>
      </trkpt>
      <trkpt lat="13.009367845952510833740234375" lon="80.276507176458835601806640625">
        <ele>1.39999997615814208984375</ele>
        <time>2026-06-28T01:38:27.000Z</time>
        <extensions>
          <ns3:TrackPointExtension>
            <ns3:hr>173</ns3:hr>
            <ns3:cad>86</ns3:cad>
          </ns3:TrackPointExtension>
        </extensions>
      </trkpt>
      <trkpt lat="13.00921118818223476409912109375" lon="80.27641489170491695404052734375">
        <ele>1.39999997615814208984375</ele>
        <time>2026-06-28T01:38:35.000Z</time>
        <extensions>
          <ns3:TrackPointExtension>
            <ns3:hr>172</ns3:hr>
            <ns3:cad>87</ns3:cad>
          </ns3:TrackPointExtension>
        </extensions>
      </trkpt>
      <trkpt lat="13.00913809798657894134521484375" lon="80.2763648517429828643798828125">
        <ele>1</ele>
        <time>2026-06-28T01:38:39.000Z</time>
        <extensions>
          <ns3:TrackPointExtension>
            <ns3:hr>175</ns3:hr>
            <ns3:cad>87</ns3:cad>
          </ns3:TrackPointExtension>
        </extensions>
      </trkpt>
      <trkpt lat="13.00906936638057231903076171875" lon="80.2763279713690280914306640625">
        <ele>0.60000002384185791015625</ele>
        <time>2026-06-28T01:38:43.000Z</time>
        <extensions>
          <ns3:TrackPointExtension>
            <ns3:hr>181</ns3:hr>
            <ns3:cad>75</ns3:cad>
          </ns3:TrackPointExtension>
        </extensions>
      </trkpt>
      <trkpt lat="13.00904874689877033233642578125" lon="80.27632109820842742919921875">
        <ele>0.4000000059604644775390625</ele>
        <time>2026-06-28T01:38:44.000Z</time>
        <extensions>
          <ns3:TrackPointExtension>
            <ns3:hr>181</ns3:hr>
            <ns3:cad>75</ns3:cad>
          </ns3:TrackPointExtension>
        </extensions>
      </trkpt>
      <trkpt lat="13.00897188484668731689453125" lon="80.27628245763480663299560546875">
        <ele>0.4000000059604644775390625</ele>
        <time>2026-06-28T01:38:50.000Z</time>
        <extensions>
          <ns3:TrackPointExtension>
            <ns3:hr>182</ns3:hr>
            <ns3:cad>0</ns3:cad>
          </ns3:TrackPointExtension>
        </extensions>
      </trkpt>
      <trkpt lat="13.008962161839008331298828125" lon="80.2762801945209503173828125">
        <ele>0.60000002384185791015625</ele>
        <time>2026-06-28T01:38:52.000Z</time>
        <extensions>
          <ns3:TrackPointExtension>
            <ns3:hr>185</ns3:hr>
            <ns3:cad>0</ns3:cad>
          </ns3:TrackPointExtension>
        </extensions>
      </trkpt>
      <trkpt lat="13.0089314840734004974365234375" lon="80.27626988478004932403564453125">
        <ele>0.60000002384185791015625</ele>
        <time>2026-06-28T01:38:54.000Z</time>
        <extensions>
          <ns3:TrackPointExtension>
            <ns3:hr>182</ns3:hr>
            <ns3:cad>0</ns3:cad>
          </ns3:TrackPointExtension>
        </extensions>
      </trkpt>
      <trkpt lat="13.00874314270913600921630859375" lon="80.27620266191661357879638671875">
        <ele>1.2000000476837158203125</ele>
        <time>2026-06-28T01:39:03.000Z</time>
        <extensions>
          <ns3:TrackPointExtension>
            <ns3:hr>183</ns3:hr>
            <ns3:cad>86</ns3:cad>
          </ns3:TrackPointExtension>
        </extensions>
      </trkpt>
      <trkpt lat="13.0085626803338527679443359375" lon="80.2761246263980865478515625">
        <ele>0.800000011920928955078125</ele>
        <time>2026-06-28T01:39:12.000Z</time>
        <extensions>
          <ns3:TrackPointExtension>
            <ns3:hr>182</ns3:hr>
            <ns3:cad>86</ns3:cad>
          </ns3:TrackPointExtension>
        </extensions>
      </trkpt>
      <trkpt lat="13.00850794650614261627197265625" lon="80.27610358782112598419189453125">
        <ele>0.800000011920928955078125</ele>
        <time>2026-06-28T01:39:15.000Z</time>
        <extensions>
          <ns3:TrackPointExtension>
            <ns3:hr>185</ns3:hr>
            <ns3:cad>86</ns3:cad>
          </ns3:TrackPointExtension>
        </extensions>
      </trkpt>
      <trkpt lat="13.00833209417760372161865234375" lon="80.2760319225490093231201171875">
        <ele>0.800000011920928955078125</ele>
        <time>2026-06-28T01:39:24.000Z</time>
        <extensions>
          <ns3:TrackPointExtension>
            <ns3:hr>184</ns3:hr>
            <ns3:cad>84</ns3:cad>
          </ns3:TrackPointExtension>
        </extensions>
      </trkpt>
      <trkpt lat="13.0082907713949680328369140625" lon="80.27601809240877628326416015625">
        <ele>0.800000011920928955078125</ele>
        <time>2026-06-28T01:39:26.000Z</time>
        <extensions>
          <ns3:TrackPointExtension>
            <ns3:hr>187</ns3:hr>
            <ns3:cad>84</ns3:cad>
          </ns3:TrackPointExtension>
        </extensions>
      </trkpt>
      <trkpt lat="13.00824441947042942047119140625" lon="80.27599143795669078826904296875">
        <ele>1</ele>
        <time>2026-06-28T01:39:29.000Z</time>
        <extensions>
          <ns3:TrackPointExtension>
            <ns3:hr>186</ns3:hr>
            <ns3:cad>84</ns3:cad>
          </ns3:TrackPointExtension>
        </extensions>
      </trkpt>
      <trkpt lat="13.0082411505281925201416015625" lon="80.27598389424383640289306640625">
        <ele>1</ele>
        <time>2026-06-28T01:39:32.000Z</time>
        <extensions>
          <ns3:TrackPointExtension>
            <ns3:hr>189</ns3:hr>
            <ns3:cad>0</ns3:cad>
          </ns3:TrackPointExtension>
        </extensions>
      </trkpt>
      <trkpt lat="13.0082388035953044891357421875" lon="80.27598406188189983367919921875">
        <ele>1</ele>
        <time>2026-06-28T01:39:33.000Z</time>
        <extensions>
          <ns3:TrackPointExtension>
            <ns3:hr>190</ns3:hr>
            <ns3:cad>0</ns3:cad>
          </ns3:TrackPointExtension>
        </extensions>
      </trkpt>
      <trkpt lat="13.00821122713387012481689453125" lon="80.2759678848087787628173828125">
        <ele>1.2000000476837158203125</ele>
        <time>2026-06-28T01:39:35.000Z</time>
        <extensions>
          <ns3:TrackPointExtension>
            <ns3:hr>187</ns3:hr>
            <ns3:cad>0</ns3:cad>
          </ns3:TrackPointExtension>
        </extensions>
      </trkpt>
      <trkpt lat="13.00819178111851215362548828125" lon="80.27595807798206806182861328125">
        <ele>1.2000000476837158203125</ele>
        <time>2026-06-28T01:39:36.000Z</time>
        <extensions>
          <ns3:TrackPointExtension>
            <ns3:hr>187</ns3:hr>
            <ns3:cad>0</ns3:cad>
          </ns3:TrackPointExtension>
        </extensions>
      </trkpt>
      <trkpt lat="13.00800553523004055023193359375" lon="80.27588062919676303863525390625">
        <ele>0</ele>
        <time>2026-06-28T01:39:44.000Z</time>
        <extensions>
          <ns3:TrackPointExtension>
            <ns3:hr>187</ns3:hr>
            <ns3:cad>87</ns3:cad>
          </ns3:TrackPointExtension>
        </extensions>
      </trkpt>
      <trkpt lat="13.0078230611979961395263671875" lon="80.27579697780311107635498046875">
        <ele>0</ele>
        <time>2026-06-28T01:39:51.000Z</time>
        <extensions>
          <ns3:TrackPointExtension>
            <ns3:hr>186</ns3:hr>
            <ns3:cad>90</ns3:cad>
          </ns3:TrackPointExtension>
        </extensions>
      </trkpt>
      <trkpt lat="13.0077690817415714263916015625" lon="80.27577719651162624359130859375">
        <ele>0</ele>
        <time>2026-06-28T01:39:52.000Z</time>
        <extensions>
          <ns3:TrackPointExtension>
            <ns3:hr>189</ns3:hr>
            <ns3:cad>91</ns3:cad>
          </ns3:TrackPointExtension>
        </extensions>
      </trkpt>
      <trkpt lat="13.007682077586650848388671875" lon="80.27573076076805591583251953125">
        <ele>0</ele>
        <time>2026-06-28T01:39:59.000Z</time>
        <extensions>
          <ns3:TrackPointExtension>
            <ns3:hr>188</ns3:hr>
            <ns3:cad>0</ns3:cad>
          </ns3:TrackPointExtension>
        </extensions>
      </trkpt>
      <trkpt lat="13.0076279304921627044677734375" lon="80.2757169306278228759765625">
        <ele>0</ele>
        <time>2026-06-28T01:40:02.000Z</time>
        <extensions>
          <ns3:TrackPointExtension>
            <ns3:hr>183</ns3:hr>
            <ns3:cad>85</ns3:cad>
          </ns3:TrackPointExtension>
        </extensions>
      </trkpt>
      <trkpt lat="13.00757621414959430694580078125" lon="80.27570276521146297454833984375">
        <ele>0</ele>
        <time>2026-06-28T01:40:04.000Z</time>
        <extensions>
          <ns3:TrackPointExtension>
            <ns3:hr>187</ns3:hr>
            <ns3:cad>83</ns3:cad>
          </ns3:TrackPointExtension>
        </extensions>
      </trkpt>
      <trkpt lat="13.00751904956996440887451171875" lon="80.2756802178919315338134765625">
        <ele>0</ele>
        <time>2026-06-28T01:40:05.000Z</time>
        <extensions>
          <ns3:TrackPointExtension>
            <ns3:hr>192</ns3:hr>
            <ns3:cad>87</ns3:cad>
          </ns3:TrackPointExtension>
        </extensions>
      </trkpt>
      <trkpt lat="13.00751904956996440887451171875" lon="80.2756802178919315338134765625">
        <ele>0</ele>
        <time>2026-06-28T01:40:06.000Z</time>
        <extensions>
          <ns3:TrackPointExtension>
            <ns3:hr>192</ns3:hr>
            <ns3:cad>87</ns3:cad>
          </ns3:TrackPointExtension>
        </extensions>
      </trkpt>
      <trkpt lat="13.00739499740302562713623046875" lon="80.27563353069126605987548828125">
        <ele>0</ele>
        <time>2026-06-28T01:40:13.000Z</time>
        <extensions>
          <ns3:TrackPointExtension>
            <ns3:hr>189</ns3:hr>
            <ns3:cad>88</ns3:cad>
          </ns3:TrackPointExtension>
        </extensions>
      </trkpt>
      <trkpt lat="13.0073033832013607025146484375" lon="80.2755893580615520477294921875">
        <ele>0</ele>
        <time>2026-06-28T01:40:17.000Z</time>
        <extensions>
          <ns3:TrackPointExtension>
            <ns3:hr>192</ns3:hr>
            <ns3:cad>88</ns3:cad>
          </ns3:TrackPointExtension>
        </extensions>
      </trkpt>
      <trkpt lat="13.00713750533759593963623046875" lon="80.27552842162549495697021484375">
        <ele>0</ele>
        <time>2026-06-28T01:40:30.000Z</time>
        <extensions>
          <ns3:TrackPointExtension>
            <ns3:hr>189</ns3:hr>
            <ns3:cad>87</ns3:cad>
          </ns3:TrackPointExtension>
        </extensions>
      </trkpt>
      <trkpt lat="13.00696282647550106048583984375" lon="80.27546673081815242767333984375">
        <ele>0</ele>
        <time>2026-06-28T01:40:38.000Z</time>
        <extensions>
          <ns3:TrackPointExtension>
            <ns3:hr>186</ns3:hr>
            <ns3:cad>83</ns3:cad>
          </ns3:TrackPointExtension>
        </extensions>
      </trkpt>
      <trkpt lat="13.0068430490791797637939453125" lon="80.27541643939912319183349609375">
        <ele>0</ele>
        <time>2026-06-28T01:40:43.000Z</time>
        <extensions>
          <ns3:TrackPointExtension>
            <ns3:hr>183</ns3:hr>
            <ns3:cad>90</ns3:cad>
          </ns3:TrackPointExtension>
        </extensions>
      </trkpt>
      <trkpt lat="13.00680323503911495208740234375" lon="80.275398083031177520751953125">
        <ele>0</ele>
        <time>2026-06-28T01:40:46.000Z</time>
        <extensions>
          <ns3:TrackPointExtension>
            <ns3:hr>177</ns3:hr>
            <ns3:cad>89</ns3:cad>
          </ns3:TrackPointExtension>
        </extensions>
      </trkpt>
      <trkpt lat="13.0066908337175846099853515625" lon="80.27535013854503631591796875">
        <ele>0</ele>
        <time>2026-06-28T01:40:50.000Z</time>
        <extensions>
          <ns3:TrackPointExtension>
            <ns3:hr>180</ns3:hr>
            <ns3:cad>90</ns3:cad>
          </ns3:TrackPointExtension>
        </extensions>
      </trkpt>
      <trkpt lat="13.006666861474514007568359375" lon="80.27534016408026218414306640625">
        <ele>0</ele>
        <time>2026-06-28T01:40:52.000Z</time>
        <extensions>
          <ns3:TrackPointExtension>
            <ns3:hr>187</ns3:hr>
            <ns3:cad>90</ns3:cad>
          </ns3:TrackPointExtension>
        </extensions>
      </trkpt>
      <trkpt lat="13.0066298134624958038330078125" lon="80.27532272972166538238525390625">
        <ele>0</ele>
        <time>2026-06-28T01:40:56.000Z</time>
        <extensions>
          <ns3:TrackPointExtension>
            <ns3:hr>189</ns3:hr>
            <ns3:cad>0</ns3:cad>
          </ns3:TrackPointExtension>
        </extensions>
      </trkpt>
      <trkpt lat="13.00645169802010059356689453125" lon="80.2752448618412017822265625">
        <ele>0</ele>
        <time>2026-06-28T01:41:04.000Z</time>
        <extensions>
          <ns3:TrackPointExtension>
            <ns3:hr>189</ns3:hr>
            <ns3:cad>89</ns3:cad>
          </ns3:TrackPointExtension>
        </extensions>
      </trkpt>
      <trkpt lat="13.0062814615666866302490234375" lon="80.27517839334905147552490234375">
        <ele>0</ele>
        <time>2026-06-28T01:41:13.000Z</time>
        <extensions>
          <ns3:TrackPointExtension>
            <ns3:hr>189</ns3:hr>
            <ns3:cad>89</ns3:cad>
          </ns3:TrackPointExtension>
        </extensions>
      </trkpt>
      <trkpt lat="13.00610519014298915863037109375" lon="80.27511955238878726959228515625">
        <ele>0</ele>
        <time>2026-06-28T01:41:20.000Z</time>
        <extensions>
          <ns3:TrackPointExtension>
            <ns3:hr>190</ns3:hr>
            <ns3:cad>88</ns3:cad>
          </ns3:TrackPointExtension>
        </extensions>
      </trkpt>
      <trkpt lat="13.0059237219393253326416015625" lon="80.2750579454004764556884765625">
        <ele>0</ele>
        <time>2026-06-28T01:41:27.000Z</time>
        <extensions>
          <ns3:TrackPointExtension>
            <ns3:hr>191</ns3:hr>
            <ns3:cad>92</ns3:cad>
          </ns3:TrackPointExtension>
        </extensions>
      </trkpt>
      <trkpt lat="13.0057423375546932220458984375" lon="80.27498343028128147125244140625">
        <ele>0</ele>
        <time>2026-06-28T01:41:35.000Z</time>
        <extensions>
          <ns3:TrackPointExtension>
            <ns3:hr>192</ns3:hr>
            <ns3:cad>87</ns3:cad>
          </ns3:TrackPointExtension>
        </extensions>
      </trkpt>
      <trkpt lat="13.00557796843349933624267578125" lon="80.2748943306505680084228515625">
        <ele>0</ele>
        <time>2026-06-28T01:41:47.000Z</time>
        <extensions>
          <ns3:TrackPointExtension>
            <ns3:hr>192</ns3:hr>
            <ns3:cad>88</ns3:cad>
          </ns3:TrackPointExtension>
        </extensions>
      </trkpt>
      <trkpt lat="13.0055354721844196319580078125" lon="80.27487614192068576812744140625">
        <ele>0</ele>
        <time>2026-06-28T01:41:50.000Z</time>
        <extensions>
          <ns3:TrackPointExtension>
            <ns3:hr>187</ns3:hr>
            <ns3:cad>88</ns3:cad>
          </ns3:TrackPointExtension>
        </extensions>
      </trkpt>
      <trkpt lat="13.00550957210361957550048828125" lon="80.2748666703701019287109375">
        <ele>0</ele>
        <time>2026-06-28T01:41:51.000Z</time>
        <extensions>
          <ns3:TrackPointExtension>
            <ns3:hr>187</ns3:hr>
            <ns3:cad>88</ns3:cad>
          </ns3:TrackPointExtension>
        </extensions>
      </trkpt>
      <trkpt lat="13.00546489655971527099609375" lon="80.27485937811434268951416015625">
        <ele>0</ele>
        <time>2026-06-28T01:41:56.000Z</time>
        <extensions>
          <ns3:TrackPointExtension>
            <ns3:hr>190</ns3:hr>
            <ns3:cad>62</ns3:cad>
          </ns3:TrackPointExtension>
        </extensions>
      </trkpt>
      <trkpt lat="13.00531175918877124786376953125" lon="80.2748103439807891845703125">
        <ele>0</ele>
        <time>2026-06-28T01:42:09.000Z</time>
        <extensions>
          <ns3:TrackPointExtension>
            <ns3:hr>186</ns3:hr>
            <ns3:cad>61</ns3:cad>
          </ns3:TrackPointExtension>
        </extensions>
      </trkpt>
      <trkpt lat="13.0052711069583892822265625" lon="80.27479265816509723663330078125">
        <ele>0</ele>
        <time>2026-06-28T01:42:12.000Z</time>
        <extensions>
          <ns3:TrackPointExtension>
            <ns3:hr>189</ns3:hr>
            <ns3:cad>62</ns3:cad>
          </ns3:TrackPointExtension>
        </extensions>
      </trkpt>
      <trkpt lat="13.0051680095493793487548828125" lon="80.27476013638079166412353515625">
        <ele>0</ele>
        <time>2026-06-28T01:42:19.000Z</time>
        <extensions>
          <ns3:TrackPointExtension>
            <ns3:hr>186</ns3:hr>
            <ns3:cad>63</ns3:cad>
          </ns3:TrackPointExtension>
        </extensions>
      </trkpt>
      <trkpt lat="13.00514043308794498443603515625" lon="80.27475259266793727874755859375">
        <ele>0</ele>
        <time>2026-06-28T01:42:21.000Z</time>
        <extensions>
          <ns3:TrackPointExtension>
            <ns3:hr>182</ns3:hr>
            <ns3:cad>60</ns3:cad>
          </ns3:TrackPointExtension>
        </extensions>
      </trkpt>
      <trkpt lat="13.00496868789196014404296875" lon="80.27469559572637081146240234375">
        <ele>3</ele>
        <time>2026-06-28T01:42:34.000Z</time>
        <extensions>
          <ns3:TrackPointExtension>
            <ns3:hr>179</ns3:hr>
            <ns3:cad>63</ns3:cad>
          </ns3:TrackPointExtension>
        </extensions>
      </trkpt>
      <trkpt lat="13.004924766719341278076171875" lon="80.274682603776454925537109375">
        <ele>3.7999999523162841796875</ele>
        <time>2026-06-28T01:42:37.000Z</time>
        <extensions>
          <ns3:TrackPointExtension>
            <ns3:hr>175</ns3:hr>
            <ns3:cad>63</ns3:cad>
          </ns3:TrackPointExtension>
        </extensions>
      </trkpt>
      <trkpt lat="13.004897944629192352294921875" lon="80.27467346750199794769287109375">
        <ele>4.400000095367431640625</ele>
        <time>2026-06-28T01:42:39.000Z</time>
        <extensions>
          <ns3:TrackPointExtension>
            <ns3:hr>178</ns3:hr>
            <ns3:cad>60</ns3:cad>
          </ns3:TrackPointExtension>
        </extensions>
      </trkpt>
      <trkpt lat="13.004726283252239227294921875" lon="80.274602472782135009765625">
        <ele>4.19999980926513671875</ele>
        <time>2026-06-28T01:42:52.000Z</time>
        <extensions>
          <ns3:TrackPointExtension>
            <ns3:hr>177</ns3:hr>
            <ns3:cad>64</ns3:cad>
          </ns3:TrackPointExtension>
        </extensions>
      </trkpt>
      <trkpt lat="13.00459317862987518310546875" lon="80.27455025352537631988525390625">
        <ele>3.400000095367431640625</ele>
        <time>2026-06-28T01:43:02.000Z</time>
        <extensions>
          <ns3:TrackPointExtension>
            <ns3:hr>174</ns3:hr>
            <ns3:cad>60</ns3:cad>
          </ns3:TrackPointExtension>
        </extensions>
      </trkpt>
      <trkpt lat="13.00441271625459194183349609375" lon="80.2744976989924907684326171875">
        <ele>2.7999999523162841796875</ele>
        <time>2026-06-28T01:43:15.000Z</time>
        <extensions>
          <ns3:TrackPointExtension>
            <ns3:hr>173</ns3:hr>
            <ns3:cad>64</ns3:cad>
          </ns3:TrackPointExtension>
        </extensions>
      </trkpt>
      <trkpt lat="13.0043888278305530548095703125" lon="80.27449258603155612945556640625">
        <ele>2.599999904632568359375</ele>
        <time>2026-06-28T01:43:17.000Z</time>
        <extensions>
          <ns3:TrackPointExtension>
            <ns3:hr>170</ns3:hr>
            <ns3:cad>64</ns3:cad>
          </ns3:TrackPointExtension>
        </extensions>
      </trkpt>
      <trkpt lat="13.00427491776645183563232421875" lon="80.2744510956108570098876953125">
        <ele>2</ele>
        <time>2026-06-28T01:43:25.000Z</time>
        <extensions>
          <ns3:TrackPointExtension>
            <ns3:hr>167</ns3:hr>
            <ns3:cad>64</ns3:cad>
          </ns3:TrackPointExtension>
        </extensions>
      </trkpt>
      <trkpt lat="13.004159666597843170166015625" lon="80.27440709061920642852783203125">
        <ele>1.60000002384185791015625</ele>
        <time>2026-06-28T01:43:34.000Z</time>
        <extensions>
          <ns3:TrackPointExtension>
            <ns3:hr>164</ns3:hr>
            <ns3:cad>64</ns3:cad>
          </ns3:TrackPointExtension>
        </extensions>
      </trkpt>
      <trkpt lat="13.0039784498512744903564453125" lon="80.274345986545085906982421875">
        <ele>1</ele>
        <time>2026-06-28T01:43:49.000Z</time>
        <extensions>
          <ns3:TrackPointExtension>
            <ns3:hr>163</ns3:hr>
            <ns3:cad>60</ns3:cad>
          </ns3:TrackPointExtension>
        </extensions>
      </trkpt>
      <trkpt lat="13.003952801227569580078125" lon="80.27433718554675579071044921875">
        <ele>1</ele>
        <time>2026-06-28T01:43:53.000Z</time>
        <extensions>
          <ns3:TrackPointExtension>
            <ns3:hr>164</ns3:hr>
            <ns3:cad>60</ns3:cad>
          </ns3:TrackPointExtension>
        </extensions>
      </trkpt>
      <trkpt lat="13.003958500921726226806640625" lon="80.27433534152805805206298828125">
        <ele>1</ele>
        <time>2026-06-28T01:43:56.000Z</time>
        <extensions>
          <ns3:TrackPointExtension>
            <ns3:hr>164</ns3:hr>
            <ns3:cad>0</ns3:cad>
          </ns3:TrackPointExtension>
        </extensions>
      </trkpt>
      <trkpt lat="13.00378038547933101654052734375" lon="80.2743049152195453643798828125">
        <ele>0.60000002384185791015625</ele>
        <time>2026-06-28T01:44:11.000Z</time>
        <extensions>
          <ns3:TrackPointExtension>
            <ns3:hr>166</ns3:hr>
            <ns3:cad>60</ns3:cad>
          </ns3:TrackPointExtension>
        </extensions>
      </trkpt>
      <trkpt lat="13.003732524812221527099609375" lon="80.274282954633235931396484375">
        <ele>0.60000002384185791015625</ele>
        <time>2026-06-28T01:44:15.000Z</time>
        <extensions>
          <ns3:TrackPointExtension>
            <ns3:hr>162</ns3:hr>
            <ns3:cad>60</ns3:cad>
          </ns3:TrackPointExtension>
        </extensions>
      </trkpt>
      <trkpt lat="13.00369388423860073089599609375" lon="80.27426945976912975311279296875">
        <ele>0.4000000059604644775390625</ele>
        <time>2026-06-28T01:44:18.000Z</time>
        <extensions>
          <ns3:TrackPointExtension>
            <ns3:hr>159</ns3:hr>
            <ns3:cad>60</ns3:cad>
          </ns3:TrackPointExtension>
        </extensions>
      </trkpt>
      <trkpt lat="13.00361157394945621490478515625" lon="80.2742497622966766357421875">
        <ele>0</ele>
        <time>2026-06-28T01:44:24.000Z</time>
        <extensions>
          <ns3:TrackPointExtension>
            <ns3:hr>156</ns3:hr>
            <ns3:cad>63</ns3:cad>
          </ns3:TrackPointExtension>
        </extensions>
      </trkpt>
      <trkpt lat="13.003525324165821075439453125" lon="80.2742371894419193267822265625">
        <ele>0</ele>
        <time>2026-06-28T01:44:30.000Z</time>
        <extensions>
          <ns3:TrackPointExtension>
            <ns3:hr>159</ns3:hr>
            <ns3:cad>62</ns3:cad>
          </ns3:TrackPointExtension>
        </extensions>
      </trkpt>
      <trkpt lat="13.00333321094512939453125" lon="80.2742122113704681396484375">
        <ele>0</ele>
        <time>2026-06-28T01:44:43.000Z</time>
        <extensions>
          <ns3:TrackPointExtension>
            <ns3:hr>157</ns3:hr>
            <ns3:cad>63</ns3:cad>
          </ns3:TrackPointExtension>
        </extensions>
      </trkpt>
      <trkpt lat="13.00321142189204692840576171875" lon="80.274180360138416290283203125">
        <ele>0</ele>
        <time>2026-06-28T01:44:52.000Z</time>
        <extensions>
          <ns3:TrackPointExtension>
            <ns3:hr>160</ns3:hr>
            <ns3:cad>60</ns3:cad>
          </ns3:TrackPointExtension>
        </extensions>
      </trkpt>
      <trkpt lat="13.0031620524823665618896484375" lon="80.27415663935244083404541015625">
        <ele>0</ele>
        <time>2026-06-28T01:44:56.000Z</time>
        <extensions>
          <ns3:TrackPointExtension>
            <ns3:hr>157</ns3:hr>
            <ns3:cad>60</ns3:cad>
          </ns3:TrackPointExtension>
        </extensions>
      </trkpt>
      <trkpt lat="13.00312575884163379669189453125" lon="80.2741473354399204254150390625">
        <ele>0</ele>
        <time>2026-06-28T01:44:59.000Z</time>
        <extensions>
          <ns3:TrackPointExtension>
            <ns3:hr>156</ns3:hr>
            <ns3:cad>60</ns3:cad>
          </ns3:TrackPointExtension>
        </extensions>
      </trkpt>
      <trkpt lat="13.00294001586735248565673828125" lon="80.27413400821387767791748046875">
        <ele>0</ele>
        <time>2026-06-28T01:45:13.000Z</time>
        <extensions>
          <ns3:TrackPointExtension>
            <ns3:hr>155</ns3:hr>
            <ns3:cad>62</ns3:cad>
          </ns3:TrackPointExtension>
        </extensions>
      </trkpt>
      <trkpt lat="13.00276366062462329864501953125" lon="80.2740700542926788330078125">
        <ele>0</ele>
        <time>2026-06-28T01:45:25.000Z</time>
        <extensions>
          <ns3:TrackPointExtension>
            <ns3:hr>155</ns3:hr>
            <ns3:cad>60</ns3:cad>
          </ns3:TrackPointExtension>
        </extensions>
      </trkpt>
      <trkpt lat="13.002732060849666595458984375" lon="80.274034850299358367919921875">
        <ele>0</ele>
        <time>2026-06-28T01:45:30.000Z</time>
        <extensions>
          <ns3:TrackPointExtension>
            <ns3:hr>154</ns3:hr>
            <ns3:cad>0</ns3:cad>
          </ns3:TrackPointExtension>
        </extensions>
      </trkpt>
      <trkpt lat="13.00255738198757171630859375" lon="80.27398061938583850860595703125">
        <ele>0</ele>
        <time>2026-06-28T01:45:47.000Z</time>
        <extensions>
          <ns3:TrackPointExtension>
            <ns3:hr>153</ns3:hr>
            <ns3:cad>60</ns3:cad>
          </ns3:TrackPointExtension>
        </extensions>
      </trkpt>
      <trkpt lat="13.0024432204663753509521484375" lon="80.27395212091505527496337890625">
        <ele>0</ele>
        <time>2026-06-28T01:45:57.000Z</time>
        <extensions>
          <ns3:TrackPointExtension>
            <ns3:hr>150</ns3:hr>
            <ns3:cad>60</ns3:cad>
          </ns3:TrackPointExtension>
        </extensions>
      </trkpt>
      <trkpt lat="13.00239200703799724578857421875" lon="80.2739475108683109283447265625">
        <ele>0</ele>
        <time>2026-06-28T01:46:02.000Z</time>
        <extensions>
          <ns3:TrackPointExtension>
            <ns3:hr>152</ns3:hr>
            <ns3:cad>60</ns3:cad>
          </ns3:TrackPointExtension>
        </extensions>
      </trkpt>
      <trkpt lat="13.00232629291713237762451171875" lon="80.2739200182259082794189453125">
        <ele>0</ele>
        <time>2026-06-28T01:46:09.000Z</time>
        <extensions>
          <ns3:TrackPointExtension>
            <ns3:hr>154</ns3:hr>
            <ns3:cad>60</ns3:cad>
          </ns3:TrackPointExtension>
        </extensions>
      </trkpt>
      <trkpt lat="13.00229880027472972869873046875" lon="80.27392630465328693389892578125">
        <ele>0</ele>
        <time>2026-06-28T01:46:13.000Z</time>
        <extensions>
          <ns3:TrackPointExtension>
            <ns3:hr>153</ns3:hr>
            <ns3:cad>60</ns3:cad>
          </ns3:TrackPointExtension>
        </extensions>
      </trkpt>
      <trkpt lat="13.0022973753511905670166015625" lon="80.2739106304943561553955078125">
        <ele>0</ele>
        <time>2026-06-28T01:46:19.000Z</time>
        <extensions>
          <ns3:TrackPointExtension>
            <ns3:hr>149</ns3:hr>
            <ns3:cad>0</ns3:cad>
          </ns3:TrackPointExtension>
        </extensions>
      </trkpt>
      <trkpt lat="13.00229745917022228240966796875" lon="80.273909457027912139892578125">
        <ele>0</ele>
        <time>2026-06-28T01:46:20.000Z</time>
        <extensions>
          <ns3:TrackPointExtension>
            <ns3:hr>144</ns3:hr>
            <ns3:cad>0</ns3:cad>
          </ns3:TrackPointExtension>
        </extensions>
      </trkpt>
      <trkpt lat="13.002297542989253997802734375" lon="80.273908786475658416748046875">
        <ele>0</ele>
        <time>2026-06-28T01:46:23.000Z</time>
        <extensions>
          <ns3:TrackPointExtension>
            <ns3:hr>147</ns3:hr>
            <ns3:cad>0</ns3:cad>
          </ns3:TrackPointExtension>
        </extensions>
      </trkpt>
      <trkpt lat="13.00229695625603199005126953125" lon="80.27390887029469013214111328125">
        <ele>0</ele>
        <time>2026-06-28T01:46:24.000Z</time>
        <extensions>
          <ns3:TrackPointExtension>
            <ns3:hr>150</ns3:hr>
            <ns3:cad>0</ns3:cad>
          </ns3:TrackPointExtension>
        </extensions>
      </trkpt>
      <trkpt lat="13.00228270702064037322998046875" lon="80.27393200434744358062744140625">
        <ele>0</ele>
        <time>2026-06-28T01:46:47.000Z</time>
        <extensions>
          <ns3:TrackPointExtension>
            <ns3:hr>146</ns3:hr>
            <ns3:cad>0</ns3:cad>
          </ns3:TrackPointExtension>
        </extensions>
      </trkpt>
      <trkpt lat="13.00226778723299503326416015625" lon="80.27392052114009857177734375">
        <ele>0</ele>
        <time>2026-06-28T01:46:50.000Z</time>
        <extensions>
          <ns3:TrackPointExtension>
            <ns3:hr>149</ns3:hr>
            <ns3:cad>0</ns3:cad>
          </ns3:TrackPointExtension>
        </extensions>
      </trkpt>
      <trkpt lat="13.0022584833204746246337890625" lon="80.273905433714389801025390625">
        <ele>0</ele>
        <time>2026-06-28T01:46:53.000Z</time>
        <extensions>
          <ns3:TrackPointExtension>
            <ns3:hr>146</ns3:hr>
            <ns3:cad>60</ns3:cad>
          </ns3:TrackPointExtension>
        </extensions>
      </trkpt>
      <trkpt lat="13.00225907005369663238525390625" lon="80.27390099130570888519287109375">
        <ele>0</ele>
        <time>2026-06-28T01:46:59.000Z</time>
        <extensions>
          <ns3:TrackPointExtension>
            <ns3:hr>142</ns3:hr>
            <ns3:cad>0</ns3:cad>
          </ns3:TrackPointExtension>
        </extensions>
      </trkpt>
      <trkpt lat="13.0023637600243091583251953125" lon="80.27390853501856327056884765625">
        <ele>0</ele>
        <time>2026-06-28T01:47:25.000Z</time>
        <extensions>
          <ns3:TrackPointExtension>
            <ns3:hr>145</ns3:hr>
            <ns3:cad>0</ns3:cad>
          </ns3:TrackPointExtension>
        </extensions>
      </trkpt>
      <trkpt lat="13.00239318050444126129150390625" lon="80.273928232491016387939453125">
        <ele>0</ele>
        <time>2026-06-28T01:47:31.000Z</time>
        <extensions>
          <ns3:TrackPointExtension>
            <ns3:hr>145</ns3:hr>
            <ns3:cad>0</ns3:cad>
          </ns3:TrackPointExtension>
        </extensions>
      </trkpt>
    </trkseg>
  </trk>
</gpx>
