<?xml version="1.0" encoding="UTF-8"?>
<gpx creator="Garmin Connect" version="1.1"
  xsi:schemaLocation="http://www.topografix.com/GPX/1/1 http://www.topografix.com/GPX/11.xsd"
  xmlns:ns3="http://www.garmin.com/xmlschemas/TrackPointExtension/v1"
  xmlns="http://www.topografix.com/GPX/1/1"
  xmlns:xsi="http://www.w3.org/2001/XMLSchema-instance" xmlns:ns2="http://www.garmin.com/xmlschemas/GpxExtensions/v3">
  <metadata>
    <link href="connect.garmin.com">
      <text>Garmin Connect</text>
    </link>
    <time>2026-06-06T04:58:38.000Z</time>
  </metadata>
  <trk>
    <name>Mfoundi Running</name>
    <type>running</type>
    <trkseg>
      <trkpt lat="3.89978849329054355621337890625" lon="11.4993520639836788177490234375">
        <ele>773.20001220703125</ele>
        <time>2026-06-06T05:00:27.000Z</time>
        <extensions>
          <ns3:TrackPointExtension>
            <ns3:hr>82</ns3:hr>
            <ns3:cad>60</ns3:cad>
          </ns3:TrackPointExtension>
        </extensions>
      </trkpt>
      <trkpt lat="3.899778686463832855224609375" lon="11.4991676621139049530029296875">
        <ele>773.20001220703125</ele>
        <time>2026-06-06T05:00:43.000Z</time>
        <extensions>
          <ns3:TrackPointExtension>
            <ns3:hr>81</ns3:hr>
            <ns3:cad>60</ns3:cad>
          </ns3:TrackPointExtension>
        </extensions>
      </trkpt>
      <trkpt lat="3.89981984160840511322021484375" lon="11.49898502044379711151123046875">
        <ele>771.79998779296875</ele>
        <time>2026-06-06T05:00:57.000Z</time>
        <extensions>
          <ns3:TrackPointExtension>
            <ns3:hr>79</ns3:hr>
            <ns3:cad>60</ns3:cad>
          </ns3:TrackPointExtension>
        </extensions>
      </trkpt>
      <trkpt lat="3.89960576780140399932861328125" lon="11.49880665354430675506591796875">
        <ele>774</ele>
        <time>2026-06-06T05:01:03.000Z</time>
        <extensions>
          <ns3:TrackPointExtension>
            <ns3:hr>79</ns3:hr>
            <ns3:cad>60</ns3:cad>
          </ns3:TrackPointExtension>
        </extensions>
      </trkpt>
      <trkpt lat="3.89947886578738689422607421875" lon="11.4986340701580047607421875">
        <ele>776.4000244140625</ele>
        <time>2026-06-06T05:01:12.000Z</time>
        <extensions>
          <ns3:TrackPointExtension>
            <ns3:hr>78</ns3:hr>
            <ns3:cad>60</ns3:cad>
          </ns3:TrackPointExtension>
        </extensions>
      </trkpt>
      <trkpt lat="3.89936688356101512908935546875" lon="11.498477496206760406494140625">
        <ele>777.79998779296875</ele>
        <time>2026-06-06T05:01:21.000Z</time>
        <extensions>
          <ns3:TrackPointExtension>
            <ns3:hr>78</ns3:hr>
            <ns3:cad>60</ns3:cad>
          </ns3:TrackPointExtension>
        </extensions>
      </trkpt>
      <trkpt lat="3.90207138843834400177001953125" lon="11.4997123181819915771484375">
        <ele>766.20001220703125</ele>
        <time>2026-06-06T05:01:35.000Z</time>
        <extensions>
          <ns3:TrackPointExtension>
            <ns3:hr>79</ns3:hr>
            <ns3:cad>60</ns3:cad>
          </ns3:TrackPointExtension>
        </extensions>
      </trkpt>
      <trkpt lat="3.9023004658520221710205078125" lon="11.4997637830674648284912109375">
        <ele>768.5999755859375</ele>
        <time>2026-06-06T05:01:40.000Z</time>
        <extensions>
          <ns3:TrackPointExtension>
            <ns3:hr>79</ns3:hr>
            <ns3:cad>60</ns3:cad>
          </ns3:TrackPointExtension>
        </extensions>
      </trkpt>
      <trkpt lat="3.90244052745401859283447265625" lon="11.49972480721771717071533203125">
        <ele>768.5999755859375</ele>
        <time>2026-06-06T05:01:48.000Z</time>
        <extensions>
          <ns3:TrackPointExtension>
            <ns3:hr>79</ns3:hr>
            <ns3:cad>60</ns3:cad>
          </ns3:TrackPointExtension>
        </extensions>
      </trkpt>
      <trkpt lat="3.90259022824466228485107421875" lon="11.4997644536197185516357421875">
        <ele>767.79998779296875</ele>
        <time>2026-06-06T05:01:59.000Z</time>
        <extensions>
          <ns3:TrackPointExtension>
            <ns3:hr>79</ns3:hr>
            <ns3:cad>60</ns3:cad>
          </ns3:TrackPointExtension>
        </extensions>
      </trkpt>
      <trkpt lat="3.90255452133715152740478515625" lon="11.49954644031822681427001953125">
        <ele>769</ele>
        <time>2026-06-06T05:02:04.000Z</time>
        <extensions>
          <ns3:TrackPointExtension>
            <ns3:hr>80</ns3:hr>
            <ns3:cad>60</ns3:cad>
          </ns3:TrackPointExtension>
        </extensions>
      </trkpt>
      <trkpt lat="3.9025432057678699493408203125" lon="11.49940788745880126953125">
        <ele>769.4000244140625</ele>
        <time>2026-06-06T05:02:13.000Z</time>
        <extensions>
          <ns3:TrackPointExtension>
            <ns3:hr>79</ns3:hr>
            <ns3:cad>60</ns3:cad>
          </ns3:TrackPointExtension>
        </extensions>
      </trkpt>
      <trkpt lat="3.9024513401091098785400390625" lon="11.4993094839155673980712890625">
        <ele>768</ele>
        <time>2026-06-06T05:02:20.000Z</time>
        <extensions>
          <ns3:TrackPointExtension>
            <ns3:hr>79</ns3:hr>
            <ns3:cad>60</ns3:cad>
          </ns3:TrackPointExtension>
        </extensions>
      </trkpt>
      <trkpt lat="3.90248243696987628936767578125" lon="11.49914972484111785888671875">
        <ele>768.4000244140625</ele>
        <time>2026-06-06T05:02:28.000Z</time>
        <extensions>
          <ns3:TrackPointExtension>
            <ns3:hr>80</ns3:hr>
            <ns3:cad>60</ns3:cad>
          </ns3:TrackPointExtension>
        </extensions>
      </trkpt>
      <trkpt lat="3.9025492407381534576416015625" lon="11.4990607090294361114501953125">
        <ele>769.20001220703125</ele>
        <time>2026-06-06T05:02:38.000Z</time>
        <extensions>
          <ns3:TrackPointExtension>
            <ns3:hr>82</ns3:hr>
            <ns3:cad>60</ns3:cad>
          </ns3:TrackPointExtension>
        </extensions>
      </trkpt>
      <trkpt lat="3.9021742343902587890625" lon="11.49819846265017986297607421875">
        <ele>753.4000244140625</ele>
        <time>2026-06-06T05:02:39.000Z</time>
        <extensions>
          <ns3:TrackPointExtension>
            <ns3:hr>82</ns3:hr>
            <ns3:cad>60</ns3:cad>
          </ns3:TrackPointExtension>
        </extensions>
      </trkpt>
      <trkpt lat="3.90181758441030979156494140625" lon="11.49796108715236186981201171875">
        <ele>752.4000244140625</ele>
        <time>2026-06-06T05:02:40.000Z</time>
        <extensions>
          <ns3:TrackPointExtension>
            <ns3:hr>82</ns3:hr>
            <ns3:cad>60</ns3:cad>
          </ns3:TrackPointExtension>
        </extensions>
      </trkpt>
      <trkpt lat="3.9011992514133453369140625" lon="11.4983998797833919525146484375">
        <ele>761</ele>
        <time>2026-06-06T05:02:47.000Z</time>
        <extensions>
          <ns3:TrackPointExtension>
            <ns3:hr>80</ns3:hr>
            <ns3:cad>60</ns3:cad>
          </ns3:TrackPointExtension>
        </extensions>
      </trkpt>
      <trkpt lat="3.90085048042237758636474609375" lon="11.49821631610393524169921875">
        <ele>766</ele>
        <time>2026-06-06T05:02:49.000Z</time>
        <extensions>
          <ns3:TrackPointExtension>
            <ns3:hr>80</ns3:hr>
            <ns3:cad>60</ns3:cad>
          </ns3:TrackPointExtension>
        </extensions>
      </trkpt>
      <trkpt lat="3.8999776728451251983642578125" lon="11.49737569503486156463623046875">
        <ele>776.4000244140625</ele>
        <time>2026-06-06T05:02:51.000Z</time>
        <extensions>
          <ns3:TrackPointExtension>
            <ns3:hr>79</ns3:hr>
            <ns3:cad>60</ns3:cad>
          </ns3:TrackPointExtension>
        </extensions>
      </trkpt>
      <trkpt lat="3.89967466704547405242919921875" lon="11.4969494752585887908935546875">
        <ele>781.79998779296875</ele>
        <time>2026-06-06T05:02:52.000Z</time>
        <extensions>
          <ns3:TrackPointExtension>
            <ns3:hr>79</ns3:hr>
            <ns3:cad>60</ns3:cad>
          </ns3:TrackPointExtension>
        </extensions>
      </trkpt>
      <trkpt lat="3.89930569566786289215087890625" lon="11.49706757627427577972412109375">
        <ele>787.20001220703125</ele>
        <time>2026-06-06T05:02:58.000Z</time>
        <extensions>
          <ns3:TrackPointExtension>
            <ns3:hr>80</ns3:hr>
            <ns3:cad>60</ns3:cad>
          </ns3:TrackPointExtension>
        </extensions>
      </trkpt>
      <trkpt lat="3.89921114780008792877197265625" lon="11.4970695041120052337646484375">
        <ele>788.20001220703125</ele>
        <time>2026-06-06T05:03:02.000Z</time>
        <extensions>
          <ns3:TrackPointExtension>
            <ns3:hr>83</ns3:hr>
            <ns3:cad>60</ns3:cad>
          </ns3:TrackPointExtension>
        </extensions>
      </trkpt>
      <trkpt lat="3.89914560131728649139404296875" lon="11.49707243777811527252197265625">
        <ele>788.5999755859375</ele>
        <time>2026-06-06T05:03:05.000Z</time>
        <extensions>
          <ns3:TrackPointExtension>
            <ns3:hr>86</ns3:hr>
            <ns3:cad>60</ns3:cad>
          </ns3:TrackPointExtension>
        </extensions>
      </trkpt>
      <trkpt lat="3.8991069607436656951904296875" lon="11.4970741979777812957763671875">
        <ele>789</ele>
        <time>2026-06-06T05:03:07.000Z</time>
        <extensions>
          <ns3:TrackPointExtension>
            <ns3:hr>89</ns3:hr>
            <ns3:cad>60</ns3:cad>
          </ns3:TrackPointExtension>
        </extensions>
      </trkpt>
      <trkpt lat="3.898997493088245391845703125" lon="11.4970829151570796966552734375">
        <ele>790.5999755859375</ele>
        <time>2026-06-06T05:03:13.000Z</time>
        <extensions>
          <ns3:TrackPointExtension>
            <ns3:hr>92</ns3:hr>
            <ns3:cad>60</ns3:cad>
          </ns3:TrackPointExtension>
        </extensions>
      </trkpt>
      <trkpt lat="3.898816443979740142822265625" lon="11.49710697121918201446533203125">
        <ele>791.4000244140625</ele>
        <time>2026-06-06T05:03:25.000Z</time>
        <extensions>
          <ns3:TrackPointExtension>
            <ns3:hr>93</ns3:hr>
            <ns3:cad>60</ns3:cad>
          </ns3:TrackPointExtension>
        </extensions>
      </trkpt>
      <trkpt lat="3.89863329939544200897216796875" lon="11.497168578207492828369140625">
        <ele>792.20001220703125</ele>
        <time>2026-06-06T05:03:38.000Z</time>
        <extensions>
          <ns3:TrackPointExtension>
            <ns3:hr>93</ns3:hr>
            <ns3:cad>63</ns3:cad>
          </ns3:TrackPointExtension>
        </extensions>
      </trkpt>
      <trkpt lat="3.8984531722962856292724609375" lon="11.49722062982618808746337890625">
        <ele>794</ele>
        <time>2026-06-06T05:03:51.000Z</time>
        <extensions>
          <ns3:TrackPointExtension>
            <ns3:hr>93</ns3:hr>
            <ns3:cad>60</ns3:cad>
          </ns3:TrackPointExtension>
        </extensions>
      </trkpt>
      <trkpt lat="3.898276984691619873046875" lon="11.49727812968194484710693359375">
        <ele>794.5999755859375</ele>
        <time>2026-06-06T05:04:04.000Z</time>
        <extensions>
          <ns3:TrackPointExtension>
            <ns3:hr>93</ns3:hr>
            <ns3:cad>60</ns3:cad>
          </ns3:TrackPointExtension>
        </extensions>
      </trkpt>
      <trkpt lat="3.898089565336704254150390625" lon="11.4972941391170024871826171875">
        <ele>795</ele>
        <time>2026-06-06T05:04:15.000Z</time>
        <extensions>
          <ns3:TrackPointExtension>
            <ns3:hr>95</ns3:hr>
            <ns3:cad>60</ns3:cad>
          </ns3:TrackPointExtension>
        </extensions>
      </trkpt>
      <trkpt lat="3.89790348708629608154296875" lon="11.49732707999646663665771484375">
        <ele>795.5999755859375</ele>
        <time>2026-06-06T05:04:27.000Z</time>
        <extensions>
          <ns3:TrackPointExtension>
            <ns3:hr>96</ns3:hr>
            <ns3:cad>60</ns3:cad>
          </ns3:TrackPointExtension>
        </extensions>
      </trkpt>
      <trkpt lat="3.8977128826081752777099609375" lon="11.4973558299243450164794921875">
        <ele>796.20001220703125</ele>
        <time>2026-06-06T05:04:41.000Z</time>
        <extensions>
          <ns3:TrackPointExtension>
            <ns3:hr>95</ns3:hr>
            <ns3:cad>60</ns3:cad>
          </ns3:TrackPointExtension>
        </extensions>
      </trkpt>
      <trkpt lat="3.897533006966114044189453125" lon="11.49733797647058963775634765625">
        <ele>796.5999755859375</ele>
        <time>2026-06-06T05:04:53.000Z</time>
        <extensions>
          <ns3:TrackPointExtension>
            <ns3:hr>94</ns3:hr>
            <ns3:cad>60</ns3:cad>
          </ns3:TrackPointExtension>
        </extensions>
      </trkpt>
      <trkpt lat="3.89735019765794277191162109375" lon="11.49731115438044071197509765625">
        <ele>796.4000244140625</ele>
        <time>2026-06-06T05:05:05.000Z</time>
        <extensions>
          <ns3:TrackPointExtension>
            <ns3:hr>93</ns3:hr>
            <ns3:cad>60</ns3:cad>
          </ns3:TrackPointExtension>
        </extensions>
      </trkpt>
      <trkpt lat="3.89719027094542980194091796875" lon="11.4972153492271900177001953125">
        <ele>797</ele>
        <time>2026-06-06T05:05:16.000Z</time>
        <extensions>
          <ns3:TrackPointExtension>
            <ns3:hr>91</ns3:hr>
            <ns3:cad>60</ns3:cad>
          </ns3:TrackPointExtension>
        </extensions>
      </trkpt>
      <trkpt lat="3.89702883549034595489501953125" lon="11.49712641723453998565673828125">
        <ele>797.5999755859375</ele>
        <time>2026-06-06T05:05:30.000Z</time>
        <extensions>
          <ns3:TrackPointExtension>
            <ns3:hr>94</ns3:hr>
            <ns3:cad>60</ns3:cad>
          </ns3:TrackPointExtension>
        </extensions>
      </trkpt>
      <trkpt lat="3.89705280773341655731201171875" lon="11.49694285355508327484130859375">
        <ele>799</ele>
        <time>2026-06-06T05:05:43.000Z</time>
        <extensions>
          <ns3:TrackPointExtension>
            <ns3:hr>92</ns3:hr>
            <ns3:cad>60</ns3:cad>
          </ns3:TrackPointExtension>
        </extensions>
      </trkpt>
      <trkpt lat="3.897087760269641876220703125" lon="11.49675627239048480987548828125">
        <ele>800.20001220703125</ele>
        <time>2026-06-06T05:05:56.000Z</time>
        <extensions>
          <ns3:TrackPointExtension>
            <ns3:hr>92</ns3:hr>
            <ns3:cad>60</ns3:cad>
          </ns3:TrackPointExtension>
        </extensions>
      </trkpt>
      <trkpt lat="3.8971070386469364166259765625" lon="11.496569775044918060302734375">
        <ele>800.5999755859375</ele>
        <time>2026-06-06T05:06:09.000Z</time>
        <extensions>
          <ns3:TrackPointExtension>
            <ns3:hr>92</ns3:hr>
            <ns3:cad>60</ns3:cad>
          </ns3:TrackPointExtension>
        </extensions>
      </trkpt>
      <trkpt lat="3.89714484103024005889892578125" lon="11.49637699127197265625">
        <ele>799.79998779296875</ele>
        <time>2026-06-06T05:06:20.000Z</time>
        <extensions>
          <ns3:TrackPointExtension>
            <ns3:hr>92</ns3:hr>
            <ns3:cad>63</ns3:cad>
          </ns3:TrackPointExtension>
        </extensions>
      </trkpt>
      <trkpt lat="3.89723134227097034454345703125" lon="11.4962158910930156707763671875">
        <ele>797.5999755859375</ele>
        <time>2026-06-06T05:06:34.000Z</time>
        <extensions>
          <ns3:TrackPointExtension>
            <ns3:hr>93</ns3:hr>
            <ns3:cad>62</ns3:cad>
          </ns3:TrackPointExtension>
        </extensions>
      </trkpt>
      <trkpt lat="3.8972830586135387420654296875" lon="11.49603660218417644500732421875">
        <ele>796.20001220703125</ele>
        <time>2026-06-06T05:06:47.000Z</time>
        <extensions>
          <ns3:TrackPointExtension>
            <ns3:hr>93</ns3:hr>
            <ns3:cad>62</ns3:cad>
          </ns3:TrackPointExtension>
        </extensions>
      </trkpt>
      <trkpt lat="3.8973031751811504364013671875" lon="11.49584583006799221038818359375">
        <ele>796.4000244140625</ele>
        <time>2026-06-06T05:06:59.000Z</time>
        <extensions>
          <ns3:TrackPointExtension>
            <ns3:hr>96</ns3:hr>
            <ns3:cad>60</ns3:cad>
          </ns3:TrackPointExtension>
        </extensions>
      </trkpt>
      <trkpt lat="3.89730594120919704437255859375" lon="11.495687998831272125244140625">
        <ele>796.20001220703125</ele>
        <time>2026-06-06T05:07:08.000Z</time>
        <extensions>
          <ns3:TrackPointExtension>
            <ns3:hr>93</ns3:hr>
            <ns3:cad>62</ns3:cad>
          </ns3:TrackPointExtension>
        </extensions>
      </trkpt>
      <trkpt lat="3.897337205708026885986328125" lon="11.4955054409801959991455078125">
        <ele>795.5999755859375</ele>
        <time>2026-06-06T05:07:21.000Z</time>
        <extensions>
          <ns3:TrackPointExtension>
            <ns3:hr>92</ns3:hr>
            <ns3:cad>62</ns3:cad>
          </ns3:TrackPointExtension>
        </extensions>
      </trkpt>
      <trkpt lat="3.8973420672118663787841796875" lon="11.495324559509754180908203125">
        <ele>794.20001220703125</ele>
        <time>2026-06-06T05:07:34.000Z</time>
        <extensions>
          <ns3:TrackPointExtension>
            <ns3:hr>91</ns3:hr>
            <ns3:cad>62</ns3:cad>
          </ns3:TrackPointExtension>
        </extensions>
      </trkpt>
      <trkpt lat="3.897325135767459869384765625" lon="11.49525138549506664276123046875">
        <ele>794.20001220703125</ele>
        <time>2026-06-06T05:07:38.000Z</time>
        <extensions>
          <ns3:TrackPointExtension>
            <ns3:hr>84</ns3:hr>
            <ns3:cad>62</ns3:cad>
          </ns3:TrackPointExtension>
        </extensions>
      </trkpt>
      <trkpt lat="3.89732086099684238433837890625" lon="11.49523512460291385650634765625">
        <ele>794.20001220703125</ele>
        <time>2026-06-06T05:07:39.000Z</time>
        <extensions>
          <ns3:TrackPointExtension>
            <ns3:hr>85</ns3:hr>
            <ns3:cad>62</ns3:cad>
          </ns3:TrackPointExtension>
        </extensions>
      </trkpt>
      <trkpt lat="3.89730594120919704437255859375" lon="11.49505424313247203826904296875">
        <ele>794.4000244140625</ele>
        <time>2026-06-06T05:07:49.000Z</time>
        <extensions>
          <ns3:TrackPointExtension>
            <ns3:hr>85</ns3:hr>
            <ns3:cad>60</ns3:cad>
          </ns3:TrackPointExtension>
        </extensions>
      </trkpt>
      <trkpt lat="3.8972287438809871673583984375" lon="11.4948888681828975677490234375">
        <ele>794.79998779296875</ele>
        <time>2026-06-06T05:08:01.000Z</time>
        <extensions>
          <ns3:TrackPointExtension>
            <ns3:hr>83</ns3:hr>
            <ns3:cad>61</ns3:cad>
          </ns3:TrackPointExtension>
        </extensions>
      </trkpt>
      <trkpt lat="3.89713629148900508880615234375" lon="11.49472734890878200531005859375">
        <ele>794.79998779296875</ele>
        <time>2026-06-06T05:08:16.000Z</time>
        <extensions>
          <ns3:TrackPointExtension>
            <ns3:hr>84</ns3:hr>
            <ns3:cad>60</ns3:cad>
          </ns3:TrackPointExtension>
        </extensions>
      </trkpt>
      <trkpt lat="3.8970651291310787200927734375" lon="11.4945499040186405181884765625">
        <ele>792.79998779296875</ele>
        <time>2026-06-06T05:08:28.000Z</time>
        <extensions>
          <ns3:TrackPointExtension>
            <ns3:hr>85</ns3:hr>
            <ns3:cad>60</ns3:cad>
          </ns3:TrackPointExtension>
        </extensions>
      </trkpt>
      <trkpt lat="3.89698843471705913543701171875" lon="11.49438251741230487823486328125">
        <ele>790.79998779296875</ele>
        <time>2026-06-06T05:08:38.000Z</time>
        <extensions>
          <ns3:TrackPointExtension>
            <ns3:hr>85</ns3:hr>
            <ns3:cad>61</ns3:cad>
          </ns3:TrackPointExtension>
        </extensions>
      </trkpt>
      <trkpt lat="3.89688382856547832489013671875" lon="11.49421806447207927703857421875">
        <ele>789.5999755859375</ele>
        <time>2026-06-06T05:08:50.000Z</time>
        <extensions>
          <ns3:TrackPointExtension>
            <ns3:hr>86</ns3:hr>
            <ns3:cad>60</ns3:cad>
          </ns3:TrackPointExtension>
        </extensions>
      </trkpt>
      <trkpt lat="3.8968046195805072784423828125" lon="11.494044475257396697998046875">
        <ele>788.79998779296875</ele>
        <time>2026-06-06T05:09:03.000Z</time>
        <extensions>
          <ns3:TrackPointExtension>
            <ns3:hr>85</ns3:hr>
            <ns3:cad>60</ns3:cad>
          </ns3:TrackPointExtension>
        </extensions>
      </trkpt>
      <trkpt lat="3.89671132899820804595947265625" lon="11.49388329125940799713134765625">
        <ele>788.5999755859375</ele>
        <time>2026-06-06T05:09:16.000Z</time>
        <extensions>
          <ns3:TrackPointExtension>
            <ns3:hr>85</ns3:hr>
            <ns3:cad>60</ns3:cad>
          </ns3:TrackPointExtension>
        </extensions>
      </trkpt>
      <trkpt lat="3.89660169370472431182861328125" lon="11.49372495710849761962890625">
        <ele>789.4000244140625</ele>
        <time>2026-06-06T05:09:28.000Z</time>
        <extensions>
          <ns3:TrackPointExtension>
            <ns3:hr>85</ns3:hr>
            <ns3:cad>61</ns3:cad>
          </ns3:TrackPointExtension>
        </extensions>
      </trkpt>
      <trkpt lat="3.89648317359387874603271484375" lon="11.4935819618403911590576171875">
        <ele>790</ele>
        <time>2026-06-06T05:09:42.000Z</time>
        <extensions>
          <ns3:TrackPointExtension>
            <ns3:hr>84</ns3:hr>
            <ns3:cad>62</ns3:cad>
          </ns3:TrackPointExtension>
        </extensions>
      </trkpt>
      <trkpt lat="3.89638862572610378265380859375" lon="11.49341993965208530426025390625">
        <ele>790.20001220703125</ele>
        <time>2026-06-06T05:09:57.000Z</time>
        <extensions>
          <ns3:TrackPointExtension>
            <ns3:hr>84</ns3:hr>
            <ns3:cad>57</ns3:cad>
          </ns3:TrackPointExtension>
        </extensions>
      </trkpt>
      <trkpt lat="3.89627982862293720245361328125" lon="11.49326168932020664215087890625">
        <ele>790.5999755859375</ele>
        <time>2026-06-06T05:10:09.000Z</time>
        <extensions>
          <ns3:TrackPointExtension>
            <ns3:hr>83</ns3:hr>
            <ns3:cad>60</ns3:cad>
          </ns3:TrackPointExtension>
        </extensions>
      </trkpt>
      <trkpt lat="3.89621227048337459564208984375" lon="11.4930911175906658172607421875">
        <ele>791</ele>
        <time>2026-06-06T05:10:21.000Z</time>
        <extensions>
          <ns3:TrackPointExtension>
            <ns3:hr>84</ns3:hr>
            <ns3:cad>60</ns3:cad>
          </ns3:TrackPointExtension>
        </extensions>
      </trkpt>
      <trkpt lat="3.89618461020290851593017578125" lon="11.49299204349517822265625">
        <ele>791</ele>
        <time>2026-06-06T05:10:29.000Z</time>
        <extensions>
          <ns3:TrackPointExtension>
            <ns3:hr>83</ns3:hr>
            <ns3:cad>60</ns3:cad>
          </ns3:TrackPointExtension>
        </extensions>
      </trkpt>
      <trkpt lat="3.89610045589506626129150390625" lon="11.49283069185912609100341796875">
        <ele>791</ele>
        <time>2026-06-06T05:10:43.000Z</time>
        <extensions>
          <ns3:TrackPointExtension>
            <ns3:hr>81</ns3:hr>
            <ns3:cad>61</ns3:cad>
          </ns3:TrackPointExtension>
        </extensions>
      </trkpt>
      <trkpt lat="3.89609073288738727569580078125" lon="11.49279414676129817962646484375">
        <ele>791</ele>
        <time>2026-06-06T05:10:44.000Z</time>
        <extensions>
          <ns3:TrackPointExtension>
            <ns3:hr>81</ns3:hr>
            <ns3:cad>61</ns3:cad>
          </ns3:TrackPointExtension>
        </extensions>
      </trkpt>
      <trkpt lat="3.89607111923396587371826171875" lon="11.4925996027886867523193359375">
        <ele>793</ele>
        <time>2026-06-06T05:10:57.000Z</time>
        <extensions>
          <ns3:TrackPointExtension>
            <ns3:hr>82</ns3:hr>
            <ns3:cad>60</ns3:cad>
          </ns3:TrackPointExtension>
        </extensions>
      </trkpt>
      <trkpt lat="3.89606273733079433441162109375" lon="11.49241578765213489532470703125">
        <ele>794.79998779296875</ele>
        <time>2026-06-06T05:11:07.000Z</time>
        <extensions>
          <ns3:TrackPointExtension>
            <ns3:hr>81</ns3:hr>
            <ns3:cad>60</ns3:cad>
          </ns3:TrackPointExtension>
        </extensions>
      </trkpt>
      <trkpt lat="3.89607765711843967437744140625" lon="11.49223155342042446136474609375">
        <ele>796.4000244140625</ele>
        <time>2026-06-06T05:11:17.000Z</time>
        <extensions>
          <ns3:TrackPointExtension>
            <ns3:hr>82</ns3:hr>
            <ns3:cad>60</ns3:cad>
          </ns3:TrackPointExtension>
        </extensions>
      </trkpt>
      <trkpt lat="3.89607564546167850494384765625" lon="11.49203474633395671844482421875">
        <ele>798.20001220703125</ele>
        <time>2026-06-06T05:11:30.000Z</time>
        <extensions>
          <ns3:TrackPointExtension>
            <ns3:hr>84</ns3:hr>
            <ns3:cad>60</ns3:cad>
          </ns3:TrackPointExtension>
        </extensions>
      </trkpt>
      <trkpt lat="3.89608268626034259796142578125" lon="11.4918539486825466156005859375">
        <ele>799.4000244140625</ele>
        <time>2026-06-06T05:11:40.000Z</time>
        <extensions>
          <ns3:TrackPointExtension>
            <ns3:hr>83</ns3:hr>
            <ns3:cad>60</ns3:cad>
          </ns3:TrackPointExtension>
        </extensions>
      </trkpt>
      <trkpt lat="3.896132223308086395263671875" lon="11.49167348630726337432861328125">
        <ele>800.20001220703125</ele>
        <time>2026-06-06T05:11:53.000Z</time>
        <extensions>
          <ns3:TrackPointExtension>
            <ns3:hr>82</ns3:hr>
            <ns3:cad>60</ns3:cad>
          </ns3:TrackPointExtension>
        </extensions>
      </trkpt>
      <trkpt lat="3.89618829824030399322509765625" lon="11.491490341722965240478515625">
        <ele>802</ele>
        <time>2026-06-06T05:12:05.000Z</time>
        <extensions>
          <ns3:TrackPointExtension>
            <ns3:hr>83</ns3:hr>
            <ns3:cad>60</ns3:cad>
          </ns3:TrackPointExtension>
        </extensions>
      </trkpt>
      <trkpt lat="3.89631855301558971405029296875" lon="11.49135111831128597259521484375">
        <ele>802.20001220703125</ele>
        <time>2026-06-06T05:12:18.000Z</time>
        <extensions>
          <ns3:TrackPointExtension>
            <ns3:hr>83</ns3:hr>
            <ns3:cad>60</ns3:cad>
          </ns3:TrackPointExtension>
        </extensions>
      </trkpt>
      <trkpt lat="3.896480239927768707275390625" lon="11.49124885909259319305419921875">
        <ele>800.4000244140625</ele>
        <time>2026-06-06T05:12:31.000Z</time>
        <extensions>
          <ns3:TrackPointExtension>
            <ns3:hr>81</ns3:hr>
            <ns3:cad>60</ns3:cad>
          </ns3:TrackPointExtension>
        </extensions>
      </trkpt>
      <trkpt lat="3.89662868343293666839599609375" lon="11.4911351166665554046630859375">
        <ele>800.20001220703125</ele>
        <time>2026-06-06T05:12:44.000Z</time>
        <extensions>
          <ns3:TrackPointExtension>
            <ns3:hr>81</ns3:hr>
            <ns3:cad>60</ns3:cad>
          </ns3:TrackPointExtension>
        </extensions>
      </trkpt>
      <trkpt lat="3.89680587686598300933837890625" lon="11.4910543151199817657470703125">
        <ele>800</ele>
        <time>2026-06-06T05:12:56.000Z</time>
        <extensions>
          <ns3:TrackPointExtension>
            <ns3:hr>83</ns3:hr>
            <ns3:cad>64</ns3:cad>
          </ns3:TrackPointExtension>
        </extensions>
      </trkpt>
      <trkpt lat="3.89699698425829410552978515625" lon="11.49100360460579395294189453125">
        <ele>800</ele>
        <time>2026-06-06T05:13:07.000Z</time>
        <extensions>
          <ns3:TrackPointExtension>
            <ns3:hr>83</ns3:hr>
            <ns3:cad>61</ns3:cad>
          </ns3:TrackPointExtension>
        </extensions>
      </trkpt>
      <trkpt lat="3.89717887155711650848388671875" lon="11.49095800705254077911376953125">
        <ele>800</ele>
        <time>2026-06-06T05:13:18.000Z</time>
        <extensions>
          <ns3:TrackPointExtension>
            <ns3:hr>83</ns3:hr>
            <ns3:cad>60</ns3:cad>
          </ns3:TrackPointExtension>
        </extensions>
      </trkpt>
      <trkpt lat="3.89736226759850978851318359375" lon="11.4909352920949459075927734375">
        <ele>801.79998779296875</ele>
        <time>2026-06-06T05:13:28.000Z</time>
        <extensions>
          <ns3:TrackPointExtension>
            <ns3:hr>83</ns3:hr>
            <ns3:cad>60</ns3:cad>
          </ns3:TrackPointExtension>
        </extensions>
      </trkpt>
      <trkpt lat="3.89753158204257488250732421875" lon="11.49084334261715412139892578125">
        <ele>802.79998779296875</ele>
        <time>2026-06-06T05:13:40.000Z</time>
        <extensions>
          <ns3:TrackPointExtension>
            <ns3:hr>82</ns3:hr>
            <ns3:cad>60</ns3:cad>
          </ns3:TrackPointExtension>
        </extensions>
      </trkpt>
      <trkpt lat="3.89764624647796154022216796875" lon="11.4906925521790981292724609375">
        <ele>805.20001220703125</ele>
        <time>2026-06-06T05:13:54.000Z</time>
        <extensions>
          <ns3:TrackPointExtension>
            <ns3:hr>82</ns3:hr>
            <ns3:cad>57</ns3:cad>
          </ns3:TrackPointExtension>
        </extensions>
      </trkpt>
      <trkpt lat="3.89776091091334819793701171875" lon="11.4905473776161670684814453125">
        <ele>809.20001220703125</ele>
        <time>2026-06-06T05:14:09.000Z</time>
        <extensions>
          <ns3:TrackPointExtension>
            <ns3:hr>83</ns3:hr>
            <ns3:cad>60</ns3:cad>
          </ns3:TrackPointExtension>
        </extensions>
      </trkpt>
      <trkpt lat="3.89780617319047451019287109375" lon="11.4904719404876232147216796875">
        <ele>810.4000244140625</ele>
        <time>2026-06-06T05:14:15.000Z</time>
        <extensions>
          <ns3:TrackPointExtension>
            <ns3:hr>90</ns3:hr>
            <ns3:cad>60</ns3:cad>
          </ns3:TrackPointExtension>
        </extensions>
      </trkpt>
      <trkpt lat="3.8978158123791217803955078125" lon="11.49045727215707302093505859375">
        <ele>810.5999755859375</ele>
        <time>2026-06-06T05:14:16.000Z</time>
        <extensions>
          <ns3:TrackPointExtension>
            <ns3:hr>97</ns3:hr>
            <ns3:cad>60</ns3:cad>
          </ns3:TrackPointExtension>
        </extensions>
      </trkpt>
      <trkpt lat="3.897834084928035736083984375" lon="11.49043497629463672637939453125">
        <ele>811</ele>
        <time>2026-06-06T05:14:18.000Z</time>
        <extensions>
          <ns3:TrackPointExtension>
            <ns3:hr>102</ns3:hr>
            <ns3:cad>60</ns3:cad>
          </ns3:TrackPointExtension>
        </extensions>
      </trkpt>
      <trkpt lat="3.89784154482185840606689453125" lon="11.49042843841016292572021484375">
        <ele>811.20001220703125</ele>
        <time>2026-06-06T05:14:19.000Z</time>
        <extensions>
          <ns3:TrackPointExtension>
            <ns3:hr>106</ns3:hr>
            <ns3:cad>60</ns3:cad>
          </ns3:TrackPointExtension>
        </extensions>
      </trkpt>
      <trkpt lat="3.8978500105440616607666015625" lon="11.490418128669261932373046875">
        <ele>811.4000244140625</ele>
        <time>2026-06-06T05:14:20.000Z</time>
        <extensions>
          <ns3:TrackPointExtension>
            <ns3:hr>112</ns3:hr>
            <ns3:cad>60</ns3:cad>
          </ns3:TrackPointExtension>
        </extensions>
      </trkpt>
      <trkpt lat="3.89786367304623126983642578125" lon="11.4903943240642547607421875">
        <ele>811.79998779296875</ele>
        <time>2026-06-06T05:14:22.000Z</time>
        <extensions>
          <ns3:TrackPointExtension>
            <ns3:hr>116</ns3:hr>
            <ns3:cad>60</ns3:cad>
          </ns3:TrackPointExtension>
        </extensions>
      </trkpt>
      <trkpt lat="3.8978694565594196319580078125" lon="11.4903814159333705902099609375">
        <ele>812</ele>
        <time>2026-06-06T05:14:23.000Z</time>
        <extensions>
          <ns3:TrackPointExtension>
            <ns3:hr>119</ns3:hr>
            <ns3:cad>60</ns3:cad>
          </ns3:TrackPointExtension>
        </extensions>
      </trkpt>
      <trkpt lat="3.897885046899318695068359375" lon="11.49035886861383914947509765625">
        <ele>812.4000244140625</ele>
        <time>2026-06-06T05:14:25.000Z</time>
        <extensions>
          <ns3:TrackPointExtension>
            <ns3:hr>122</ns3:hr>
            <ns3:cad>60</ns3:cad>
          </ns3:TrackPointExtension>
        </extensions>
      </trkpt>
      <trkpt lat="3.89797062613070011138916015625" lon="11.4902597106993198394775390625">
        <ele>814.5999755859375</ele>
        <time>2026-06-06T05:14:35.000Z</time>
        <extensions>
          <ns3:TrackPointExtension>
            <ns3:hr>119</ns3:hr>
            <ns3:cad>60</ns3:cad>
          </ns3:TrackPointExtension>
        </extensions>
      </trkpt>
      <trkpt lat="3.8979966938495635986328125" lon="11.49021419696509838104248046875">
        <ele>815.20001220703125</ele>
        <time>2026-06-06T05:14:39.000Z</time>
        <extensions>
          <ns3:TrackPointExtension>
            <ns3:hr>116</ns3:hr>
            <ns3:cad>60</ns3:cad>
          </ns3:TrackPointExtension>
        </extensions>
      </trkpt>
      <trkpt lat="3.89802661724388599395751953125" lon="11.49015032686293125152587890625">
        <ele>816</ele>
        <time>2026-06-06T05:14:45.000Z</time>
        <extensions>
          <ns3:TrackPointExtension>
            <ns3:hr>113</ns3:hr>
            <ns3:cad>60</ns3:cad>
          </ns3:TrackPointExtension>
        </extensions>
      </trkpt>
      <trkpt lat="3.89803952537477016448974609375" lon="11.48996005766093730926513671875">
        <ele>816.79998779296875</ele>
        <time>2026-06-06T05:15:02.000Z</time>
        <extensions>
          <ns3:TrackPointExtension>
            <ns3:hr>111</ns3:hr>
            <ns3:cad>60</ns3:cad>
          </ns3:TrackPointExtension>
        </extensions>
      </trkpt>
      <trkpt lat="3.89804472215473651885986328125" lon="11.489850170910358428955078125">
        <ele>817.5999755859375</ele>
        <time>2026-06-06T05:15:10.000Z</time>
        <extensions>
          <ns3:TrackPointExtension>
            <ns3:hr>108</ns3:hr>
            <ns3:cad>57</ns3:cad>
          </ns3:TrackPointExtension>
        </extensions>
      </trkpt>
      <trkpt lat="3.89802209101617336273193359375" lon="11.48966099135577678680419921875">
        <ele>819.5999755859375</ele>
        <time>2026-06-06T05:15:25.000Z</time>
        <extensions>
          <ns3:TrackPointExtension>
            <ns3:hr>109</ns3:hr>
            <ns3:cad>61</ns3:cad>
          </ns3:TrackPointExtension>
        </extensions>
      </trkpt>
      <trkpt lat="3.89795721508562564849853515625" lon="11.489473320543766021728515625">
        <ele>820.79998779296875</ele>
        <time>2026-06-06T05:15:36.000Z</time>
        <extensions>
          <ns3:TrackPointExtension>
            <ns3:hr>107</ns3:hr>
            <ns3:cad>60</ns3:cad>
          </ns3:TrackPointExtension>
        </extensions>
      </trkpt>
      <trkpt lat="3.897901810705661773681640625" lon="11.489290930330753326416015625">
        <ele>823.20001220703125</ele>
        <time>2026-06-06T05:15:50.000Z</time>
        <extensions>
          <ns3:TrackPointExtension>
            <ns3:hr>105</ns3:hr>
            <ns3:cad>63</ns3:cad>
          </ns3:TrackPointExtension>
        </extensions>
      </trkpt>
      <trkpt lat="3.89786736108362674713134765625" lon="11.48924374021589756011962890625">
        <ele>823.4000244140625</ele>
        <time>2026-06-06T05:15:54.000Z</time>
        <extensions>
          <ns3:TrackPointExtension>
            <ns3:hr>100</ns3:hr>
            <ns3:cad>63</ns3:cad>
          </ns3:TrackPointExtension>
        </extensions>
      </trkpt>
      <trkpt lat="3.89785118401050567626953125" lon="11.4891982264816761016845703125">
        <ele>824.20001220703125</ele>
        <time>2026-06-06T05:15:57.000Z</time>
        <extensions>
          <ns3:TrackPointExtension>
            <ns3:hr>106</ns3:hr>
            <ns3:cad>60</ns3:cad>
          </ns3:TrackPointExtension>
        </extensions>
      </trkpt>
      <trkpt lat="3.89784405939280986785888671875" lon="11.48917970247566699981689453125">
        <ele>824.4000244140625</ele>
        <time>2026-06-06T05:15:58.000Z</time>
        <extensions>
          <ns3:TrackPointExtension>
            <ns3:hr>112</ns3:hr>
            <ns3:cad>60</ns3:cad>
          </ns3:TrackPointExtension>
        </extensions>
      </trkpt>
      <trkpt lat="3.89783668331801891326904296875" lon="11.48916092701256275177001953125">
        <ele>824.79998779296875</ele>
        <time>2026-06-06T05:15:59.000Z</time>
        <extensions>
          <ns3:TrackPointExtension>
            <ns3:hr>117</ns3:hr>
            <ns3:cad>60</ns3:cad>
          </ns3:TrackPointExtension>
        </extensions>
      </trkpt>
      <trkpt lat="3.897822685539722442626953125" lon="11.489121615886688232421875">
        <ele>824.79998779296875</ele>
        <time>2026-06-06T05:16:00.000Z</time>
        <extensions>
          <ns3:TrackPointExtension>
            <ns3:hr>122</ns3:hr>
            <ns3:cad>60</ns3:cad>
          </ns3:TrackPointExtension>
        </extensions>
      </trkpt>
      <trkpt lat="3.897822685539722442626953125" lon="11.489121615886688232421875">
        <ele>824.79998779296875</ele>
        <time>2026-06-06T05:16:01.000Z</time>
        <extensions>
          <ns3:TrackPointExtension>
            <ns3:hr>126</ns3:hr>
            <ns3:cad>60</ns3:cad>
          </ns3:TrackPointExtension>
        </extensions>
      </trkpt>
      <trkpt lat="3.8978174887597560882568359375" lon="11.48910309188067913055419921875">
        <ele>824.79998779296875</ele>
        <time>2026-06-06T05:16:02.000Z</time>
        <extensions>
          <ns3:TrackPointExtension>
            <ns3:hr>170</ns3:hr>
            <ns3:cad>60</ns3:cad>
          </ns3:TrackPointExtension>
        </extensions>
      </trkpt>
      <trkpt lat="3.89781321398913860321044921875" lon="11.489085070788860321044921875">
        <ele>825</ele>
        <time>2026-06-06T05:16:03.000Z</time>
        <extensions>
          <ns3:TrackPointExtension>
            <ns3:hr>170</ns3:hr>
            <ns3:cad>60</ns3:cad>
          </ns3:TrackPointExtension>
        </extensions>
      </trkpt>
      <trkpt lat="3.8977687060832977294921875" lon="11.48898088373243808746337890625">
        <ele>825.4000244140625</ele>
        <time>2026-06-06T05:16:11.000Z</time>
        <extensions>
          <ns3:TrackPointExtension>
            <ns3:hr>167</ns3:hr>
            <ns3:cad>60</ns3:cad>
          </ns3:TrackPointExtension>
        </extensions>
      </trkpt>
      <trkpt lat="3.89770341105759143829345703125" lon="11.488823555409908294677734375">
        <ele>825.20001220703125</ele>
        <time>2026-06-06T05:16:22.000Z</time>
        <extensions>
          <ns3:TrackPointExtension>
            <ns3:hr>164</ns3:hr>
            <ns3:cad>60</ns3:cad>
          </ns3:TrackPointExtension>
        </extensions>
      </trkpt>
      <trkpt lat="3.897661082446575164794921875" lon="11.48864611051976680755615234375">
        <ele>824.4000244140625</ele>
        <time>2026-06-06T05:16:37.000Z</time>
        <extensions>
          <ns3:TrackPointExtension>
            <ns3:hr>163</ns3:hr>
            <ns3:cad>60</ns3:cad>
          </ns3:TrackPointExtension>
        </extensions>
      </trkpt>
      <trkpt lat="3.89763518236577510833740234375" lon="11.4884653128683567047119140625">
        <ele>823.20001220703125</ele>
        <time>2026-06-06T05:16:47.000Z</time>
        <extensions>
          <ns3:TrackPointExtension>
            <ns3:hr>161</ns3:hr>
            <ns3:cad>60</ns3:cad>
          </ns3:TrackPointExtension>
        </extensions>
      </trkpt>
      <trkpt lat="3.89762344770133495330810546875" lon="11.48827479220926761627197265625">
        <ele>823.4000244140625</ele>
        <time>2026-06-06T05:17:00.000Z</time>
        <extensions>
          <ns3:TrackPointExtension>
            <ns3:hr>161</ns3:hr>
            <ns3:cad>60</ns3:cad>
          </ns3:TrackPointExtension>
        </extensions>
      </trkpt>
      <trkpt lat="3.89761137776076793670654296875" lon="11.48809022270143032073974609375">
        <ele>824.5999755859375</ele>
        <time>2026-06-06T05:17:10.000Z</time>
        <extensions>
          <ns3:TrackPointExtension>
            <ns3:hr>162</ns3:hr>
            <ns3:cad>63</ns3:cad>
          </ns3:TrackPointExtension>
        </extensions>
      </trkpt>
      <trkpt lat="3.8976096175611019134521484375" lon="11.48790816776454448699951171875">
        <ele>827</ele>
        <time>2026-06-06T05:17:25.000Z</time>
        <extensions>
          <ns3:TrackPointExtension>
            <ns3:hr>163</ns3:hr>
            <ns3:cad>64</ns3:cad>
          </ns3:TrackPointExtension>
        </extensions>
      </trkpt>
      <trkpt lat="3.8976458273828029632568359375" lon="11.4877243526279926300048828125">
        <ele>831.5999755859375</ele>
        <time>2026-06-06T05:17:36.000Z</time>
        <extensions>
          <ns3:TrackPointExtension>
            <ns3:hr>164</ns3:hr>
            <ns3:cad>60</ns3:cad>
          </ns3:TrackPointExtension>
        </extensions>
      </trkpt>
      <trkpt lat="3.89770324341952800750732421875" lon="11.48754238151013851165771484375">
        <ele>835.4000244140625</ele>
        <time>2026-06-06T05:17:51.000Z</time>
        <extensions>
          <ns3:TrackPointExtension>
            <ns3:hr>164</ns3:hr>
            <ns3:cad>63</ns3:cad>
          </ns3:TrackPointExtension>
        </extensions>
      </trkpt>
      <trkpt lat="3.8977628387510776519775390625" lon="11.48742134682834148406982421875">
        <ele>838.4000244140625</ele>
        <time>2026-06-06T05:18:03.000Z</time>
        <extensions>
          <ns3:TrackPointExtension>
            <ns3:hr>167</ns3:hr>
            <ns3:cad>60</ns3:cad>
          </ns3:TrackPointExtension>
        </extensions>
      </trkpt>
      <trkpt lat="3.897807598114013671875" lon="11.487314812839031219482421875">
        <ele>839.20001220703125</ele>
        <time>2026-06-06T05:18:12.000Z</time>
        <extensions>
          <ns3:TrackPointExtension>
            <ns3:hr>170</ns3:hr>
            <ns3:cad>61</ns3:cad>
          </ns3:TrackPointExtension>
        </extensions>
      </trkpt>
      <trkpt lat="3.897864259779453277587890625" lon="11.48715932853519916534423828125">
        <ele>840.20001220703125</ele>
        <time>2026-06-06T05:18:24.000Z</time>
        <extensions>
          <ns3:TrackPointExtension>
            <ns3:hr>173</ns3:hr>
            <ns3:cad>60</ns3:cad>
          </ns3:TrackPointExtension>
        </extensions>
      </trkpt>
      <trkpt lat="3.89791513793170452117919921875" lon="11.487082131206989288330078125">
        <ele>843.4000244140625</ele>
        <time>2026-06-06T05:18:31.000Z</time>
        <extensions>
          <ns3:TrackPointExtension>
            <ns3:hr>176</ns3:hr>
            <ns3:cad>60</ns3:cad>
          </ns3:TrackPointExtension>
        </extensions>
      </trkpt>
      <trkpt lat="3.8980384357273578643798828125" lon="11.48693972267210483551025390625">
        <ele>850.5999755859375</ele>
        <time>2026-06-06T05:18:45.000Z</time>
        <extensions>
          <ns3:TrackPointExtension>
            <ns3:hr>178</ns3:hr>
            <ns3:cad>60</ns3:cad>
          </ns3:TrackPointExtension>
        </extensions>
      </trkpt>
      <trkpt lat="3.89809618704020977020263671875" lon="11.48686747066676616668701171875">
        <ele>854.4000244140625</ele>
        <time>2026-06-06T05:18:52.000Z</time>
        <extensions>
          <ns3:TrackPointExtension>
            <ns3:hr>181</ns3:hr>
            <ns3:cad>60</ns3:cad>
          </ns3:TrackPointExtension>
        </extensions>
      </trkpt>
      <trkpt lat="3.8982033915817737579345703125" lon="11.48671022616326808929443359375">
        <ele>858.79998779296875</ele>
        <time>2026-06-06T05:19:07.000Z</time>
        <extensions>
          <ns3:TrackPointExtension>
            <ns3:hr>178</ns3:hr>
            <ns3:cad>60</ns3:cad>
          </ns3:TrackPointExtension>
        </extensions>
      </trkpt>
      <trkpt lat="3.8982131145894527435302734375" lon="11.4866856671869754791259765625">
        <ele>858.79998779296875</ele>
        <time>2026-06-06T05:19:09.000Z</time>
        <extensions>
          <ns3:TrackPointExtension>
            <ns3:hr>182</ns3:hr>
            <ns3:cad>60</ns3:cad>
          </ns3:TrackPointExtension>
        </extensions>
      </trkpt>
      <trkpt lat="3.89822007156908512115478515625" lon="11.48667384870350360870361328125">
        <ele>858.79998779296875</ele>
        <time>2026-06-06T05:19:10.000Z</time>
        <extensions>
          <ns3:TrackPointExtension>
            <ns3:hr>185</ns3:hr>
            <ns3:cad>60</ns3:cad>
          </ns3:TrackPointExtension>
        </extensions>
      </trkpt>
      <trkpt lat="3.8983073271811008453369140625" lon="11.4865733496844768524169921875">
        <ele>861</ele>
        <time>2026-06-06T05:19:22.000Z</time>
        <extensions>
          <ns3:TrackPointExtension>
            <ns3:hr>182</ns3:hr>
            <ns3:cad>60</ns3:cad>
          </ns3:TrackPointExtension>
        </extensions>
      </trkpt>
      <trkpt lat="3.8983599655330181121826171875" lon="11.48651761002838611602783203125">
        <ele>863.20001220703125</ele>
        <time>2026-06-06T05:19:28.000Z</time>
        <extensions>
          <ns3:TrackPointExtension>
            <ns3:hr>185</ns3:hr>
            <ns3:cad>60</ns3:cad>
          </ns3:TrackPointExtension>
        </extensions>
      </trkpt>
      <trkpt lat="3.89845359139144420623779296875" lon="11.48635298945009708404541015625">
        <ele>867.5999755859375</ele>
        <time>2026-06-06T05:19:43.000Z</time>
        <extensions>
          <ns3:TrackPointExtension>
            <ns3:hr>185</ns3:hr>
            <ns3:cad>60</ns3:cad>
          </ns3:TrackPointExtension>
        </extensions>
      </trkpt>
      <trkpt lat="3.8984618894755840301513671875" lon="11.48633035831153392791748046875">
        <ele>868</ele>
        <time>2026-06-06T05:19:45.000Z</time>
        <extensions>
          <ns3:TrackPointExtension>
            <ns3:hr>189</ns3:hr>
            <ns3:cad>61</ns3:cad>
          </ns3:TrackPointExtension>
        </extensions>
      </trkpt>
      <trkpt lat="3.8984950818121433258056640625" lon="11.486259363591670989990234375">
        <ele>870</ele>
        <time>2026-06-06T05:19:53.000Z</time>
        <extensions>
          <ns3:TrackPointExtension>
            <ns3:hr>186</ns3:hr>
            <ns3:cad>61</ns3:cad>
          </ns3:TrackPointExtension>
        </extensions>
      </trkpt>
      <trkpt lat="3.898597843945026397705078125" lon="11.48610002361238002777099609375">
        <ele>874.5999755859375</ele>
        <time>2026-06-06T05:20:10.000Z</time>
        <extensions>
          <ns3:TrackPointExtension>
            <ns3:hr>187</ns3:hr>
            <ns3:cad>60</ns3:cad>
          </ns3:TrackPointExtension>
        </extensions>
      </trkpt>
      <trkpt lat="3.89869683422148227691650390625" lon="11.48593959398567676544189453125">
        <ele>876.5999755859375</ele>
        <time>2026-06-06T05:20:26.000Z</time>
        <extensions>
          <ns3:TrackPointExtension>
            <ns3:hr>187</ns3:hr>
            <ns3:cad>60</ns3:cad>
          </ns3:TrackPointExtension>
        </extensions>
      </trkpt>
      <trkpt lat="3.898757435381412506103515625" lon="11.48577346466481685638427734375">
        <ele>876.4000244140625</ele>
        <time>2026-06-06T05:20:46.000Z</time>
        <extensions>
          <ns3:TrackPointExtension>
            <ns3:hr>184</ns3:hr>
            <ns3:cad>0</ns3:cad>
          </ns3:TrackPointExtension>
        </extensions>
      </trkpt>
      <trkpt lat="3.8987576030194759368896484375" lon="11.48577329702675342559814453125">
        <ele>876.4000244140625</ele>
        <time>2026-06-06T05:20:48.000Z</time>
        <extensions>
          <ns3:TrackPointExtension>
            <ns3:hr>177</ns3:hr>
            <ns3:cad>0</ns3:cad>
          </ns3:TrackPointExtension>
        </extensions>
      </trkpt>
      <trkpt lat="3.89875768683850765228271484375" lon="11.48577212356030941009521484375">
        <ele>876.4000244140625</ele>
        <time>2026-06-06T05:20:49.000Z</time>
        <extensions>
          <ns3:TrackPointExtension>
            <ns3:hr>177</ns3:hr>
            <ns3:cad>0</ns3:cad>
          </ns3:TrackPointExtension>
        </extensions>
      </trkpt>
      <trkpt lat="3.89875911176204681396484375" lon="11.485771872103214263916015625">
        <ele>876.4000244140625</ele>
        <time>2026-06-06T05:20:56.000Z</time>
        <extensions>
          <ns3:TrackPointExtension>
            <ns3:hr>174</ns3:hr>
            <ns3:cad>0</ns3:cad>
          </ns3:TrackPointExtension>
        </extensions>
      </trkpt>
      <trkpt lat="3.8987606205046176910400390625" lon="11.485771201550960540771484375">
        <ele>876.4000244140625</ele>
        <time>2026-06-06T05:20:58.000Z</time>
        <extensions>
          <ns3:TrackPointExtension>
            <ns3:hr>171</ns3:hr>
            <ns3:cad>0</ns3:cad>
          </ns3:TrackPointExtension>
        </extensions>
      </trkpt>
      <trkpt lat="3.89876053668558597564697265625" lon="11.4857703633606433868408203125">
        <ele>876.4000244140625</ele>
        <time>2026-06-06T05:21:00.000Z</time>
        <extensions>
          <ns3:TrackPointExtension>
            <ns3:hr>167</ns3:hr>
            <ns3:cad>0</ns3:cad>
          </ns3:TrackPointExtension>
        </extensions>
      </trkpt>
      <trkpt lat="3.89875936321914196014404296875" lon="11.48576759733259677886962890625">
        <ele>876.4000244140625</ele>
        <time>2026-06-06T05:21:01.000Z</time>
        <extensions>
          <ns3:TrackPointExtension>
            <ns3:hr>164</ns3:hr>
            <ns3:cad>0</ns3:cad>
          </ns3:TrackPointExtension>
        </extensions>
      </trkpt>
      <trkpt lat="3.8987557590007781982421875" lon="11.48576307110488414764404296875">
        <ele>876.20001220703125</ele>
        <time>2026-06-06T05:21:04.000Z</time>
        <extensions>
          <ns3:TrackPointExtension>
            <ns3:hr>161</ns3:hr>
            <ns3:cad>0</ns3:cad>
          </ns3:TrackPointExtension>
        </extensions>
      </trkpt>
      <trkpt lat="3.8987545855343341827392578125" lon="11.485762484371662139892578125">
        <ele>876</ele>
        <time>2026-06-06T05:21:09.000Z</time>
        <extensions>
          <ns3:TrackPointExtension>
            <ns3:hr>158</ns3:hr>
            <ns3:cad>0</ns3:cad>
          </ns3:TrackPointExtension>
        </extensions>
      </trkpt>
      <trkpt lat="3.89875450171530246734619140625" lon="11.48576189763844013214111328125">
        <ele>876</ele>
        <time>2026-06-06T05:21:11.000Z</time>
        <extensions>
          <ns3:TrackPointExtension>
            <ns3:hr>155</ns3:hr>
            <ns3:cad>0</ns3:cad>
          </ns3:TrackPointExtension>
        </extensions>
      </trkpt>
      <trkpt lat="3.898762129247188568115234375" lon="11.48576541803777217864990234375">
        <ele>876.4000244140625</ele>
        <time>2026-06-06T05:21:29.000Z</time>
        <extensions>
          <ns3:TrackPointExtension>
            <ns3:hr>152</ns3:hr>
            <ns3:cad>0</ns3:cad>
          </ns3:TrackPointExtension>
        </extensions>
      </trkpt>
      <trkpt lat="3.8987723551690578460693359375" lon="11.48575284518301486968994140625">
        <ele>876.5999755859375</ele>
        <time>2026-06-06T05:21:42.000Z</time>
        <extensions>
          <ns3:TrackPointExtension>
            <ns3:hr>149</ns3:hr>
            <ns3:cad>60</ns3:cad>
          </ns3:TrackPointExtension>
        </extensions>
      </trkpt>
      <trkpt lat="3.89879305846989154815673828125" lon="11.485742367804050445556640625">
        <ele>877</ele>
        <time>2026-06-06T05:21:43.000Z</time>
        <extensions>
          <ns3:TrackPointExtension>
            <ns3:hr>149</ns3:hr>
            <ns3:cad>56</ns3:cad>
          </ns3:TrackPointExtension>
        </extensions>
      </trkpt>
      <trkpt lat="3.8988042064011096954345703125" lon="11.48573591373860836029052734375">
        <ele>877.4000244140625</ele>
        <time>2026-06-06T05:21:45.000Z</time>
        <extensions>
          <ns3:TrackPointExtension>
            <ns3:hr>143</ns3:hr>
            <ns3:cad>56</ns3:cad>
          </ns3:TrackPointExtension>
        </extensions>
      </trkpt>
      <trkpt lat="3.8988159410655498504638671875" lon="11.485727615654468536376953125">
        <ele>877.5999755859375</ele>
        <time>2026-06-06T05:21:46.000Z</time>
        <extensions>
          <ns3:TrackPointExtension>
            <ns3:hr>139</ns3:hr>
            <ns3:cad>57</ns3:cad>
          </ns3:TrackPointExtension>
        </extensions>
      </trkpt>
      <trkpt lat="3.89887511730194091796875" lon="11.485692076385021209716796875">
        <ele>879</ele>
        <time>2026-06-06T05:21:51.000Z</time>
        <extensions>
          <ns3:TrackPointExtension>
            <ns3:hr>146</ns3:hr>
            <ns3:cad>61</ns3:cad>
          </ns3:TrackPointExtension>
        </extensions>
      </trkpt>
      <trkpt lat="3.89888592995703220367431640625" lon="11.48568729870021343231201171875">
        <ele>879.20001220703125</ele>
        <time>2026-06-06T05:21:52.000Z</time>
        <extensions>
          <ns3:TrackPointExtension>
            <ns3:hr>145</ns3:hr>
            <ns3:cad>62</ns3:cad>
          </ns3:TrackPointExtension>
        </extensions>
      </trkpt>
      <trkpt lat="3.89893018640577793121337890625" lon="11.48566332645714282989501953125">
        <ele>880</ele>
        <time>2026-06-06T05:21:56.000Z</time>
        <extensions>
          <ns3:TrackPointExtension>
            <ns3:hr>148</ns3:hr>
            <ns3:cad>62</ns3:cad>
          </ns3:TrackPointExtension>
        </extensions>
      </trkpt>
      <trkpt lat="3.89897997491061687469482421875" lon="11.48563818074762821197509765625">
        <ele>881</ele>
        <time>2026-06-06T05:22:00.000Z</time>
        <extensions>
          <ns3:TrackPointExtension>
            <ns3:hr>151</ns3:hr>
            <ns3:cad>60</ns3:cad>
          </ns3:TrackPointExtension>
        </extensions>
      </trkpt>
      <trkpt lat="3.89905289746820926666259765625" lon="11.48562476970255374908447265625">
        <ele>883</ele>
        <time>2026-06-06T05:22:05.000Z</time>
        <extensions>
          <ns3:TrackPointExtension>
            <ns3:hr>154</ns3:hr>
            <ns3:cad>60</ns3:cad>
          </ns3:TrackPointExtension>
        </extensions>
      </trkpt>
      <trkpt lat="3.89909170567989349365234375" lon="11.48561253212392330169677734375">
        <ele>883.79998779296875</ele>
        <time>2026-06-06T05:22:08.000Z</time>
        <extensions>
          <ns3:TrackPointExtension>
            <ns3:hr>151</ns3:hr>
            <ns3:cad>62</ns3:cad>
          </ns3:TrackPointExtension>
        </extensions>
      </trkpt>
      <trkpt lat="3.89910536818206310272216796875" lon="11.48560968227684497833251953125">
        <ele>884</ele>
        <time>2026-06-06T05:22:09.000Z</time>
        <extensions>
          <ns3:TrackPointExtension>
            <ns3:hr>146</ns3:hr>
            <ns3:cad>60</ns3:cad>
          </ns3:TrackPointExtension>
        </extensions>
      </trkpt>
      <trkpt lat="3.8991186954081058502197265625" lon="11.4856077544391155242919921875">
        <ele>884.20001220703125</ele>
        <time>2026-06-06T05:22:10.000Z</time>
        <extensions>
          <ns3:TrackPointExtension>
            <ns3:hr>146</ns3:hr>
            <ns3:cad>60</ns3:cad>
          </ns3:TrackPointExtension>
        </extensions>
      </trkpt>
      <trkpt lat="3.89914711005985736846923828125" lon="11.48560448549687862396240234375">
        <ele>884.79998779296875</ele>
        <time>2026-06-06T05:22:12.000Z</time>
        <extensions>
          <ns3:TrackPointExtension>
            <ns3:hr>152</ns3:hr>
            <ns3:cad>61</ns3:cad>
          </ns3:TrackPointExtension>
        </extensions>
      </trkpt>
      <trkpt lat="3.8991612754762172698974609375" lon="11.48560431785881519317626953125">
        <ele>885</ele>
        <time>2026-06-06T05:22:13.000Z</time>
        <extensions>
          <ns3:TrackPointExtension>
            <ns3:hr>152</ns3:hr>
            <ns3:cad>61</ns3:cad>
          </ns3:TrackPointExtension>
        </extensions>
      </trkpt>
      <trkpt lat="3.8991901092231273651123046875" lon="11.4856050722301006317138671875">
        <ele>885.5999755859375</ele>
        <time>2026-06-06T05:22:15.000Z</time>
        <extensions>
          <ns3:TrackPointExtension>
            <ns3:hr>156</ns3:hr>
            <ns3:cad>61</ns3:cad>
          </ns3:TrackPointExtension>
        </extensions>
      </trkpt>
      <trkpt lat="3.8992947153747081756591796875" lon="11.48560364730656147003173828125">
        <ele>888</ele>
        <time>2026-06-06T05:22:22.000Z</time>
        <extensions>
          <ns3:TrackPointExtension>
            <ns3:hr>164</ns3:hr>
            <ns3:cad>60</ns3:cad>
          </ns3:TrackPointExtension>
        </extensions>
      </trkpt>
      <trkpt lat="3.8993346132338047027587890625" lon="11.485597528517246246337890625">
        <ele>888.79998779296875</ele>
        <time>2026-06-06T05:22:25.000Z</time>
        <extensions>
          <ns3:TrackPointExtension>
            <ns3:hr>168</ns3:hr>
            <ns3:cad>60</ns3:cad>
          </ns3:TrackPointExtension>
        </extensions>
      </trkpt>
      <trkpt lat="3.89947392046451568603515625" lon="11.48555469699203968048095703125">
        <ele>891.79998779296875</ele>
        <time>2026-06-06T05:22:37.000Z</time>
        <extensions>
          <ns3:TrackPointExtension>
            <ns3:hr>171</ns3:hr>
            <ns3:cad>60</ns3:cad>
          </ns3:TrackPointExtension>
        </extensions>
      </trkpt>
      <trkpt lat="3.89957047998905181884765625" lon="11.485522426664829254150390625">
        <ele>893.5999755859375</ele>
        <time>2026-06-06T05:22:45.000Z</time>
        <extensions>
          <ns3:TrackPointExtension>
            <ns3:hr>168</ns3:hr>
            <ns3:cad>60</ns3:cad>
          </ns3:TrackPointExtension>
        </extensions>
      </trkpt>
      <trkpt lat="3.89968313276767730712890625" lon="11.485497616231441497802734375">
        <ele>896.4000244140625</ele>
        <time>2026-06-06T05:22:54.000Z</time>
        <extensions>
          <ns3:TrackPointExtension>
            <ns3:hr>165</ns3:hr>
            <ns3:cad>62</ns3:cad>
          </ns3:TrackPointExtension>
        </extensions>
      </trkpt>
      <trkpt lat="3.8997661136090755462646484375" lon="11.4854944311082363128662109375">
        <ele>899</ele>
        <time>2026-06-06T05:23:01.000Z</time>
        <extensions>
          <ns3:TrackPointExtension>
            <ns3:hr>172</ns3:hr>
            <ns3:cad>60</ns3:cad>
          </ns3:TrackPointExtension>
        </extensions>
      </trkpt>
      <trkpt lat="3.899779021739959716796875" lon="11.48549032397568225860595703125">
        <ele>899.20001220703125</ele>
        <time>2026-06-06T05:23:02.000Z</time>
        <extensions>
          <ns3:TrackPointExtension>
            <ns3:hr>177</ns3:hr>
            <ns3:cad>62</ns3:cad>
          </ns3:TrackPointExtension>
        </extensions>
      </trkpt>
      <trkpt lat="3.89979218132793903350830078125" lon="11.48548630066215991973876953125">
        <ele>899.4000244140625</ele>
        <time>2026-06-06T05:23:03.000Z</time>
        <extensions>
          <ns3:TrackPointExtension>
            <ns3:hr>180</ns3:hr>
            <ns3:cad>62</ns3:cad>
          </ns3:TrackPointExtension>
        </extensions>
      </trkpt>
      <trkpt lat="3.89982302673161029815673828125" lon="11.48547003977000713348388671875">
        <ele>899.79998779296875</ele>
        <time>2026-06-06T05:23:06.000Z</time>
        <extensions>
          <ns3:TrackPointExtension>
            <ns3:hr>177</ns3:hr>
            <ns3:cad>60</ns3:cad>
          </ns3:TrackPointExtension>
        </extensions>
      </trkpt>
      <trkpt lat="3.8999458216130733489990234375" lon="11.485386975109577178955078125">
        <ele>900.4000244140625</ele>
        <time>2026-06-06T05:23:18.000Z</time>
        <extensions>
          <ns3:TrackPointExtension>
            <ns3:hr>180</ns3:hr>
            <ns3:cad>62</ns3:cad>
          </ns3:TrackPointExtension>
        </extensions>
      </trkpt>
      <trkpt lat="3.9001258648931980133056640625" lon="11.485354788601398468017578125">
        <ele>902</ele>
        <time>2026-06-06T05:23:31.000Z</time>
        <extensions>
          <ns3:TrackPointExtension>
            <ns3:hr>178</ns3:hr>
            <ns3:cad>60</ns3:cad>
          </ns3:TrackPointExtension>
        </extensions>
      </trkpt>
      <trkpt lat="3.9003082551062107086181640625" lon="11.48536275140941143035888671875">
        <ele>905.4000244140625</ele>
        <time>2026-06-06T05:23:43.000Z</time>
        <extensions>
          <ns3:TrackPointExtension>
            <ns3:hr>178</ns3:hr>
            <ns3:cad>61</ns3:cad>
          </ns3:TrackPointExtension>
        </extensions>
      </trkpt>
      <trkpt lat="3.900332562625408172607421875" lon="11.48536040447652339935302734375">
        <ele>905.79998779296875</ele>
        <time>2026-06-06T05:23:44.000Z</time>
        <extensions>
          <ns3:TrackPointExtension>
            <ns3:hr>178</ns3:hr>
            <ns3:cad>61</ns3:cad>
          </ns3:TrackPointExtension>
        </extensions>
      </trkpt>
      <trkpt lat="3.9004534296691417694091796875" lon="11.48534581996500492095947265625">
        <ele>906.4000244140625</ele>
        <time>2026-06-06T05:23:58.000Z</time>
        <extensions>
          <ns3:TrackPointExtension>
            <ns3:hr>179</ns3:hr>
            <ns3:cad>0</ns3:cad>
          </ns3:TrackPointExtension>
        </extensions>
      </trkpt>
      <trkpt lat="3.90053741633892059326171875" lon="11.4853489212691783905029296875">
        <ele>907.79998779296875</ele>
        <time>2026-06-06T05:24:10.000Z</time>
        <extensions>
          <ns3:TrackPointExtension>
            <ns3:hr>176</ns3:hr>
            <ns3:cad>60</ns3:cad>
          </ns3:TrackPointExtension>
        </extensions>
      </trkpt>
      <trkpt lat="3.9005647413432598114013671875" lon="11.48534766398370265960693359375">
        <ele>908.20001220703125</ele>
        <time>2026-06-06T05:24:12.000Z</time>
        <extensions>
          <ns3:TrackPointExtension>
            <ns3:hr>173</ns3:hr>
            <ns3:cad>60</ns3:cad>
          </ns3:TrackPointExtension>
        </extensions>
      </trkpt>
      <trkpt lat="3.90067311935126781463623046875" lon="11.48534280247986316680908203125">
        <ele>910.20001220703125</ele>
        <time>2026-06-06T05:24:20.000Z</time>
        <extensions>
          <ns3:TrackPointExtension>
            <ns3:hr>172</ns3:hr>
            <ns3:cad>60</ns3:cad>
          </ns3:TrackPointExtension>
        </extensions>
      </trkpt>
      <trkpt lat="3.9008540846407413482666015625" lon="11.48530089296400547027587890625">
        <ele>911.5999755859375</ele>
        <time>2026-06-06T05:24:35.000Z</time>
        <extensions>
          <ns3:TrackPointExtension>
            <ns3:hr>175</ns3:hr>
            <ns3:cad>60</ns3:cad>
          </ns3:TrackPointExtension>
        </extensions>
      </trkpt>
      <trkpt lat="3.9010307751595973968505859375" lon="11.4852771721780300140380859375">
        <ele>913.4000244140625</ele>
        <time>2026-06-06T05:24:48.000Z</time>
        <extensions>
          <ns3:TrackPointExtension>
            <ns3:hr>178</ns3:hr>
            <ns3:cad>61</ns3:cad>
          </ns3:TrackPointExtension>
        </extensions>
      </trkpt>
      <trkpt lat="3.90108886174857616424560546875" lon="11.4852577261626720428466796875">
        <ele>913.5999755859375</ele>
        <time>2026-06-06T05:24:53.000Z</time>
        <extensions>
          <ns3:TrackPointExtension>
            <ns3:hr>181</ns3:hr>
            <ns3:cad>60</ns3:cad>
          </ns3:TrackPointExtension>
        </extensions>
      </trkpt>
      <trkpt lat="3.90125356614589691162109375" lon="11.485180445015430450439453125">
        <ele>914.5999755859375</ele>
        <time>2026-06-06T05:25:08.000Z</time>
        <extensions>
          <ns3:TrackPointExtension>
            <ns3:hr>180</ns3:hr>
            <ns3:cad>60</ns3:cad>
          </ns3:TrackPointExtension>
        </extensions>
      </trkpt>
      <trkpt lat="3.90135146677494049072265625" lon="11.4851447381079196929931640625">
        <ele>916.4000244140625</ele>
        <time>2026-06-06T05:25:17.000Z</time>
        <extensions>
          <ns3:TrackPointExtension>
            <ns3:hr>183</ns3:hr>
            <ns3:cad>60</ns3:cad>
          </ns3:TrackPointExtension>
        </extensions>
      </trkpt>
      <trkpt lat="3.90148700214922428131103515625" lon="11.48511649109423160552978515625">
        <ele>918.5999755859375</ele>
        <time>2026-06-06T05:25:28.000Z</time>
        <extensions>
          <ns3:TrackPointExtension>
            <ns3:hr>185</ns3:hr>
            <ns3:cad>60</ns3:cad>
          </ns3:TrackPointExtension>
        </extensions>
      </trkpt>
      <trkpt lat="3.90155489556491374969482421875" lon="11.48512780666351318359375">
        <ele>920.79998779296875</ele>
        <time>2026-06-06T05:25:32.000Z</time>
        <extensions>
          <ns3:TrackPointExtension>
            <ns3:hr>188</ns3:hr>
            <ns3:cad>60</ns3:cad>
          </ns3:TrackPointExtension>
        </extensions>
      </trkpt>
      <trkpt lat="3.9016981422901153564453125" lon="11.4851806126534938812255859375">
        <ele>926.5999755859375</ele>
        <time>2026-06-06T05:25:41.000Z</time>
        <extensions>
          <ns3:TrackPointExtension>
            <ns3:hr>182</ns3:hr>
            <ns3:cad>61</ns3:cad>
          </ns3:TrackPointExtension>
        </extensions>
      </trkpt>
      <trkpt lat="3.90171364881098270416259765625" lon="11.48518991656601428985595703125">
        <ele>927.20001220703125</ele>
        <time>2026-06-06T05:25:42.000Z</time>
        <extensions>
          <ns3:TrackPointExtension>
            <ns3:hr>182</ns3:hr>
            <ns3:cad>62</ns3:cad>
          </ns3:TrackPointExtension>
        </extensions>
      </trkpt>
      <trkpt lat="3.90182261355221271514892578125" lon="11.4852659404277801513671875">
        <ele>932</ele>
        <time>2026-06-06T05:25:49.000Z</time>
        <extensions>
          <ns3:TrackPointExtension>
            <ns3:hr>179</ns3:hr>
            <ns3:cad>60</ns3:cad>
          </ns3:TrackPointExtension>
        </extensions>
      </trkpt>
      <trkpt lat="3.9018605835735797882080078125" lon="11.4852862246334552764892578125">
        <ele>933.20001220703125</ele>
        <time>2026-06-06T05:25:52.000Z</time>
        <extensions>
          <ns3:TrackPointExtension>
            <ns3:hr>174</ns3:hr>
            <ns3:cad>60</ns3:cad>
          </ns3:TrackPointExtension>
        </extensions>
      </trkpt>
      <trkpt lat="3.9018863998353481292724609375" lon="11.48529653437435626983642578125">
        <ele>933.79998779296875</ele>
        <time>2026-06-06T05:25:53.000Z</time>
        <extensions>
          <ns3:TrackPointExtension>
            <ns3:hr>171</ns3:hr>
            <ns3:cad>60</ns3:cad>
          </ns3:TrackPointExtension>
        </extensions>
      </trkpt>
      <trkpt lat="3.9018863998353481292724609375" lon="11.48529653437435626983642578125">
        <ele>933.79998779296875</ele>
        <time>2026-06-06T05:25:54.000Z</time>
        <extensions>
          <ns3:TrackPointExtension>
            <ns3:hr>168</ns3:hr>
            <ns3:cad>60</ns3:cad>
          </ns3:TrackPointExtension>
        </extensions>
      </trkpt>
      <trkpt lat="3.90192353166639804840087890625" lon="11.48531757295131683349609375">
        <ele>935</ele>
        <time>2026-06-06T05:25:57.000Z</time>
        <extensions>
          <ns3:TrackPointExtension>
            <ns3:hr>172</ns3:hr>
            <ns3:cad>60</ns3:cad>
          </ns3:TrackPointExtension>
        </extensions>
      </trkpt>
      <trkpt lat="3.9019931852817535400390625" lon="11.48534833453595638275146484375">
        <ele>937</ele>
        <time>2026-06-06T05:26:03.000Z</time>
        <extensions>
          <ns3:TrackPointExtension>
            <ns3:hr>168</ns3:hr>
            <ns3:cad>60</ns3:cad>
          </ns3:TrackPointExtension>
        </extensions>
      </trkpt>
      <trkpt lat="3.90201531350612640380859375" lon="11.48535638116300106048583984375">
        <ele>937.5999755859375</ele>
        <time>2026-06-06T05:26:05.000Z</time>
        <extensions>
          <ns3:TrackPointExtension>
            <ns3:hr>176</ns3:hr>
            <ns3:cad>60</ns3:cad>
          </ns3:TrackPointExtension>
        </extensions>
      </trkpt>
      <trkpt lat="3.902026712894439697265625" lon="11.485360823571681976318359375">
        <ele>937.79998779296875</ele>
        <time>2026-06-06T05:26:06.000Z</time>
        <extensions>
          <ns3:TrackPointExtension>
            <ns3:hr>181</ns3:hr>
            <ns3:cad>60</ns3:cad>
          </ns3:TrackPointExtension>
        </extensions>
      </trkpt>
      <trkpt lat="3.90203811228275299072265625" lon="11.4853663556277751922607421875">
        <ele>938.20001220703125</ele>
        <time>2026-06-06T05:26:07.000Z</time>
        <extensions>
          <ns3:TrackPointExtension>
            <ns3:hr>186</ns3:hr>
            <ns3:cad>60</ns3:cad>
          </ns3:TrackPointExtension>
        </extensions>
      </trkpt>
      <trkpt lat="3.902205415070056915283203125" lon="11.48544020019471645355224609375">
        <ele>943.4000244140625</ele>
        <time>2026-06-06T05:26:22.000Z</time>
        <extensions>
          <ns3:TrackPointExtension>
            <ns3:hr>187</ns3:hr>
            <ns3:cad>60</ns3:cad>
          </ns3:TrackPointExtension>
        </extensions>
      </trkpt>
      <trkpt lat="3.90222544781863689422607421875" lon="11.48544908501207828521728515625">
        <ele>944</ele>
        <time>2026-06-06T05:26:24.000Z</time>
        <extensions>
          <ns3:TrackPointExtension>
            <ns3:hr>181</ns3:hr>
            <ns3:cad>61</ns3:cad>
          </ns3:TrackPointExtension>
        </extensions>
      </trkpt>
      <trkpt lat="3.902234919369220733642578125" lon="11.48545444943010807037353515625">
        <ele>944.4000244140625</ele>
        <time>2026-06-06T05:26:25.000Z</time>
        <extensions>
          <ns3:TrackPointExtension>
            <ns3:hr>175</ns3:hr>
            <ns3:cad>61</ns3:cad>
          </ns3:TrackPointExtension>
        </extensions>
      </trkpt>
      <trkpt lat="3.902243636548519134521484375" lon="11.48545931093394756317138671875">
        <ele>944.79998779296875</ele>
        <time>2026-06-06T05:26:26.000Z</time>
        <extensions>
          <ns3:TrackPointExtension>
            <ns3:hr>172</ns3:hr>
            <ns3:cad>61</ns3:cad>
          </ns3:TrackPointExtension>
        </extensions>
      </trkpt>
      <trkpt lat="3.90226484276354312896728515625" lon="11.48547473363578319549560546875">
        <ele>945.79998779296875</ele>
        <time>2026-06-06T05:26:28.000Z</time>
        <extensions>
          <ns3:TrackPointExtension>
            <ns3:hr>168</ns3:hr>
            <ns3:cad>60</ns3:cad>
          </ns3:TrackPointExtension>
        </extensions>
      </trkpt>
      <trkpt lat="3.9022830314934253692626953125" lon="11.485488899052143096923828125">
        <ele>946.5999755859375</ele>
        <time>2026-06-06T05:26:30.000Z</time>
        <extensions>
          <ns3:TrackPointExtension>
            <ns3:hr>164</ns3:hr>
            <ns3:cad>59</ns3:cad>
          </ns3:TrackPointExtension>
        </extensions>
      </trkpt>
      <trkpt lat="3.90229401178658008575439453125" lon="11.485496945679187774658203125">
        <ele>947.20001220703125</ele>
        <time>2026-06-06T05:26:31.000Z</time>
        <extensions>
          <ns3:TrackPointExtension>
            <ns3:hr>161</ns3:hr>
            <ns3:cad>59</ns3:cad>
          </ns3:TrackPointExtension>
        </extensions>
      </trkpt>
      <trkpt lat="3.902315385639667510986328125" lon="11.485511362552642822265625">
        <ele>948.20001220703125</ele>
        <time>2026-06-06T05:26:33.000Z</time>
        <extensions>
          <ns3:TrackPointExtension>
            <ns3:hr>157</ns3:hr>
            <ns3:cad>59</ns3:cad>
          </ns3:TrackPointExtension>
        </extensions>
      </trkpt>
      <trkpt lat="3.90233625657856464385986328125" lon="11.48552368395030498504638671875">
        <ele>949</ele>
        <time>2026-06-06T05:26:35.000Z</time>
        <extensions>
          <ns3:TrackPointExtension>
            <ns3:hr>154</ns3:hr>
            <ns3:cad>59</ns3:cad>
          </ns3:TrackPointExtension>
        </extensions>
      </trkpt>
      <trkpt lat="3.90234732069075107574462890625" lon="11.48552988655865192413330078125">
        <ele>949.20001220703125</ele>
        <time>2026-06-06T05:26:36.000Z</time>
        <extensions>
          <ns3:TrackPointExtension>
            <ns3:hr>151</ns3:hr>
            <ns3:cad>59</ns3:cad>
          </ns3:TrackPointExtension>
        </extensions>
      </trkpt>
      <trkpt lat="3.902370035648345947265625" lon="11.48554178886115550994873046875">
        <ele>949.5999755859375</ele>
        <time>2026-06-06T05:26:38.000Z</time>
        <extensions>
          <ns3:TrackPointExtension>
            <ns3:hr>148</ns3:hr>
            <ns3:cad>59</ns3:cad>
          </ns3:TrackPointExtension>
        </extensions>
      </trkpt>
      <trkpt lat="3.90241454355418682098388671875" lon="11.4855671860277652740478515625">
        <ele>950</ele>
        <time>2026-06-06T05:26:42.000Z</time>
        <extensions>
          <ns3:TrackPointExtension>
            <ns3:hr>145</ns3:hr>
            <ns3:cad>59</ns3:cad>
          </ns3:TrackPointExtension>
        </extensions>
      </trkpt>
      <trkpt lat="3.902466595172882080078125" lon="11.4855940081179141998291015625">
        <ele>950.20001220703125</ele>
        <time>2026-06-06T05:26:47.000Z</time>
        <extensions>
          <ns3:TrackPointExtension>
            <ns3:hr>139</ns3:hr>
            <ns3:cad>60</ns3:cad>
          </ns3:TrackPointExtension>
        </extensions>
      </trkpt>
      <trkpt lat="3.90247606672346591949462890625" lon="11.48559794761240482330322265625">
        <ele>950.4000244140625</ele>
        <time>2026-06-06T05:26:48.000Z</time>
        <extensions>
          <ns3:TrackPointExtension>
            <ns3:hr>136</ns3:hr>
            <ns3:cad>59</ns3:cad>
          </ns3:TrackPointExtension>
        </extensions>
      </trkpt>
      <trkpt lat="3.90248335897922515869140625" lon="11.48560347966849803924560546875">
        <ele>950.4000244140625</ele>
        <time>2026-06-06T05:26:49.000Z</time>
        <extensions>
          <ns3:TrackPointExtension>
            <ns3:hr>136</ns3:hr>
            <ns3:cad>59</ns3:cad>
          </ns3:TrackPointExtension>
        </extensions>
      </trkpt>
      <trkpt lat="3.90249031595885753631591796875" lon="11.4856097660958766937255859375">
        <ele>950.4000244140625</ele>
        <time>2026-06-06T05:26:50.000Z</time>
        <extensions>
          <ns3:TrackPointExtension>
            <ns3:hr>141</ns3:hr>
            <ns3:cad>59</ns3:cad>
          </ns3:TrackPointExtension>
        </extensions>
      </trkpt>
      <trkpt lat="3.9025006256997585296630859375" lon="11.48561504669487476348876953125">
        <ele>950.5999755859375</ele>
        <time>2026-06-06T05:26:51.000Z</time>
        <extensions>
          <ns3:TrackPointExtension>
            <ns3:hr>155</ns3:hr>
            <ns3:cad>59</ns3:cad>
          </ns3:TrackPointExtension>
        </extensions>
      </trkpt>
      <trkpt lat="3.9025080017745494842529296875" lon="11.48562066256999969482421875">
        <ele>950.5999755859375</ele>
        <time>2026-06-06T05:26:52.000Z</time>
        <extensions>
          <ns3:TrackPointExtension>
            <ns3:hr>160</ns3:hr>
            <ns3:cad>59</ns3:cad>
          </ns3:TrackPointExtension>
        </extensions>
      </trkpt>
      <trkpt lat="3.90251596458256244659423828125" lon="11.4856253564357757568359375">
        <ele>950.5999755859375</ele>
        <time>2026-06-06T05:26:53.000Z</time>
        <extensions>
          <ns3:TrackPointExtension>
            <ns3:hr>164</ns3:hr>
            <ns3:cad>59</ns3:cad>
          </ns3:TrackPointExtension>
        </extensions>
      </trkpt>
      <trkpt lat="3.90252585522830486297607421875" lon="11.48563130758702754974365234375">
        <ele>950.79998779296875</ele>
        <time>2026-06-06T05:26:54.000Z</time>
        <extensions>
          <ns3:TrackPointExtension>
            <ns3:hr>187</ns3:hr>
            <ns3:cad>59</ns3:cad>
          </ns3:TrackPointExtension>
        </extensions>
      </trkpt>
      <trkpt lat="3.902535326778888702392578125" lon="11.4856374263763427734375">
        <ele>950.79998779296875</ele>
        <time>2026-06-06T05:26:55.000Z</time>
        <extensions>
          <ns3:TrackPointExtension>
            <ns3:hr>188</ns3:hr>
            <ns3:cad>59</ns3:cad>
          </ns3:TrackPointExtension>
        </extensions>
      </trkpt>
      <trkpt lat="3.9026776514947414398193359375" lon="11.48573608137667179107666015625">
        <ele>952.4000244140625</ele>
        <time>2026-06-06T05:27:10.000Z</time>
        <extensions>
          <ns3:TrackPointExtension>
            <ns3:hr>191</ns3:hr>
            <ns3:cad>60</ns3:cad>
          </ns3:TrackPointExtension>
        </extensions>
      </trkpt>
      <trkpt lat="3.9028312079608440399169921875" lon="11.4858582057058811187744140625">
        <ele>954.79998779296875</ele>
        <time>2026-06-06T05:27:26.000Z</time>
        <extensions>
          <ns3:TrackPointExtension>
            <ns3:hr>190</ns3:hr>
            <ns3:cad>59</ns3:cad>
          </ns3:TrackPointExtension>
        </extensions>
      </trkpt>
      <trkpt lat="3.90294813551008701324462890625" lon="11.4860087446868419647216796875">
        <ele>959.79998779296875</ele>
        <time>2026-06-06T05:27:39.000Z</time>
        <extensions>
          <ns3:TrackPointExtension>
            <ns3:hr>192</ns3:hr>
            <ns3:cad>60</ns3:cad>
          </ns3:TrackPointExtension>
        </extensions>
      </trkpt>
      <trkpt lat="3.90300412662327289581298828125" lon="11.48609365336596965789794921875">
        <ele>962.79998779296875</ele>
        <time>2026-06-06T05:27:47.000Z</time>
        <extensions>
          <ns3:TrackPointExtension>
            <ns3:hr>189</ns3:hr>
            <ns3:cad>0</ns3:cad>
          </ns3:TrackPointExtension>
        </extensions>
      </trkpt>
      <trkpt lat="3.9030142687261104583740234375" lon="11.4861163683235645294189453125">
        <ele>963.4000244140625</ele>
        <time>2026-06-06T05:27:49.000Z</time>
        <extensions>
          <ns3:TrackPointExtension>
            <ns3:hr>186</ns3:hr>
            <ns3:cad>0</ns3:cad>
          </ns3:TrackPointExtension>
        </extensions>
      </trkpt>
      <trkpt lat="3.9030216448009014129638671875" lon="11.48613673634827136993408203125">
        <ele>963.79998779296875</ele>
        <time>2026-06-06T05:27:51.000Z</time>
        <extensions>
          <ns3:TrackPointExtension>
            <ns3:hr>183</ns3:hr>
            <ns3:cad>60</ns3:cad>
          </ns3:TrackPointExtension>
        </extensions>
      </trkpt>
      <trkpt lat="3.9030280150473117828369140625" lon="11.4861579425632953643798828125">
        <ele>964</ele>
        <time>2026-06-06T05:27:53.000Z</time>
        <extensions>
          <ns3:TrackPointExtension>
            <ns3:hr>179</ns3:hr>
            <ns3:cad>60</ns3:cad>
          </ns3:TrackPointExtension>
        </extensions>
      </trkpt>
      <trkpt lat="3.9030347205698490142822265625" lon="11.4861961640417575836181640625">
        <ele>964.5999755859375</ele>
        <time>2026-06-06T05:27:57.000Z</time>
        <extensions>
          <ns3:TrackPointExtension>
            <ns3:hr>176</ns3:hr>
            <ns3:cad>60</ns3:cad>
          </ns3:TrackPointExtension>
        </extensions>
      </trkpt>
      <trkpt lat="3.90304653905332088470458984375" lon="11.4862330444157123565673828125">
        <ele>965</ele>
        <time>2026-06-06T05:28:01.000Z</time>
        <extensions>
          <ns3:TrackPointExtension>
            <ns3:hr>172</ns3:hr>
            <ns3:cad>60</ns3:cad>
          </ns3:TrackPointExtension>
        </extensions>
      </trkpt>
      <trkpt lat="3.903050310909748077392578125" lon="11.4862417615950107574462890625">
        <ele>965.20001220703125</ele>
        <time>2026-06-06T05:28:02.000Z</time>
        <extensions>
          <ns3:TrackPointExtension>
            <ns3:hr>169</ns3:hr>
            <ns3:cad>60</ns3:cad>
          </ns3:TrackPointExtension>
        </extensions>
      </trkpt>
      <trkpt lat="3.9030531607568264007568359375" lon="11.48625995032489299774169921875">
        <ele>965.4000244140625</ele>
        <time>2026-06-06T05:28:04.000Z</time>
        <extensions>
          <ns3:TrackPointExtension>
            <ns3:hr>163</ns3:hr>
            <ns3:cad>60</ns3:cad>
          </ns3:TrackPointExtension>
        </extensions>
      </trkpt>
      <trkpt lat="3.9030541665852069854736328125" lon="11.48627101443707942962646484375">
        <ele>965.5999755859375</ele>
        <time>2026-06-06T05:28:05.000Z</time>
        <extensions>
          <ns3:TrackPointExtension>
            <ns3:hr>147</ns3:hr>
            <ns3:cad>60</ns3:cad>
          </ns3:TrackPointExtension>
        </extensions>
      </trkpt>
      <trkpt lat="3.90305475331842899322509765625" lon="11.48628308437764644622802734375">
        <ele>965.79998779296875</ele>
        <time>2026-06-06T05:28:06.000Z</time>
        <extensions>
          <ns3:TrackPointExtension>
            <ns3:hr>147</ns3:hr>
            <ns3:cad>60</ns3:cad>
          </ns3:TrackPointExtension>
        </extensions>
      </trkpt>
      <trkpt lat="3.903050981462001800537109375" lon="11.48632147349417209625244140625">
        <ele>966.4000244140625</ele>
        <time>2026-06-06T05:28:09.000Z</time>
        <extensions>
          <ns3:TrackPointExtension>
            <ns3:hr>144</ns3:hr>
            <ns3:cad>60</ns3:cad>
          </ns3:TrackPointExtension>
        </extensions>
      </trkpt>
      <trkpt lat="3.9030477963387966156005859375" lon="11.48635952733457088470458984375">
        <ele>967.20001220703125</ele>
        <time>2026-06-06T05:28:12.000Z</time>
        <extensions>
          <ns3:TrackPointExtension>
            <ns3:hr>141</ns3:hr>
            <ns3:cad>60</ns3:cad>
          </ns3:TrackPointExtension>
        </extensions>
      </trkpt>
      <trkpt lat="3.9030488021671772003173828125" lon="11.48639238439500331878662109375">
        <ele>967.5999755859375</ele>
        <time>2026-06-06T05:28:15.000Z</time>
        <extensions>
          <ns3:TrackPointExtension>
            <ns3:hr>135</ns3:hr>
            <ns3:cad>60</ns3:cad>
          </ns3:TrackPointExtension>
        </extensions>
      </trkpt>
      <trkpt lat="3.9030494727194309234619140625" lon="11.48640294559299945831298828125">
        <ele>967.79998779296875</ele>
        <time>2026-06-06T05:28:16.000Z</time>
        <extensions>
          <ns3:TrackPointExtension>
            <ns3:hr>132</ns3:hr>
            <ns3:cad>60</ns3:cad>
          </ns3:TrackPointExtension>
        </extensions>
      </trkpt>
      <trkpt lat="3.90304804779589176177978515625" lon="11.48642641492187976837158203125">
        <ele>967.79998779296875</ele>
        <time>2026-06-06T05:28:18.000Z</time>
        <extensions>
          <ns3:TrackPointExtension>
            <ns3:hr>135</ns3:hr>
            <ns3:cad>60</ns3:cad>
          </ns3:TrackPointExtension>
        </extensions>
      </trkpt>
      <trkpt lat="3.9030472934246063232421875" lon="11.48643781431019306182861328125">
        <ele>968</ele>
        <time>2026-06-06T05:28:19.000Z</time>
        <extensions>
          <ns3:TrackPointExtension>
            <ns3:hr>140</ns3:hr>
            <ns3:cad>60</ns3:cad>
          </ns3:TrackPointExtension>
        </extensions>
      </trkpt>
      <trkpt lat="3.90304687432944774627685546875" lon="11.4864506386220455169677734375">
        <ele>968</ele>
        <time>2026-06-06T05:28:20.000Z</time>
        <extensions>
          <ns3:TrackPointExtension>
            <ns3:hr>144</ns3:hr>
            <ns3:cad>60</ns3:cad>
          </ns3:TrackPointExtension>
        </extensions>
      </trkpt>
      <trkpt lat="3.903045952320098876953125" lon="11.4864647202193737030029296875">
        <ele>968.20001220703125</ele>
        <time>2026-06-06T05:28:21.000Z</time>
        <extensions>
          <ns3:TrackPointExtension>
            <ns3:hr>149</ns3:hr>
            <ns3:cad>60</ns3:cad>
          </ns3:TrackPointExtension>
        </extensions>
      </trkpt>
      <trkpt lat="3.9030451141297817230224609375" lon="11.48647804744541645050048828125">
        <ele>968.20001220703125</ele>
        <time>2026-06-06T05:28:22.000Z</time>
        <extensions>
          <ns3:TrackPointExtension>
            <ns3:hr>194</ns3:hr>
            <ns3:cad>60</ns3:cad>
          </ns3:TrackPointExtension>
        </extensions>
      </trkpt>
      <trkpt lat="3.90304352156817913055419921875" lon="11.486491374671459197998046875">
        <ele>968.4000244140625</ele>
        <time>2026-06-06T05:28:23.000Z</time>
        <extensions>
          <ns3:TrackPointExtension>
            <ns3:hr>194</ns3:hr>
            <ns3:cad>60</ns3:cad>
          </ns3:TrackPointExtension>
        </extensions>
      </trkpt>
      <trkpt lat="3.90304083935916423797607421875" lon="11.486681140959262847900390625">
        <ele>971</ele>
        <time>2026-06-06T05:28:38.000Z</time>
        <extensions>
          <ns3:TrackPointExtension>
            <ns3:hr>193</ns3:hr>
            <ns3:cad>60</ns3:cad>
          </ns3:TrackPointExtension>
        </extensions>
      </trkpt>
      <trkpt lat="3.90300412662327289581298828125" lon="11.486869566142559051513671875">
        <ele>972.5999755859375</ele>
        <time>2026-06-06T05:28:52.000Z</time>
        <extensions>
          <ns3:TrackPointExtension>
            <ns3:hr>195</ns3:hr>
            <ns3:cad>60</ns3:cad>
          </ns3:TrackPointExtension>
        </extensions>
      </trkpt>
      <trkpt lat="3.9029830880463123321533203125" lon="11.48700535297393798828125">
        <ele>974.20001220703125</ele>
        <time>2026-06-06T05:29:03.000Z</time>
        <extensions>
          <ns3:TrackPointExtension>
            <ns3:hr>192</ns3:hr>
            <ns3:cad>60</ns3:cad>
          </ns3:TrackPointExtension>
        </extensions>
      </trkpt>
      <trkpt lat="3.902982585132122039794921875" lon="11.487042903900146484375">
        <ele>974.79998779296875</ele>
        <time>2026-06-06T05:29:07.000Z</time>
        <extensions>
          <ns3:TrackPointExtension>
            <ns3:hr>195</ns3:hr>
            <ns3:cad>60</ns3:cad>
          </ns3:TrackPointExtension>
        </extensions>
      </trkpt>
      <trkpt lat="3.90300429426133632659912109375" lon="11.4871386252343654632568359375">
        <ele>976.4000244140625</ele>
        <time>2026-06-06T05:29:16.000Z</time>
        <extensions>
          <ns3:TrackPointExtension>
            <ns3:hr>194</ns3:hr>
            <ns3:cad>55</ns3:cad>
          </ns3:TrackPointExtension>
        </extensions>
      </trkpt>
      <trkpt lat="3.90303044579923152923583984375" lon="11.48717173375189304351806640625">
        <ele>976.5999755859375</ele>
        <time>2026-06-06T05:29:20.000Z</time>
        <extensions>
          <ns3:TrackPointExtension>
            <ns3:hr>191</ns3:hr>
            <ns3:cad>55</ns3:cad>
          </ns3:TrackPointExtension>
        </extensions>
      </trkpt>
      <trkpt lat="3.90304394066333770751953125" lon="11.4871832169592380523681640625">
        <ele>976.5999755859375</ele>
        <time>2026-06-06T05:29:22.000Z</time>
        <extensions>
          <ns3:TrackPointExtension>
            <ns3:hr>188</ns3:hr>
            <ns3:cad>55</ns3:cad>
          </ns3:TrackPointExtension>
        </extensions>
      </trkpt>
      <trkpt lat="3.90305642969906330108642578125" lon="11.4871905930340290069580078125">
        <ele>976.5999755859375</ele>
        <time>2026-06-06T05:29:24.000Z</time>
        <extensions>
          <ns3:TrackPointExtension>
            <ns3:hr>184</ns3:hr>
            <ns3:cad>60</ns3:cad>
          </ns3:TrackPointExtension>
        </extensions>
      </trkpt>
      <trkpt lat="3.903062045574188232421875" lon="11.48719319142401218414306640625">
        <ele>976.5999755859375</ele>
        <time>2026-06-06T05:29:27.000Z</time>
        <extensions>
          <ns3:TrackPointExtension>
            <ns3:hr>178</ns3:hr>
            <ns3:cad>60</ns3:cad>
          </ns3:TrackPointExtension>
        </extensions>
      </trkpt>
      <trkpt lat="3.9030598662793636322021484375" lon="11.4871946163475513458251953125">
        <ele>976.79998779296875</ele>
        <time>2026-06-06T05:29:28.000Z</time>
        <extensions>
          <ns3:TrackPointExtension>
            <ns3:hr>176</ns3:hr>
            <ns3:cad>0</ns3:cad>
          </ns3:TrackPointExtension>
        </extensions>
      </trkpt>
      <trkpt lat="3.903057686984539031982421875" lon="11.48719553835690021514892578125">
        <ele>976.79998779296875</ele>
        <time>2026-06-06T05:29:30.000Z</time>
        <extensions>
          <ns3:TrackPointExtension>
            <ns3:hr>172</ns3:hr>
            <ns3:cad>0</ns3:cad>
          </ns3:TrackPointExtension>
        </extensions>
      </trkpt>
      <trkpt lat="3.9030578546226024627685546875" lon="11.4871971309185028076171875">
        <ele>976.79998779296875</ele>
        <time>2026-06-06T05:29:31.000Z</time>
        <extensions>
          <ns3:TrackPointExtension>
            <ns3:hr>169</ns3:hr>
            <ns3:cad>0</ns3:cad>
          </ns3:TrackPointExtension>
        </extensions>
      </trkpt>
      <trkpt lat="3.90305425040423870086669921875" lon="11.48719419725239276885986328125">
        <ele>976.79998779296875</ele>
        <time>2026-06-06T05:29:33.000Z</time>
        <extensions>
          <ns3:TrackPointExtension>
            <ns3:hr>166</ns3:hr>
            <ns3:cad>0</ns3:cad>
          </ns3:TrackPointExtension>
        </extensions>
      </trkpt>
      <trkpt lat="3.9030555076897144317626953125" lon="11.487193442881107330322265625">
        <ele>976.79998779296875</ele>
        <time>2026-06-06T05:29:36.000Z</time>
        <extensions>
          <ns3:TrackPointExtension>
            <ns3:hr>163</ns3:hr>
            <ns3:cad>0</ns3:cad>
          </ns3:TrackPointExtension>
        </extensions>
      </trkpt>
      <trkpt lat="3.9030580222606658935546875" lon="11.48719620890915393829345703125">
        <ele>976.79998779296875</ele>
        <time>2026-06-06T05:29:45.000Z</time>
        <extensions>
          <ns3:TrackPointExtension>
            <ns3:hr>160</ns3:hr>
            <ns3:cad>0</ns3:cad>
          </ns3:TrackPointExtension>
        </extensions>
      </trkpt>
      <trkpt lat="3.9030595310032367706298828125" lon="11.487192772328853607177734375">
        <ele>976.5999755859375</ele>
        <time>2026-06-06T05:29:47.000Z</time>
        <extensions>
          <ns3:TrackPointExtension>
            <ns3:hr>157</ns3:hr>
            <ns3:cad>0</ns3:cad>
          </ns3:TrackPointExtension>
        </extensions>
      </trkpt>
      <trkpt lat="3.9030575193464756011962890625" lon="11.48719453252851963043212890625">
        <ele>976.79998779296875</ele>
        <time>2026-06-06T05:29:50.000Z</time>
        <extensions>
          <ns3:TrackPointExtension>
            <ns3:hr>153</ns3:hr>
            <ns3:cad>0</ns3:cad>
          </ns3:TrackPointExtension>
        </extensions>
      </trkpt>
      <trkpt lat="3.9030575193464756011962890625" lon="11.4871956221759319305419921875">
        <ele>976.79998779296875</ele>
        <time>2026-06-06T05:29:55.000Z</time>
        <extensions>
          <ns3:TrackPointExtension>
            <ns3:hr>150</ns3:hr>
            <ns3:cad>0</ns3:cad>
          </ns3:TrackPointExtension>
        </extensions>
      </trkpt>
      <trkpt lat="3.90305777080357074737548828125" lon="11.487195454537868499755859375">
        <ele>976.79998779296875</ele>
        <time>2026-06-06T05:30:02.000Z</time>
        <extensions>
          <ns3:TrackPointExtension>
            <ns3:hr>153</ns3:hr>
            <ns3:cad>0</ns3:cad>
          </ns3:TrackPointExtension>
        </extensions>
      </trkpt>
      <trkpt lat="3.903057686984539031982421875" lon="11.487195454537868499755859375">
        <ele>976.79998779296875</ele>
        <time>2026-06-06T05:30:04.000Z</time>
        <extensions>
          <ns3:TrackPointExtension>
            <ns3:hr>158</ns3:hr>
            <ns3:cad>0</ns3:cad>
          </ns3:TrackPointExtension>
        </extensions>
      </trkpt>
      <trkpt lat="3.90305710025131702423095703125" lon="11.48719553835690021514892578125">
        <ele>976.79998779296875</ele>
        <time>2026-06-06T05:30:09.000Z</time>
        <extensions>
          <ns3:TrackPointExtension>
            <ns3:hr>164</ns3:hr>
            <ns3:cad>0</ns3:cad>
          </ns3:TrackPointExtension>
        </extensions>
      </trkpt>
      <trkpt lat="3.90305710025131702423095703125" lon="11.4871952868998050689697265625">
        <ele>976.79998779296875</ele>
        <time>2026-06-06T05:30:10.000Z</time>
        <extensions>
          <ns3:TrackPointExtension>
            <ns3:hr>169</ns3:hr>
            <ns3:cad>0</ns3:cad>
          </ns3:TrackPointExtension>
        </extensions>
      </trkpt>
      <trkpt lat="3.90305693261325359344482421875" lon="11.4871952868998050689697265625">
        <ele>976.79998779296875</ele>
        <time>2026-06-06T05:30:11.000Z</time>
        <extensions>
          <ns3:TrackPointExtension>
            <ns3:hr>174</ns3:hr>
            <ns3:cad>0</ns3:cad>
          </ns3:TrackPointExtension>
        </extensions>
      </trkpt>
      <trkpt lat="3.90305642969906330108642578125" lon="11.48719553835690021514892578125">
        <ele>976.79998779296875</ele>
        <time>2026-06-06T05:30:15.000Z</time>
        <extensions>
          <ns3:TrackPointExtension>
            <ns3:hr>170</ns3:hr>
            <ns3:cad>0</ns3:cad>
          </ns3:TrackPointExtension>
        </extensions>
      </trkpt>
      <trkpt lat="3.90305693261325359344482421875" lon="11.48719721473753452301025390625">
        <ele>976.79998779296875</ele>
        <time>2026-06-06T05:30:17.000Z</time>
        <extensions>
          <ns3:TrackPointExtension>
            <ns3:hr>167</ns3:hr>
            <ns3:cad>59</ns3:cad>
          </ns3:TrackPointExtension>
        </extensions>
      </trkpt>
      <trkpt lat="3.90305425040423870086669921875" lon="11.487196795642375946044921875">
        <ele>976.79998779296875</ele>
        <time>2026-06-06T05:30:23.000Z</time>
        <extensions>
          <ns3:TrackPointExtension>
            <ns3:hr>160</ns3:hr>
            <ns3:cad>0</ns3:cad>
          </ns3:TrackPointExtension>
        </extensions>
      </trkpt>
      <trkpt lat="3.9030539989471435546875" lon="11.48719654418528079986572265625">
        <ele>976.79998779296875</ele>
        <time>2026-06-06T05:30:24.000Z</time>
        <extensions>
          <ns3:TrackPointExtension>
            <ns3:hr>157</ns3:hr>
            <ns3:cad>0</ns3:cad>
          </ns3:TrackPointExtension>
        </extensions>
      </trkpt>
      <trkpt lat="3.903053663671016693115234375" lon="11.48719637654721736907958984375">
        <ele>976.79998779296875</ele>
        <time>2026-06-06T05:30:26.000Z</time>
        <extensions>
          <ns3:TrackPointExtension>
            <ns3:hr>162</ns3:hr>
            <ns3:cad>0</ns3:cad>
          </ns3:TrackPointExtension>
        </extensions>
      </trkpt>
      <trkpt lat="3.9030539989471435546875" lon="11.48719654418528079986572265625">
        <ele>976.79998779296875</ele>
        <time>2026-06-06T05:30:31.000Z</time>
        <extensions>
          <ns3:TrackPointExtension>
            <ns3:hr>159</ns3:hr>
            <ns3:cad>0</ns3:cad>
          </ns3:TrackPointExtension>
        </extensions>
      </trkpt>
      <trkpt lat="3.90305508859455585479736328125" lon="11.48719637654721736907958984375">
        <ele>976.79998779296875</ele>
        <time>2026-06-06T05:30:36.000Z</time>
        <extensions>
          <ns3:TrackPointExtension>
            <ns3:hr>156</ns3:hr>
            <ns3:cad>0</ns3:cad>
          </ns3:TrackPointExtension>
        </extensions>
      </trkpt>
      <trkpt lat="3.90305458568036556243896484375" lon="11.487195789813995361328125">
        <ele>976.79998779296875</ele>
        <time>2026-06-06T05:30:39.000Z</time>
        <extensions>
          <ns3:TrackPointExtension>
            <ns3:hr>153</ns3:hr>
            <ns3:cad>60</ns3:cad>
          </ns3:TrackPointExtension>
        </extensions>
      </trkpt>
      <trkpt lat="3.9030511491000652313232421875" lon="11.48719704709947109222412109375">
        <ele>976.79998779296875</ele>
        <time>2026-06-06T05:30:42.000Z</time>
        <extensions>
          <ns3:TrackPointExtension>
            <ns3:hr>150</ns3:hr>
            <ns3:cad>0</ns3:cad>
          </ns3:TrackPointExtension>
        </extensions>
      </trkpt>
      <trkpt lat="3.9030491374433040618896484375" lon="11.48719738237559795379638671875">
        <ele>976.79998779296875</ele>
        <time>2026-06-06T05:30:43.000Z</time>
        <extensions>
          <ns3:TrackPointExtension>
            <ns3:hr>147</ns3:hr>
            <ns3:cad>0</ns3:cad>
          </ns3:TrackPointExtension>
        </extensions>
      </trkpt>
      <trkpt lat="3.9030457846820354461669921875" lon="11.48719721473753452301025390625">
        <ele>977</ele>
        <time>2026-06-06T05:30:46.000Z</time>
        <extensions>
          <ns3:TrackPointExtension>
            <ns3:hr>144</ns3:hr>
            <ns3:cad>0</ns3:cad>
          </ns3:TrackPointExtension>
        </extensions>
      </trkpt>
      <trkpt lat="3.9030467905104160308837890625" lon="11.48720140568912029266357421875">
        <ele>977</ele>
        <time>2026-06-06T05:31:03.000Z</time>
        <extensions>
          <ns3:TrackPointExtension>
            <ns3:hr>140</ns3:hr>
            <ns3:cad>0</ns3:cad>
          </ns3:TrackPointExtension>
        </extensions>
      </trkpt>
      <trkpt lat="3.90304704196751117706298828125" lon="11.48720140568912029266357421875">
        <ele>977</ele>
        <time>2026-06-06T05:31:06.000Z</time>
        <extensions>
          <ns3:TrackPointExtension>
            <ns3:hr>137</ns3:hr>
            <ns3:cad>0</ns3:cad>
          </ns3:TrackPointExtension>
        </extensions>
      </trkpt>
      <trkpt lat="3.9030441083014011383056640625" lon="11.48719838820397853851318359375">
        <ele>977</ele>
        <time>2026-06-06T05:31:16.000Z</time>
        <extensions>
          <ns3:TrackPointExtension>
            <ns3:hr>134</ns3:hr>
            <ns3:cad>0</ns3:cad>
          </ns3:TrackPointExtension>
        </extensions>
      </trkpt>
      <trkpt lat="3.9030397497117519378662109375" lon="11.48719470016658306121826171875">
        <ele>977</ele>
        <time>2026-06-06T05:31:19.000Z</time>
        <extensions>
          <ns3:TrackPointExtension>
            <ns3:hr>131</ns3:hr>
            <ns3:cad>0</ns3:cad>
          </ns3:TrackPointExtension>
        </extensions>
      </trkpt>
      <trkpt lat="3.9030504785478115081787109375" lon="11.4871838875114917755126953125">
        <ele>976.5999755859375</ele>
        <time>2026-06-06T05:31:23.000Z</time>
        <extensions>
          <ns3:TrackPointExtension>
            <ns3:hr>127</ns3:hr>
            <ns3:cad>60</ns3:cad>
          </ns3:TrackPointExtension>
        </extensions>
      </trkpt>
      <trkpt lat="3.903112672269344329833984375" lon="11.487178020179271697998046875">
        <ele>975.79998779296875</ele>
        <time>2026-06-06T05:31:28.000Z</time>
        <extensions>
          <ns3:TrackPointExtension>
            <ns3:hr>124</ns3:hr>
            <ns3:cad>60</ns3:cad>
          </ns3:TrackPointExtension>
        </extensions>
      </trkpt>
      <trkpt lat="3.90314427204430103302001953125" lon="11.48718061856925487518310546875">
        <ele>975.5999755859375</ele>
        <time>2026-06-06T05:31:30.000Z</time>
        <extensions>
          <ns3:TrackPointExtension>
            <ns3:hr>119</ns3:hr>
            <ns3:cad>60</ns3:cad>
          </ns3:TrackPointExtension>
        </extensions>
      </trkpt>
      <trkpt lat="3.90317528508603572845458984375" lon="11.48718531243503093719482421875">
        <ele>975.5999755859375</ele>
        <time>2026-06-06T05:31:32.000Z</time>
        <extensions>
          <ns3:TrackPointExtension>
            <ns3:hr>116</ns3:hr>
            <ns3:cad>60</ns3:cad>
          </ns3:TrackPointExtension>
        </extensions>
      </trkpt>
      <trkpt lat="3.90318919904530048370361328125" lon="11.48718816228210926055908203125">
        <ele>975.79998779296875</ele>
        <time>2026-06-06T05:31:33.000Z</time>
        <extensions>
          <ns3:TrackPointExtension>
            <ns3:hr>110</ns3:hr>
            <ns3:cad>60</ns3:cad>
          </ns3:TrackPointExtension>
        </extensions>
      </trkpt>
      <trkpt lat="3.90324435196816921234130859375" lon="11.48718765936791896820068359375">
        <ele>976.20001220703125</ele>
        <time>2026-06-06T05:31:37.000Z</time>
        <extensions>
          <ns3:TrackPointExtension>
            <ns3:hr>115</ns3:hr>
            <ns3:cad>60</ns3:cad>
          </ns3:TrackPointExtension>
        </extensions>
      </trkpt>
      <trkpt lat="3.90328760258853435516357421875" lon="11.4871837198734283447265625">
        <ele>976.4000244140625</ele>
        <time>2026-06-06T05:31:40.000Z</time>
        <extensions>
          <ns3:TrackPointExtension>
            <ns3:hr>119</ns3:hr>
            <ns3:cad>60</ns3:cad>
          </ns3:TrackPointExtension>
        </extensions>
      </trkpt>
      <trkpt lat="3.9033022709190845489501953125" lon="11.4871805347502231597900390625">
        <ele>976.4000244140625</ele>
        <time>2026-06-06T05:31:41.000Z</time>
        <extensions>
          <ns3:TrackPointExtension>
            <ns3:hr>122</ns3:hr>
            <ns3:cad>60</ns3:cad>
          </ns3:TrackPointExtension>
        </extensions>
      </trkpt>
      <trkpt lat="3.9033304341137409210205078125" lon="11.48717123083770275115966796875">
        <ele>976.4000244140625</ele>
        <time>2026-06-06T05:31:43.000Z</time>
        <extensions>
          <ns3:TrackPointExtension>
            <ns3:hr>127</ns3:hr>
            <ns3:cad>60</ns3:cad>
          </ns3:TrackPointExtension>
        </extensions>
      </trkpt>
      <trkpt lat="3.903343342244625091552734375" lon="11.48716804571449756622314453125">
        <ele>976.5999755859375</ele>
        <time>2026-06-06T05:31:44.000Z</time>
        <extensions>
          <ns3:TrackPointExtension>
            <ns3:hr>127</ns3:hr>
            <ns3:cad>60</ns3:cad>
          </ns3:TrackPointExtension>
        </extensions>
      </trkpt>
      <trkpt lat="3.9034067094326019287109375" lon="11.48715279065072536468505859375">
        <ele>977</ele>
        <time>2026-06-06T05:31:49.000Z</time>
        <extensions>
          <ns3:TrackPointExtension>
            <ns3:hr>124</ns3:hr>
            <ns3:cad>60</ns3:cad>
          </ns3:TrackPointExtension>
        </extensions>
      </trkpt>
      <trkpt lat="3.90341936610639095306396484375" lon="11.4871483482420444488525390625">
        <ele>977.20001220703125</ele>
        <time>2026-06-06T05:31:50.000Z</time>
        <extensions>
          <ns3:TrackPointExtension>
            <ns3:hr>127</ns3:hr>
            <ns3:cad>61</ns3:cad>
          </ns3:TrackPointExtension>
        </extensions>
      </trkpt>
      <trkpt lat="3.90346362255513668060302734375" lon="11.4871265552937984466552734375">
        <ele>977.5999755859375</ele>
        <time>2026-06-06T05:31:54.000Z</time>
        <extensions>
          <ns3:TrackPointExtension>
            <ns3:hr>130</ns3:hr>
            <ns3:cad>60</ns3:cad>
          </ns3:TrackPointExtension>
        </extensions>
      </trkpt>
      <trkpt lat="3.90351290814578533172607421875" lon="11.48709562607109546661376953125">
        <ele>978</ele>
        <time>2026-06-06T05:31:59.000Z</time>
        <extensions>
          <ns3:TrackPointExtension>
            <ns3:hr>134</ns3:hr>
            <ns3:cad>60</ns3:cad>
          </ns3:TrackPointExtension>
        </extensions>
      </trkpt>
      <trkpt lat="3.90353210270404815673828125" lon="11.48708456195890903472900390625">
        <ele>978.20001220703125</ele>
        <time>2026-06-06T05:32:00.000Z</time>
        <extensions>
          <ns3:TrackPointExtension>
            <ns3:hr>140</ns3:hr>
            <ns3:cad>60</ns3:cad>
          </ns3:TrackPointExtension>
        </extensions>
      </trkpt>
      <trkpt lat="3.90353210270404815673828125" lon="11.48708456195890903472900390625">
        <ele>978.20001220703125</ele>
        <time>2026-06-06T05:32:01.000Z</time>
        <extensions>
          <ns3:TrackPointExtension>
            <ns3:hr>140</ns3:hr>
            <ns3:cad>60</ns3:cad>
          </ns3:TrackPointExtension>
        </extensions>
      </trkpt>
      <trkpt lat="3.9035403169691562652587890625" lon="11.48707844316959381103515625">
        <ele>978.4000244140625</ele>
        <time>2026-06-06T05:32:02.000Z</time>
        <extensions>
          <ns3:TrackPointExtension>
            <ns3:hr>145</ns3:hr>
            <ns3:cad>60</ns3:cad>
          </ns3:TrackPointExtension>
        </extensions>
      </trkpt>
      <trkpt lat="3.90354962088167667388916015625" lon="11.48707081563770771026611328125">
        <ele>978.4000244140625</ele>
        <time>2026-06-06T05:32:03.000Z</time>
        <extensions>
          <ns3:TrackPointExtension>
            <ns3:hr>142</ns3:hr>
            <ns3:cad>60</ns3:cad>
          </ns3:TrackPointExtension>
        </extensions>
      </trkpt>
      <trkpt lat="3.90357795171439647674560546875" lon="11.48705086670815944671630859375">
        <ele>979</ele>
        <time>2026-06-06T05:32:06.000Z</time>
        <extensions>
          <ns3:TrackPointExtension>
            <ns3:hr>146</ns3:hr>
            <ns3:cad>60</ns3:cad>
          </ns3:TrackPointExtension>
        </extensions>
      </trkpt>
      <trkpt lat="3.90361282043159008026123046875" lon="11.48702454753220081329345703125">
        <ele>980</ele>
        <time>2026-06-06T05:32:10.000Z</time>
        <extensions>
          <ns3:TrackPointExtension>
            <ns3:hr>149</ns3:hr>
            <ns3:cad>60</ns3:cad>
          </ns3:TrackPointExtension>
        </extensions>
      </trkpt>
      <trkpt lat="3.90363863669335842132568359375" lon="11.487000323832035064697265625">
        <ele>980.5999755859375</ele>
        <time>2026-06-06T05:32:13.000Z</time>
        <extensions>
          <ns3:TrackPointExtension>
            <ns3:hr>153</ns3:hr>
            <ns3:cad>60</ns3:cad>
          </ns3:TrackPointExtension>
        </extensions>
      </trkpt>
      <trkpt lat="3.90364752151072025299072265625" lon="11.4869924448430538177490234375">
        <ele>981</ele>
        <time>2026-06-06T05:32:14.000Z</time>
        <extensions>
          <ns3:TrackPointExtension>
            <ns3:hr>156</ns3:hr>
            <ns3:cad>60</ns3:cad>
          </ns3:TrackPointExtension>
        </extensions>
      </trkpt>
      <trkpt lat="3.90365657396614551544189453125" lon="11.48698481731116771697998046875">
        <ele>981.20001220703125</ele>
        <time>2026-06-06T05:32:15.000Z</time>
        <extensions>
          <ns3:TrackPointExtension>
            <ns3:hr>162</ns3:hr>
            <ns3:cad>60</ns3:cad>
          </ns3:TrackPointExtension>
        </extensions>
      </trkpt>
      <trkpt lat="3.9036647044122219085693359375" lon="11.48697744123637676239013671875">
        <ele>981.4000244140625</ele>
        <time>2026-06-06T05:32:16.000Z</time>
        <extensions>
          <ns3:TrackPointExtension>
            <ns3:hr>165</ns3:hr>
            <ns3:cad>60</ns3:cad>
          </ns3:TrackPointExtension>
        </extensions>
      </trkpt>
      <trkpt lat="3.90367300249636173248291015625" lon="11.48696972988545894622802734375">
        <ele>981.5999755859375</ele>
        <time>2026-06-06T05:32:17.000Z</time>
        <extensions>
          <ns3:TrackPointExtension>
            <ns3:hr>165</ns3:hr>
            <ns3:cad>60</ns3:cad>
          </ns3:TrackPointExtension>
        </extensions>
      </trkpt>
      <trkpt lat="3.903700746595859527587890625" lon="11.486943326890468597412109375">
        <ele>982.4000244140625</ele>
        <time>2026-06-06T05:32:20.000Z</time>
        <extensions>
          <ns3:TrackPointExtension>
            <ns3:hr>167</ns3:hr>
            <ns3:cad>60</ns3:cad>
          </ns3:TrackPointExtension>
        </extensions>
      </trkpt>
      <trkpt lat="3.90376185066998004913330078125" lon="11.48690150119364261627197265625">
        <ele>983.20001220703125</ele>
        <time>2026-06-06T05:32:26.000Z</time>
        <extensions>
          <ns3:TrackPointExtension>
            <ns3:hr>171</ns3:hr>
            <ns3:cad>60</ns3:cad>
          </ns3:TrackPointExtension>
        </extensions>
      </trkpt>
      <trkpt lat="3.90387400053441524505615234375" lon="11.48680217564105987548828125">
        <ele>983.79998779296875</ele>
        <time>2026-06-06T05:32:38.000Z</time>
        <extensions>
          <ns3:TrackPointExtension>
            <ns3:hr>174</ns3:hr>
            <ns3:cad>60</ns3:cad>
          </ns3:TrackPointExtension>
        </extensions>
      </trkpt>
      <trkpt lat="3.90388213098049163818359375" lon="11.48679505102336406707763671875">
        <ele>984</ele>
        <time>2026-06-06T05:32:39.000Z</time>
        <extensions>
          <ns3:TrackPointExtension>
            <ns3:hr>177</ns3:hr>
            <ns3:cad>60</ns3:cad>
          </ns3:TrackPointExtension>
        </extensions>
      </trkpt>
      <trkpt lat="3.90397810377180576324462890625" lon="11.48666027002036571502685546875">
        <ele>985.4000244140625</ele>
        <time>2026-06-06T05:32:54.000Z</time>
        <extensions>
          <ns3:TrackPointExtension>
            <ns3:hr>180</ns3:hr>
            <ns3:cad>60</ns3:cad>
          </ns3:TrackPointExtension>
        </extensions>
      </trkpt>
      <trkpt lat="3.903989084064960479736328125" lon="11.4866427518427371978759765625">
        <ele>985.79998779296875</ele>
        <time>2026-06-06T05:32:56.000Z</time>
        <extensions>
          <ns3:TrackPointExtension>
            <ns3:hr>186</ns3:hr>
            <ns3:cad>60</ns3:cad>
          </ns3:TrackPointExtension>
        </extensions>
      </trkpt>
      <trkpt lat="3.90400995500385761260986328125" lon="11.4866166003048419952392578125">
        <ele>986.79998779296875</ele>
        <time>2026-06-06T05:32:59.000Z</time>
        <extensions>
          <ns3:TrackPointExtension>
            <ns3:hr>182</ns3:hr>
            <ns3:cad>60</ns3:cad>
          </ns3:TrackPointExtension>
        </extensions>
      </trkpt>
      <trkpt lat="3.90412461943924427032470703125" lon="11.4864761196076869964599609375">
        <ele>993.20001220703125</ele>
        <time>2026-06-06T05:33:14.000Z</time>
        <extensions>
          <ns3:TrackPointExtension>
            <ns3:hr>184</ns3:hr>
            <ns3:cad>60</ns3:cad>
          </ns3:TrackPointExtension>
        </extensions>
      </trkpt>
      <trkpt lat="3.904301226139068603515625" lon="11.4865024387836456298828125">
        <ele>1001.4000244140625</ele>
        <time>2026-06-06T05:33:28.000Z</time>
        <extensions>
          <ns3:TrackPointExtension>
            <ns3:hr>186</ns3:hr>
            <ns3:cad>60</ns3:cad>
          </ns3:TrackPointExtension>
        </extensions>
      </trkpt>
      <trkpt lat="3.90442988835275173187255859375" lon="11.48662188090384006500244140625">
        <ele>1004.4000244140625</ele>
        <time>2026-06-06T05:33:46.000Z</time>
        <extensions>
          <ns3:TrackPointExtension>
            <ns3:hr>187</ns3:hr>
            <ns3:cad>60</ns3:cad>
          </ns3:TrackPointExtension>
        </extensions>
      </trkpt>
      <trkpt lat="3.9045520126819610595703125" lon="11.48671089671552181243896484375">
        <ele>1006.79998779296875</ele>
        <time>2026-06-06T05:33:58.000Z</time>
        <extensions>
          <ns3:TrackPointExtension>
            <ns3:hr>188</ns3:hr>
            <ns3:cad>60</ns3:cad>
          </ns3:TrackPointExtension>
        </extensions>
      </trkpt>
      <trkpt lat="3.9047221653163433074951171875" lon="11.486789770424365997314453125">
        <ele>1007</ele>
        <time>2026-06-06T05:34:14.000Z</time>
        <extensions>
          <ns3:TrackPointExtension>
            <ns3:hr>185</ns3:hr>
            <ns3:cad>60</ns3:cad>
          </ns3:TrackPointExtension>
        </extensions>
      </trkpt>
      <trkpt lat="3.90474043786525726318359375" lon="11.48679790087044239044189453125">
        <ele>1007.20001220703125</ele>
        <time>2026-06-06T05:34:16.000Z</time>
        <extensions>
          <ns3:TrackPointExtension>
            <ns3:hr>182</ns3:hr>
            <ns3:cad>60</ns3:cad>
          </ns3:TrackPointExtension>
        </extensions>
      </trkpt>
      <trkpt lat="3.90475519001483917236328125" lon="11.4868030138313770294189453125">
        <ele>1007.20001220703125</ele>
        <time>2026-06-06T05:34:18.000Z</time>
        <extensions>
          <ns3:TrackPointExtension>
            <ns3:hr>179</ns3:hr>
            <ns3:cad>60</ns3:cad>
          </ns3:TrackPointExtension>
        </extensions>
      </trkpt>
      <trkpt lat="3.90478544868528842926025390625" lon="11.486801169812679290771484375">
        <ele>1008</ele>
        <time>2026-06-06T05:34:21.000Z</time>
        <extensions>
          <ns3:TrackPointExtension>
            <ns3:hr>177</ns3:hr>
            <ns3:cad>60</ns3:cad>
          </ns3:TrackPointExtension>
        </extensions>
      </trkpt>
      <trkpt lat="3.9048049785196781158447265625" lon="11.48679756559431552886962890625">
        <ele>1008.5999755859375</ele>
        <time>2026-06-06T05:34:23.000Z</time>
        <extensions>
          <ns3:TrackPointExtension>
            <ns3:hr>174</ns3:hr>
            <ns3:cad>60</ns3:cad>
          </ns3:TrackPointExtension>
        </extensions>
      </trkpt>
      <trkpt lat="3.90482299961149692535400390625" lon="11.4867899380624294281005859375">
        <ele>1009.20001220703125</ele>
        <time>2026-06-06T05:34:25.000Z</time>
        <extensions>
          <ns3:TrackPointExtension>
            <ns3:hr>171</ns3:hr>
            <ns3:cad>60</ns3:cad>
          </ns3:TrackPointExtension>
        </extensions>
      </trkpt>
      <trkpt lat="3.90486289747059345245361328125" lon="11.486773677170276641845703125">
        <ele>1009.5999755859375</ele>
        <time>2026-06-06T05:34:29.000Z</time>
        <extensions>
          <ns3:TrackPointExtension>
            <ns3:hr>168</ns3:hr>
            <ns3:cad>60</ns3:cad>
          </ns3:TrackPointExtension>
        </extensions>
      </trkpt>
      <trkpt lat="3.9048938266932964324951171875" lon="11.486758254468441009521484375">
        <ele>1009.5999755859375</ele>
        <time>2026-06-06T05:34:32.000Z</time>
        <extensions>
          <ns3:TrackPointExtension>
            <ns3:hr>165</ns3:hr>
            <ns3:cad>60</ns3:cad>
          </ns3:TrackPointExtension>
        </extensions>
      </trkpt>
      <trkpt lat="3.90491335652768611907958984375" lon="11.48673922754824161529541015625">
        <ele>1009.79998779296875</ele>
        <time>2026-06-06T05:34:35.000Z</time>
        <extensions>
          <ns3:TrackPointExtension>
            <ns3:hr>161</ns3:hr>
            <ns3:cad>60</ns3:cad>
          </ns3:TrackPointExtension>
        </extensions>
      </trkpt>
      <trkpt lat="3.9049172960221767425537109375" lon="11.48673084564507007598876953125">
        <ele>1010.4000244140625</ele>
        <time>2026-06-06T05:34:36.000Z</time>
        <extensions>
          <ns3:TrackPointExtension>
            <ns3:hr>170</ns3:hr>
            <ns3:cad>60</ns3:cad>
          </ns3:TrackPointExtension>
        </extensions>
      </trkpt>
      <trkpt lat="3.9049208164215087890625" lon="11.486720703542232513427734375">
        <ele>1011</ele>
        <time>2026-06-06T05:34:37.000Z</time>
        <extensions>
          <ns3:TrackPointExtension>
            <ns3:hr>165</ns3:hr>
            <ns3:cad>60</ns3:cad>
          </ns3:TrackPointExtension>
        </extensions>
      </trkpt>
      <trkpt lat="3.90492173843085765838623046875" lon="11.48671156726777553558349609375">
        <ele>1011.5999755859375</ele>
        <time>2026-06-06T05:34:38.000Z</time>
        <extensions>
          <ns3:TrackPointExtension>
            <ns3:hr>169</ns3:hr>
            <ns3:cad>60</ns3:cad>
          </ns3:TrackPointExtension>
        </extensions>
      </trkpt>
      <trkpt lat="3.90492173843085765838623046875" lon="11.4867054484784603118896484375">
        <ele>1011.79998779296875</ele>
        <time>2026-06-06T05:34:39.000Z</time>
        <extensions>
          <ns3:TrackPointExtension>
            <ns3:hr>174</ns3:hr>
            <ns3:cad>60</ns3:cad>
          </ns3:TrackPointExtension>
        </extensions>
      </trkpt>
      <trkpt lat="3.90491905622184276580810546875" lon="11.48669782094657421112060546875">
        <ele>1012.20001220703125</ele>
        <time>2026-06-06T05:34:40.000Z</time>
        <extensions>
          <ns3:TrackPointExtension>
            <ns3:hr>180</ns3:hr>
            <ns3:cad>60</ns3:cad>
          </ns3:TrackPointExtension>
        </extensions>
      </trkpt>
      <trkpt lat="3.90491612255573272705078125" lon="11.48669421672821044921875">
        <ele>1012.4000244140625</ele>
        <time>2026-06-06T05:34:41.000Z</time>
        <extensions>
          <ns3:TrackPointExtension>
            <ns3:hr>184</ns3:hr>
            <ns3:cad>60</ns3:cad>
          </ns3:TrackPointExtension>
        </extensions>
      </trkpt>
      <trkpt lat="3.90491201542317867279052734375" lon="11.4866875112056732177734375">
        <ele>1012.79998779296875</ele>
        <time>2026-06-06T05:34:42.000Z</time>
        <extensions>
          <ns3:TrackPointExtension>
            <ns3:hr>188</ns3:hr>
            <ns3:cad>60</ns3:cad>
          </ns3:TrackPointExtension>
        </extensions>
      </trkpt>
      <trkpt lat="3.90490681864321231842041015625" lon="11.48668021894991397857666015625">
        <ele>1013.20001220703125</ele>
        <time>2026-06-06T05:34:43.000Z</time>
        <extensions>
          <ns3:TrackPointExtension>
            <ns3:hr>189</ns3:hr>
            <ns3:cad>60</ns3:cad>
          </ns3:TrackPointExtension>
        </extensions>
      </trkpt>
      <trkpt lat="3.904860801994800567626953125" lon="11.486666388809680938720703125">
        <ele>1013.79998779296875</ele>
        <time>2026-06-06T05:34:48.000Z</time>
        <extensions>
          <ns3:TrackPointExtension>
            <ns3:hr>185</ns3:hr>
            <ns3:cad>60</ns3:cad>
          </ns3:TrackPointExtension>
        </extensions>
      </trkpt>
      <trkpt lat="3.9048267714679241180419921875" lon="11.486657671630382537841796875">
        <ele>1014</ele>
        <time>2026-06-06T05:34:51.000Z</time>
        <extensions>
          <ns3:TrackPointExtension>
            <ns3:hr>188</ns3:hr>
            <ns3:cad>60</ns3:cad>
          </ns3:TrackPointExtension>
        </extensions>
      </trkpt>
      <trkpt lat="3.9046430401504039764404296875" lon="11.48660947568714618682861328125">
        <ele>1010.5999755859375</ele>
        <time>2026-06-06T05:35:07.000Z</time>
        <extensions>
          <ns3:TrackPointExtension>
            <ns3:hr>185</ns3:hr>
            <ns3:cad>60</ns3:cad>
          </ns3:TrackPointExtension>
        </extensions>
      </trkpt>
      <trkpt lat="3.90461110509932041168212890625" lon="11.48658399470150470733642578125">
        <ele>1010.4000244140625</ele>
        <time>2026-06-06T05:35:10.000Z</time>
        <extensions>
          <ns3:TrackPointExtension>
            <ns3:hr>180</ns3:hr>
            <ns3:cad>60</ns3:cad>
          </ns3:TrackPointExtension>
        </extensions>
      </trkpt>
      <trkpt lat="3.9045895636081695556640625" lon="11.48653890006244182586669921875">
        <ele>1010.4000244140625</ele>
        <time>2026-06-06T05:35:13.000Z</time>
        <extensions>
          <ns3:TrackPointExtension>
            <ns3:hr>177</ns3:hr>
            <ns3:cad>60</ns3:cad>
          </ns3:TrackPointExtension>
        </extensions>
      </trkpt>
      <trkpt lat="3.90458830632269382476806640625" lon="11.4865079708397388458251953125">
        <ele>1011</ele>
        <time>2026-06-06T05:35:15.000Z</time>
        <extensions>
          <ns3:TrackPointExtension>
            <ns3:hr>174</ns3:hr>
            <ns3:cad>60</ns3:cad>
          </ns3:TrackPointExtension>
        </extensions>
      </trkpt>
      <trkpt lat="3.90459283255040645599365234375" lon="11.48647922091186046600341796875">
        <ele>1011.4000244140625</ele>
        <time>2026-06-06T05:35:17.000Z</time>
        <extensions>
          <ns3:TrackPointExtension>
            <ns3:hr>171</ns3:hr>
            <ns3:cad>60</ns3:cad>
          </ns3:TrackPointExtension>
        </extensions>
      </trkpt>
      <trkpt lat="3.90460590831935405731201171875" lon="11.4864576794207096099853515625">
        <ele>1012</ele>
        <time>2026-06-06T05:35:19.000Z</time>
        <extensions>
          <ns3:TrackPointExtension>
            <ns3:hr>168</ns3:hr>
            <ns3:cad>60</ns3:cad>
          </ns3:TrackPointExtension>
        </extensions>
      </trkpt>
      <trkpt lat="3.90463273040950298309326171875" lon="11.4864415861666202545166015625">
        <ele>1012.79998779296875</ele>
        <time>2026-06-06T05:35:22.000Z</time>
        <extensions>
          <ns3:TrackPointExtension>
            <ns3:hr>165</ns3:hr>
            <ns3:cad>57</ns3:cad>
          </ns3:TrackPointExtension>
        </extensions>
      </trkpt>
      <trkpt lat="3.90469752252101898193359375" lon="11.486447788774967193603515625">
        <ele>1014.4000244140625</ele>
        <time>2026-06-06T05:35:28.000Z</time>
        <extensions>
          <ns3:TrackPointExtension>
            <ns3:hr>162</ns3:hr>
            <ns3:cad>60</ns3:cad>
          </ns3:TrackPointExtension>
        </extensions>
      </trkpt>
      <trkpt lat="3.90473448671400547027587890625" lon="11.48646245710551738739013671875">
        <ele>1015</ele>
        <time>2026-06-06T05:35:31.000Z</time>
        <extensions>
          <ns3:TrackPointExtension>
            <ns3:hr>159</ns3:hr>
            <ns3:cad>60</ns3:cad>
          </ns3:TrackPointExtension>
        </extensions>
      </trkpt>
      <trkpt lat="3.90477170236408710479736328125" lon="11.486490704119205474853515625">
        <ele>1015.5999755859375</ele>
        <time>2026-06-06T05:35:34.000Z</time>
        <extensions>
          <ns3:TrackPointExtension>
            <ns3:hr>155</ns3:hr>
            <ns3:cad>60</ns3:cad>
          </ns3:TrackPointExtension>
        </extensions>
      </trkpt>
      <trkpt lat="3.90478201210498809814453125" lon="11.4864985831081867218017578125">
        <ele>1015.5999755859375</ele>
        <time>2026-06-06T05:35:35.000Z</time>
        <extensions>
          <ns3:TrackPointExtension>
            <ns3:hr>149</ns3:hr>
            <ns3:cad>60</ns3:cad>
          </ns3:TrackPointExtension>
        </extensions>
      </trkpt>
      <trkpt lat="3.90479366295039653778076171875" lon="11.48650118149816989898681640625">
        <ele>1015.79998779296875</ele>
        <time>2026-06-06T05:35:36.000Z</time>
        <extensions>
          <ns3:TrackPointExtension>
            <ns3:hr>155</ns3:hr>
            <ns3:cad>60</ns3:cad>
          </ns3:TrackPointExtension>
        </extensions>
      </trkpt>
      <trkpt lat="3.90480522997677326202392578125" lon="11.48650788702070713043212890625">
        <ele>1016</ele>
        <time>2026-06-06T05:35:37.000Z</time>
        <extensions>
          <ns3:TrackPointExtension>
            <ns3:hr>159</ns3:hr>
            <ns3:cad>60</ns3:cad>
          </ns3:TrackPointExtension>
        </extensions>
      </trkpt>
      <trkpt lat="3.90481847338378429412841796875" lon="11.48651710711419582366943359375">
        <ele>1016.20001220703125</ele>
        <time>2026-06-06T05:35:38.000Z</time>
        <extensions>
          <ns3:TrackPointExtension>
            <ns3:hr>164</ns3:hr>
            <ns3:cad>60</ns3:cad>
          </ns3:TrackPointExtension>
        </extensions>
      </trkpt>
      <trkpt lat="3.90483356080949306488037109375" lon="11.4865230582654476165771484375">
        <ele>1016.4000244140625</ele>
        <time>2026-06-06T05:35:39.000Z</time>
        <extensions>
          <ns3:TrackPointExtension>
            <ns3:hr>169</ns3:hr>
            <ns3:cad>60</ns3:cad>
          </ns3:TrackPointExtension>
        </extensions>
      </trkpt>
      <trkpt lat="3.9048470556735992431640625" lon="11.4865250699222087860107421875">
        <ele>1016.5999755859375</ele>
        <time>2026-06-06T05:35:40.000Z</time>
        <extensions>
          <ns3:TrackPointExtension>
            <ns3:hr>174</ns3:hr>
            <ns3:cad>60</ns3:cad>
          </ns3:TrackPointExtension>
        </extensions>
      </trkpt>
      <trkpt lat="3.9048604667186737060546875" lon="11.48652548901736736297607421875">
        <ele>1016.5999755859375</ele>
        <time>2026-06-06T05:35:41.000Z</time>
        <extensions>
          <ns3:TrackPointExtension>
            <ns3:hr>179</ns3:hr>
            <ns3:cad>60</ns3:cad>
          </ns3:TrackPointExtension>
        </extensions>
      </trkpt>
      <trkpt lat="3.9048703573644161224365234375" lon="11.48652548901736736297607421875">
        <ele>1016.5999755859375</ele>
        <time>2026-06-06T05:35:42.000Z</time>
        <extensions>
          <ns3:TrackPointExtension>
            <ns3:hr>185</ns3:hr>
            <ns3:cad>60</ns3:cad>
          </ns3:TrackPointExtension>
        </extensions>
      </trkpt>
      <trkpt lat="3.90488720498979091644287109375" lon="11.4865180291235446929931640625">
        <ele>1016.79998779296875</ele>
        <time>2026-06-06T05:35:43.000Z</time>
        <extensions>
          <ns3:TrackPointExtension>
            <ns3:hr>184</ns3:hr>
            <ns3:cad>57</ns3:cad>
          </ns3:TrackPointExtension>
        </extensions>
      </trkpt>
      <trkpt lat="3.9049172960221767425537109375" lon="11.48649112321436405181884765625">
        <ele>1017.4000244140625</ele>
        <time>2026-06-06T05:35:48.000Z</time>
        <extensions>
          <ns3:TrackPointExtension>
            <ns3:hr>188</ns3:hr>
            <ns3:cad>57</ns3:cad>
          </ns3:TrackPointExtension>
        </extensions>
      </trkpt>
      <trkpt lat="3.9049243368208408355712890625" lon="11.4864808134734630584716796875">
        <ele>1017.5999755859375</ele>
        <time>2026-06-06T05:35:49.000Z</time>
        <extensions>
          <ns3:TrackPointExtension>
            <ns3:hr>188</ns3:hr>
            <ns3:cad>57</ns3:cad>
          </ns3:TrackPointExtension>
        </extensions>
      </trkpt>
      <trkpt lat="3.9049317128956317901611328125" lon="11.4864563383162021636962890625">
        <ele>1018.5999755859375</ele>
        <time>2026-06-06T05:35:52.000Z</time>
        <extensions>
          <ns3:TrackPointExtension>
            <ns3:hr>186</ns3:hr>
            <ns3:cad>57</ns3:cad>
          </ns3:TrackPointExtension>
        </extensions>
      </trkpt>
      <trkpt lat="3.9048629812896251678466796875" lon="11.486375369131565093994140625">
        <ele>1020</ele>
        <time>2026-06-06T05:36:00.000Z</time>
        <extensions>
          <ns3:TrackPointExtension>
            <ns3:hr>189</ns3:hr>
            <ns3:cad>60</ns3:cad>
          </ns3:TrackPointExtension>
        </extensions>
      </trkpt>
      <trkpt lat="3.90475963242352008819580078125" lon="11.4863453619182109832763671875">
        <ele>1018.20001220703125</ele>
        <time>2026-06-06T05:36:11.000Z</time>
        <extensions>
          <ns3:TrackPointExtension>
            <ns3:hr>187</ns3:hr>
            <ns3:cad>55</ns3:cad>
          </ns3:TrackPointExtension>
        </extensions>
      </trkpt>
      <trkpt lat="3.904752172529697418212890625" lon="11.48632247932255268096923828125">
        <ele>1018.79998779296875</ele>
        <time>2026-06-06T05:36:14.000Z</time>
        <extensions>
          <ns3:TrackPointExtension>
            <ns3:hr>187</ns3:hr>
            <ns3:cad>57</ns3:cad>
          </ns3:TrackPointExtension>
        </extensions>
      </trkpt>
      <trkpt lat="3.9047853648662567138671875" lon="11.4862407557666301727294921875">
        <ele>1022.20001220703125</ele>
        <time>2026-06-06T05:36:22.000Z</time>
        <extensions>
          <ns3:TrackPointExtension>
            <ns3:hr>188</ns3:hr>
            <ns3:cad>55</ns3:cad>
          </ns3:TrackPointExtension>
        </extensions>
      </trkpt>
      <trkpt lat="3.90483423136174678802490234375" lon="11.4862451143562793731689453125">
        <ele>1023.5999755859375</ele>
        <time>2026-06-06T05:36:32.000Z</time>
        <extensions>
          <ns3:TrackPointExtension>
            <ns3:hr>189</ns3:hr>
            <ns3:cad>56</ns3:cad>
          </ns3:TrackPointExtension>
        </extensions>
      </trkpt>
      <trkpt lat="3.91125175170600414276123046875" lon="11.51882104575634002685546875">
        <ele>788</ele>
        <time>2026-06-06T05:36:43.000Z</time>
        <extensions>
          <ns3:TrackPointExtension>
            <ns3:hr>189</ns3:hr>
            <ns3:cad>55</ns3:cad>
          </ns3:TrackPointExtension>
        </extensions>
      </trkpt>
      <trkpt lat="3.91123129986226558685302734375" lon="11.51890696026384830474853515625">
        <ele>788</ele>
        <time>2026-06-06T05:36:50.000Z</time>
        <extensions>
          <ns3:TrackPointExtension>
            <ns3:hr>190</ns3:hr>
            <ns3:cad>55</ns3:cad>
          </ns3:TrackPointExtension>
        </extensions>
      </trkpt>
      <trkpt lat="3.91124789603054523468017578125" lon="11.5187715925276279449462890625">
        <ele>788</ele>
        <time>2026-06-06T05:37:40.000Z</time>
        <extensions>
          <ns3:TrackPointExtension>
            <ns3:hr>193</ns3:hr>
            <ns3:cad>60</ns3:cad>
          </ns3:TrackPointExtension>
        </extensions>
      </trkpt>
      <trkpt lat="3.91124387271702289581298828125" lon="11.5187528170645236968994140625">
        <ele>788</ele>
        <time>2026-06-06T05:38:09.000Z</time>
        <extensions>
          <ns3:TrackPointExtension>
            <ns3:hr>190</ns3:hr>
            <ns3:cad>60</ns3:cad>
          </ns3:TrackPointExtension>
        </extensions>
      </trkpt>
      <trkpt lat="3.91124613583087921142578125" lon="11.5187561698257923126220703125">
        <ele>788</ele>
        <time>2026-06-06T05:38:12.000Z</time>
        <extensions>
          <ns3:TrackPointExtension>
            <ns3:hr>187</ns3:hr>
            <ns3:cad>60</ns3:cad>
          </ns3:TrackPointExtension>
        </extensions>
      </trkpt>
      <trkpt lat="3.91124772839248180389404296875" lon="11.51875709183514118194580078125">
        <ele>788</ele>
        <time>2026-06-06T05:38:13.000Z</time>
        <extensions>
          <ns3:TrackPointExtension>
            <ns3:hr>184</ns3:hr>
            <ns3:cad>60</ns3:cad>
          </ns3:TrackPointExtension>
        </extensions>
      </trkpt>
      <trkpt lat="3.91124873422086238861083984375" lon="11.51875625364482402801513671875">
        <ele>788</ele>
        <time>2026-06-06T05:38:15.000Z</time>
        <extensions>
          <ns3:TrackPointExtension>
            <ns3:hr>180</ns3:hr>
            <ns3:cad>60</ns3:cad>
          </ns3:TrackPointExtension>
        </extensions>
      </trkpt>
      <trkpt lat="3.9112521708011627197265625" lon="11.51875474490225315093994140625">
        <ele>788</ele>
        <time>2026-06-06T05:38:18.000Z</time>
        <extensions>
          <ns3:TrackPointExtension>
            <ns3:hr>176</ns3:hr>
            <ns3:cad>60</ns3:cad>
          </ns3:TrackPointExtension>
        </extensions>
      </trkpt>
      <trkpt lat="3.9112509973347187042236328125" lon="11.51875491254031658172607421875">
        <ele>788</ele>
        <time>2026-06-06T05:38:22.000Z</time>
        <extensions>
          <ns3:TrackPointExtension>
            <ns3:hr>173</ns3:hr>
            <ns3:cad>60</ns3:cad>
          </ns3:TrackPointExtension>
        </extensions>
      </trkpt>
      <trkpt lat="3.911248482763767242431640625" lon="11.51875474490225315093994140625">
        <ele>788</ele>
        <time>2026-06-06T05:38:25.000Z</time>
        <extensions>
          <ns3:TrackPointExtension>
            <ns3:hr>170</ns3:hr>
            <ns3:cad>0</ns3:cad>
          </ns3:TrackPointExtension>
        </extensions>
      </trkpt>
      <trkpt lat="3.9112468063831329345703125" lon="11.51875457726418972015380859375">
        <ele>788</ele>
        <time>2026-06-06T05:38:27.000Z</time>
        <extensions>
          <ns3:TrackPointExtension>
            <ns3:hr>167</ns3:hr>
            <ns3:cad>0</ns3:cad>
          </ns3:TrackPointExtension>
        </extensions>
      </trkpt>
      <trkpt lat="3.91124722547829151153564453125" lon="11.51875541545450687408447265625">
        <ele>788</ele>
        <time>2026-06-06T05:38:29.000Z</time>
        <extensions>
          <ns3:TrackPointExtension>
            <ns3:hr>164</ns3:hr>
            <ns3:cad>0</ns3:cad>
          </ns3:TrackPointExtension>
        </extensions>
      </trkpt>
      <trkpt lat="3.9112493209540843963623046875" lon="11.5187561698257923126220703125">
        <ele>788</ele>
        <time>2026-06-06T05:38:30.000Z</time>
        <extensions>
          <ns3:TrackPointExtension>
            <ns3:hr>161</ns3:hr>
            <ns3:cad>0</ns3:cad>
          </ns3:TrackPointExtension>
        </extensions>
      </trkpt>
      <trkpt lat="3.91124974004924297332763671875" lon="11.51875667273998260498046875">
        <ele>788</ele>
        <time>2026-06-06T05:38:31.000Z</time>
        <extensions>
          <ns3:TrackPointExtension>
            <ns3:hr>161</ns3:hr>
            <ns3:cad>60</ns3:cad>
          </ns3:TrackPointExtension>
        </extensions>
      </trkpt>
      <trkpt lat="3.91125015914440155029296875" lon="11.51875725947320461273193359375">
        <ele>788</ele>
        <time>2026-06-06T05:38:32.000Z</time>
        <extensions>
          <ns3:TrackPointExtension>
            <ns3:hr>164</ns3:hr>
            <ns3:cad>60</ns3:cad>
          </ns3:TrackPointExtension>
        </extensions>
      </trkpt>
      <trkpt lat="3.9112499915063381195068359375" lon="11.5187578462064266204833984375">
        <ele>788</ele>
        <time>2026-06-06T05:38:33.000Z</time>
        <extensions>
          <ns3:TrackPointExtension>
            <ns3:hr>190</ns3:hr>
            <ns3:cad>60</ns3:cad>
          </ns3:TrackPointExtension>
        </extensions>
      </trkpt>
      <trkpt lat="3.9112556912004947662353515625" lon="11.51877008378505706787109375">
        <ele>788</ele>
        <time>2026-06-06T05:38:56.000Z</time>
        <extensions>
          <ns3:TrackPointExtension>
            <ns3:hr>193</ns3:hr>
            <ns3:cad>57</ns3:cad>
          </ns3:TrackPointExtension>
        </extensions>
      </trkpt>
      <trkpt lat="3.9112548530101776123046875" lon="11.51875826530158519744873046875">
        <ele>788</ele>
        <time>2026-06-06T05:39:21.000Z</time>
        <extensions>
          <ns3:TrackPointExtension>
            <ns3:hr>189</ns3:hr>
            <ns3:cad>60</ns3:cad>
          </ns3:TrackPointExtension>
        </extensions>
      </trkpt>
      <trkpt lat="3.9112939126789569854736328125" lon="11.51902019977569580078125">
        <ele>787.20001220703125</ele>
        <time>2026-06-06T05:39:24.000Z</time>
        <extensions>
          <ns3:TrackPointExtension>
            <ns3:hr>183</ns3:hr>
            <ns3:cad>59</ns3:cad>
          </ns3:TrackPointExtension>
        </extensions>
      </trkpt>
      <trkpt lat="3.91124119050800800323486328125" lon="11.51882096193730831146240234375">
        <ele>788</ele>
        <time>2026-06-06T05:39:26.000Z</time>
        <extensions>
          <ns3:TrackPointExtension>
            <ns3:hr>179</ns3:hr>
            <ns3:cad>59</ns3:cad>
          </ns3:TrackPointExtension>
        </extensions>
      </trkpt>
      <trkpt lat="3.91128762625157833099365234375" lon="11.51882347650825977325439453125">
        <ele>788</ele>
        <time>2026-06-06T05:39:28.000Z</time>
        <extensions>
          <ns3:TrackPointExtension>
            <ns3:hr>175</ns3:hr>
            <ns3:cad>59</ns3:cad>
          </ns3:TrackPointExtension>
        </extensions>
      </trkpt>
      <trkpt lat="3.91127153299748897552490234375" lon="11.5187908709049224853515625">
        <ele>788</ele>
        <time>2026-06-06T05:39:30.000Z</time>
        <extensions>
          <ns3:TrackPointExtension>
            <ns3:hr>171</ns3:hr>
            <ns3:cad>59</ns3:cad>
          </ns3:TrackPointExtension>
        </extensions>
      </trkpt>
      <trkpt lat="3.91125728376209735870361328125" lon="11.51877402327954769134521484375">
        <ele>788</ele>
        <time>2026-06-06T05:39:32.000Z</time>
        <extensions>
          <ns3:TrackPointExtension>
            <ns3:hr>168</ns3:hr>
            <ns3:cad>59</ns3:cad>
          </ns3:TrackPointExtension>
        </extensions>
      </trkpt>
      <trkpt lat="3.91125175170600414276123046875" lon="11.51877687312662601470947265625">
        <ele>788</ele>
        <time>2026-06-06T05:39:35.000Z</time>
        <extensions>
          <ns3:TrackPointExtension>
            <ns3:hr>164</ns3:hr>
            <ns3:cad>59</ns3:cad>
          </ns3:TrackPointExtension>
        </extensions>
      </trkpt>
      <trkpt lat="3.91124856658279895782470703125" lon="11.518779136240482330322265625">
        <ele>788</ele>
        <time>2026-06-06T05:39:36.000Z</time>
        <extensions>
          <ns3:TrackPointExtension>
            <ns3:hr>161</ns3:hr>
            <ns3:cad>60</ns3:cad>
          </ns3:TrackPointExtension>
        </extensions>
      </trkpt>
      <trkpt lat="3.91125007532536983489990234375" lon="11.51878039352595806121826171875">
        <ele>788</ele>
        <time>2026-06-06T05:39:40.000Z</time>
        <extensions>
          <ns3:TrackPointExtension>
            <ns3:hr>157</ns3:hr>
            <ns3:cad>60</ns3:cad>
          </ns3:TrackPointExtension>
        </extensions>
      </trkpt>
      <trkpt lat="3.9112521708011627197265625" lon="11.51877117343246936798095703125">
        <ele>788</ele>
        <time>2026-06-06T05:39:43.000Z</time>
        <extensions>
          <ns3:TrackPointExtension>
            <ns3:hr>154</ns3:hr>
            <ns3:cad>60</ns3:cad>
          </ns3:TrackPointExtension>
        </extensions>
      </trkpt>
      <trkpt lat="3.911248147487640380859375" lon="11.518760360777378082275390625">
        <ele>788</ele>
        <time>2026-06-06T05:39:45.000Z</time>
        <extensions>
          <ns3:TrackPointExtension>
            <ns3:hr>151</ns3:hr>
            <ns3:cad>61</ns3:cad>
          </ns3:TrackPointExtension>
        </extensions>
      </trkpt>
      <trkpt lat="3.9112463034689426422119140625" lon="11.51874820701777935028076171875">
        <ele>788</ele>
        <time>2026-06-06T05:39:50.000Z</time>
        <extensions>
          <ns3:TrackPointExtension>
            <ns3:hr>148</ns3:hr>
            <ns3:cad>60</ns3:cad>
          </ns3:TrackPointExtension>
        </extensions>
      </trkpt>
      <trkpt lat="3.91124940477311611175537109375" lon="11.5187425911426544189453125">
        <ele>788</ele>
        <time>2026-06-06T05:39:54.000Z</time>
        <extensions>
          <ns3:TrackPointExtension>
            <ns3:hr>145</ns3:hr>
            <ns3:cad>64</ns3:cad>
          </ns3:TrackPointExtension>
        </extensions>
      </trkpt>
      <trkpt lat="3.91125493682920932769775390625" lon="11.5187427587807178497314453125">
        <ele>788</ele>
        <time>2026-06-06T05:39:57.000Z</time>
        <extensions>
          <ns3:TrackPointExtension>
            <ns3:hr>140</ns3:hr>
            <ns3:cad>60</ns3:cad>
          </ns3:TrackPointExtension>
        </extensions>
      </trkpt>
      <trkpt lat="3.91125543974339962005615234375" lon="11.5187464468181133270263671875">
        <ele>788</ele>
        <time>2026-06-06T05:39:59.000Z</time>
        <extensions>
          <ns3:TrackPointExtension>
            <ns3:hr>145</ns3:hr>
            <ns3:cad>61</ns3:cad>
          </ns3:TrackPointExtension>
        </extensions>
      </trkpt>
      <trkpt lat="3.91125694848597049713134765625" lon="11.5187477879226207733154296875">
        <ele>788</ele>
        <time>2026-06-06T05:40:00.000Z</time>
        <extensions>
          <ns3:TrackPointExtension>
            <ns3:hr>150</ns3:hr>
            <ns3:cad>60</ns3:cad>
          </ns3:TrackPointExtension>
        </extensions>
      </trkpt>
      <trkpt lat="3.91126030124723911285400390625" lon="11.51874669827520847320556640625">
        <ele>788</ele>
        <time>2026-06-06T05:40:01.000Z</time>
        <extensions>
          <ns3:TrackPointExtension>
            <ns3:hr>181</ns3:hr>
            <ns3:cad>60</ns3:cad>
          </ns3:TrackPointExtension>
        </extensions>
      </trkpt>
      <trkpt lat="3.91126113943755626678466796875" lon="11.5187467820942401885986328125">
        <ele>788</ele>
        <time>2026-06-06T05:40:02.000Z</time>
        <extensions>
          <ns3:TrackPointExtension>
            <ns3:hr>186</ns3:hr>
            <ns3:cad>60</ns3:cad>
          </ns3:TrackPointExtension>
        </extensions>
      </trkpt>
      <trkpt lat="3.91126583330333232879638671875" lon="11.5187722630798816680908203125">
        <ele>788</ele>
        <time>2026-06-06T05:40:03.000Z</time>
        <extensions>
          <ns3:TrackPointExtension>
            <ns3:hr>191</ns3:hr>
            <ns3:cad>60</ns3:cad>
          </ns3:TrackPointExtension>
        </extensions>
      </trkpt>
      <trkpt lat="3.91126046888530254364013671875" lon="11.51878927834331989288330078125">
        <ele>788</ele>
        <time>2026-06-06T05:40:06.000Z</time>
        <extensions>
          <ns3:TrackPointExtension>
            <ns3:hr>188</ns3:hr>
            <ns3:cad>62</ns3:cad>
          </ns3:TrackPointExtension>
        </extensions>
      </trkpt>
      <trkpt lat="3.91124856658279895782470703125" lon="11.51877083815634250640869140625">
        <ele>788</ele>
        <time>2026-06-06T05:40:16.000Z</time>
        <extensions>
          <ns3:TrackPointExtension>
            <ns3:hr>185</ns3:hr>
            <ns3:cad>60</ns3:cad>
          </ns3:TrackPointExtension>
        </extensions>
      </trkpt>
      <trkpt lat="3.91124202869832515716552734375" lon="11.51875809766352176666259765625">
        <ele>788</ele>
        <time>2026-06-06T05:40:27.000Z</time>
        <extensions>
          <ns3:TrackPointExtension>
            <ns3:hr>182</ns3:hr>
            <ns3:cad>60</ns3:cad>
          </ns3:TrackPointExtension>
        </extensions>
      </trkpt>
      <trkpt lat="3.911242783069610595703125" lon="11.51876094751060009002685546875">
        <ele>788</ele>
        <time>2026-06-06T05:40:29.000Z</time>
        <extensions>
          <ns3:TrackPointExtension>
            <ns3:hr>178</ns3:hr>
            <ns3:cad>60</ns3:cad>
          </ns3:TrackPointExtension>
        </extensions>
      </trkpt>
      <trkpt lat="3.9112452976405620574951171875" lon="11.51876128278672695159912109375">
        <ele>788</ele>
        <time>2026-06-06T05:40:31.000Z</time>
        <extensions>
          <ns3:TrackPointExtension>
            <ns3:hr>174</ns3:hr>
            <ns3:cad>60</ns3:cad>
          </ns3:TrackPointExtension>
        </extensions>
      </trkpt>
      <trkpt lat="3.9112523384392261505126953125" lon="11.51875264942646026611328125">
        <ele>788</ele>
        <time>2026-06-06T05:40:34.000Z</time>
        <extensions>
          <ns3:TrackPointExtension>
            <ns3:hr>171</ns3:hr>
            <ns3:cad>60</ns3:cad>
          </ns3:TrackPointExtension>
        </extensions>
      </trkpt>
      <trkpt lat="3.911253176629543304443359375" lon="11.51874594390392303466796875">
        <ele>788</ele>
        <time>2026-06-06T05:40:37.000Z</time>
        <extensions>
          <ns3:TrackPointExtension>
            <ns3:hr>168</ns3:hr>
            <ns3:cad>60</ns3:cad>
          </ns3:TrackPointExtension>
        </extensions>
      </trkpt>
      <trkpt lat="3.9112489856779575347900390625" lon="11.51874334551393985748291015625">
        <ele>788</ele>
        <time>2026-06-06T05:40:39.000Z</time>
        <extensions>
          <ns3:TrackPointExtension>
            <ns3:hr>165</ns3:hr>
            <ns3:cad>60</ns3:cad>
          </ns3:TrackPointExtension>
        </extensions>
      </trkpt>
      <trkpt lat="3.91124638728797435760498046875" lon="11.5187394060194492340087890625">
        <ele>788</ele>
        <time>2026-06-06T05:40:42.000Z</time>
        <extensions>
          <ns3:TrackPointExtension>
            <ns3:hr>161</ns3:hr>
            <ns3:cad>60</ns3:cad>
          </ns3:TrackPointExtension>
        </extensions>
      </trkpt>
      <trkpt lat="3.91124990768730640411376953125" lon="11.5187410824000835418701171875">
        <ele>788</ele>
        <time>2026-06-06T05:40:44.000Z</time>
        <extensions>
          <ns3:TrackPointExtension>
            <ns3:hr>155</ns3:hr>
            <ns3:cad>60</ns3:cad>
          </ns3:TrackPointExtension>
        </extensions>
      </trkpt>
      <trkpt lat="3.9112503267824649810791015625" lon="11.518738567829132080078125">
        <ele>788</ele>
        <time>2026-06-06T05:40:45.000Z</time>
        <extensions>
          <ns3:TrackPointExtension>
            <ns3:hr>163</ns3:hr>
            <ns3:cad>60</ns3:cad>
          </ns3:TrackPointExtension>
        </extensions>
      </trkpt>
      <trkpt lat="3.9112845249474048614501953125" lon="11.51877419091761112213134765625">
        <ele>788</ele>
        <time>2026-06-06T05:40:47.000Z</time>
        <extensions>
          <ns3:TrackPointExtension>
            <ns3:hr>170</ns3:hr>
            <ns3:cad>60</ns3:cad>
          </ns3:TrackPointExtension>
        </extensions>
      </trkpt>
      <trkpt lat="3.9112838543951511383056640625" lon="11.5187793038785457611083984375">
        <ele>788</ele>
        <time>2026-06-06T05:40:48.000Z</time>
        <extensions>
          <ns3:TrackPointExtension>
            <ns3:hr>179</ns3:hr>
            <ns3:cad>60</ns3:cad>
          </ns3:TrackPointExtension>
        </extensions>
      </trkpt>
      <trkpt lat="3.91127119772136211395263671875" lon="11.5188004262745380401611328125">
        <ele>788</ele>
        <time>2026-06-06T05:40:50.000Z</time>
        <extensions>
          <ns3:TrackPointExtension>
            <ns3:hr>183</ns3:hr>
            <ns3:cad>60</ns3:cad>
          </ns3:TrackPointExtension>
        </extensions>
      </trkpt>
      <trkpt lat="3.91128502786159515380859375" lon="11.51870596222579479217529296875">
        <ele>788</ele>
        <time>2026-06-06T05:41:05.000Z</time>
        <extensions>
          <ns3:TrackPointExtension>
            <ns3:hr>181</ns3:hr>
            <ns3:cad>0</ns3:cad>
          </ns3:TrackPointExtension>
        </extensions>
      </trkpt>
      <trkpt lat="3.91124881803989410400390625" lon="11.51872607879340648651123046875">
        <ele>788</ele>
        <time>2026-06-06T05:41:14.000Z</time>
        <extensions>
          <ns3:TrackPointExtension>
            <ns3:hr>178</ns3:hr>
            <ns3:cad>0</ns3:cad>
          </ns3:TrackPointExtension>
        </extensions>
      </trkpt>
      <trkpt lat="3.9112610556185245513916015625" lon="11.518752984702587127685546875">
        <ele>788</ele>
        <time>2026-06-06T05:41:18.000Z</time>
        <extensions>
          <ns3:TrackPointExtension>
            <ns3:hr>178</ns3:hr>
            <ns3:cad>0</ns3:cad>
          </ns3:TrackPointExtension>
        </extensions>
      </trkpt>
      <trkpt lat="3.9112530089914798736572265625" lon="11.518744267523288726806640625">
        <ele>788</ele>
        <time>2026-06-06T05:41:27.000Z</time>
        <extensions>
          <ns3:TrackPointExtension>
            <ns3:hr>175</ns3:hr>
            <ns3:cad>0</ns3:cad>
          </ns3:TrackPointExtension>
        </extensions>
      </trkpt>
      <trkpt lat="3.9112684316933155059814453125" lon="11.51876698248088359832763671875">
        <ele>788</ele>
        <time>2026-06-06T05:41:32.000Z</time>
        <extensions>
          <ns3:TrackPointExtension>
            <ns3:hr>172</ns3:hr>
            <ns3:cad>0</ns3:cad>
          </ns3:TrackPointExtension>
        </extensions>
      </trkpt>
      <trkpt lat="3.9112667553126811981201171875" lon="11.5187695808708667755126953125">
        <ele>788</ele>
        <time>2026-06-06T05:41:36.000Z</time>
        <extensions>
          <ns3:TrackPointExtension>
            <ns3:hr>169</ns3:hr>
            <ns3:cad>0</ns3:cad>
          </ns3:TrackPointExtension>
        </extensions>
      </trkpt>
      <trkpt lat="3.9112664200365543365478515625" lon="11.5187689103186130523681640625">
        <ele>788</ele>
        <time>2026-06-06T05:41:39.000Z</time>
        <extensions>
          <ns3:TrackPointExtension>
            <ns3:hr>166</ns3:hr>
            <ns3:cad>0</ns3:cad>
          </ns3:TrackPointExtension>
        </extensions>
      </trkpt>
      <trkpt lat="3.911265246570110321044921875" lon="11.518767736852169036865234375">
        <ele>788</ele>
        <time>2026-06-06T05:41:41.000Z</time>
        <extensions>
          <ns3:TrackPointExtension>
            <ns3:hr>163</ns3:hr>
            <ns3:cad>60</ns3:cad>
          </ns3:TrackPointExtension>
        </extensions>
      </trkpt>
      <trkpt lat="3.91126583330333232879638671875" lon="11.51876698248088359832763671875">
        <ele>788</ele>
        <time>2026-06-06T05:41:44.000Z</time>
        <extensions>
          <ns3:TrackPointExtension>
            <ns3:hr>159</ns3:hr>
            <ns3:cad>0</ns3:cad>
          </ns3:TrackPointExtension>
        </extensions>
      </trkpt>
      <trkpt lat="3.91126533038914203643798828125" lon="11.5187672339379787445068359375">
        <ele>788</ele>
        <time>2026-06-06T05:41:47.000Z</time>
        <extensions>
          <ns3:TrackPointExtension>
            <ns3:hr>156</ns3:hr>
            <ns3:cad>0</ns3:cad>
          </ns3:TrackPointExtension>
        </extensions>
      </trkpt>
      <trkpt lat="3.91123515553772449493408203125" lon="11.51877435855567455291748046875">
        <ele>788</ele>
        <time>2026-06-06T05:41:50.000Z</time>
        <extensions>
          <ns3:TrackPointExtension>
            <ns3:hr>153</ns3:hr>
            <ns3:cad>0</ns3:cad>
          </ns3:TrackPointExtension>
        </extensions>
      </trkpt>
      <trkpt lat="3.91124202869832515716552734375" lon="11.5187506377696990966796875">
        <ele>788</ele>
        <time>2026-06-06T05:41:52.000Z</time>
        <extensions>
          <ns3:TrackPointExtension>
            <ns3:hr>151</ns3:hr>
            <ns3:cad>60</ns3:cad>
          </ns3:TrackPointExtension>
        </extensions>
      </trkpt>
      <trkpt lat="3.911225013434886932373046875" lon="11.51874887757003307342529296875">
        <ele>788</ele>
        <time>2026-06-06T05:41:55.000Z</time>
        <extensions>
          <ns3:TrackPointExtension>
            <ns3:hr>148</ns3:hr>
            <ns3:cad>0</ns3:cad>
          </ns3:TrackPointExtension>
        </extensions>
      </trkpt>
      <trkpt lat="3.91122199594974517822265625" lon="11.5187514759600162506103515625">
        <ele>788</ele>
        <time>2026-06-06T05:41:59.000Z</time>
        <extensions>
          <ns3:TrackPointExtension>
            <ns3:hr>145</ns3:hr>
            <ns3:cad>0</ns3:cad>
          </ns3:TrackPointExtension>
        </extensions>
      </trkpt>
      <trkpt lat="3.91128846444189548492431640625" lon="11.51870646513998508453369140625">
        <ele>788</ele>
        <time>2026-06-06T05:42:03.000Z</time>
        <extensions>
          <ns3:TrackPointExtension>
            <ns3:hr>142</ns3:hr>
            <ns3:cad>0</ns3:cad>
          </ns3:TrackPointExtension>
        </extensions>
      </trkpt>
      <trkpt lat="3.9112831838428974151611328125" lon="11.51870763860642910003662109375">
        <ele>788</ele>
        <time>2026-06-06T05:42:06.000Z</time>
        <extensions>
          <ns3:TrackPointExtension>
            <ns3:hr>139</ns3:hr>
            <ns3:cad>60</ns3:cad>
          </ns3:TrackPointExtension>
        </extensions>
      </trkpt>
      <trkpt lat="3.91127832233905792236328125" lon="11.51870529167354106903076171875">
        <ele>788</ele>
        <time>2026-06-06T05:42:09.000Z</time>
        <extensions>
          <ns3:TrackPointExtension>
            <ns3:hr>135</ns3:hr>
            <ns3:cad>60</ns3:cad>
          </ns3:TrackPointExtension>
        </extensions>
      </trkpt>
      <trkpt lat="3.9112763106822967529296875" lon="11.51870612986385822296142578125">
        <ele>788</ele>
        <time>2026-06-06T05:42:12.000Z</time>
        <extensions>
          <ns3:TrackPointExtension>
            <ns3:hr>132</ns3:hr>
            <ns3:cad>60</ns3:cad>
          </ns3:TrackPointExtension>
        </extensions>
      </trkpt>
      <trkpt lat="3.9112711139023303985595703125" lon="11.51871652342379093170166015625">
        <ele>788</ele>
        <time>2026-06-06T05:42:17.000Z</time>
        <extensions>
          <ns3:TrackPointExtension>
            <ns3:hr>129</ns3:hr>
            <ns3:cad>61</ns3:cad>
          </ns3:TrackPointExtension>
        </extensions>
      </trkpt>
      <trkpt lat="3.911245800554752349853515625" lon="11.51876295916736125946044921875">
        <ele>788</ele>
        <time>2026-06-06T05:42:20.000Z</time>
        <extensions>
          <ns3:TrackPointExtension>
            <ns3:hr>127</ns3:hr>
            <ns3:cad>62</ns3:cad>
          </ns3:TrackPointExtension>
        </extensions>
      </trkpt>
      <trkpt lat="3.91122710891067981719970703125" lon="11.51876497082412242889404296875">
        <ele>788</ele>
        <time>2026-06-06T05:42:23.000Z</time>
        <extensions>
          <ns3:TrackPointExtension>
            <ns3:hr>132</ns3:hr>
            <ns3:cad>62</ns3:cad>
          </ns3:TrackPointExtension>
        </extensions>
      </trkpt>
      <trkpt lat="3.91123197041451930999755859375" lon="11.5187876857817173004150390625">
        <ele>788</ele>
        <time>2026-06-06T05:42:30.000Z</time>
        <extensions>
          <ns3:TrackPointExtension>
            <ns3:hr>135</ns3:hr>
            <ns3:cad>63</ns3:cad>
          </ns3:TrackPointExtension>
        </extensions>
      </trkpt>
      <trkpt lat="3.911237753927707672119140625" lon="11.51878626085817813873291015625">
        <ele>788</ele>
        <time>2026-06-06T05:42:38.000Z</time>
        <extensions>
          <ns3:TrackPointExtension>
            <ns3:hr>140</ns3:hr>
            <ns3:cad>65</ns3:cad>
          </ns3:TrackPointExtension>
        </extensions>
      </trkpt>
      <trkpt lat="3.91124051995575428009033203125" lon="11.51878978125751018524169921875">
        <ele>788</ele>
        <time>2026-06-06T05:42:39.000Z</time>
        <extensions>
          <ns3:TrackPointExtension>
            <ns3:hr>145</ns3:hr>
            <ns3:cad>65</ns3:cad>
          </ns3:TrackPointExtension>
        </extensions>
      </trkpt>
      <trkpt lat="3.91124521382153034210205078125" lon="11.5187907032668590545654296875">
        <ele>788</ele>
        <time>2026-06-06T05:42:40.000Z</time>
        <extensions>
          <ns3:TrackPointExtension>
            <ns3:hr>149</ns3:hr>
            <ns3:cad>63</ns3:cad>
          </ns3:TrackPointExtension>
        </extensions>
      </trkpt>
      <trkpt lat="3.911245800554752349853515625" lon="11.51879095472395420074462890625">
        <ele>788</ele>
        <time>2026-06-06T05:42:41.000Z</time>
        <extensions>
          <ns3:TrackPointExtension>
            <ns3:hr>153</ns3:hr>
            <ns3:cad>63</ns3:cad>
          </ns3:TrackPointExtension>
        </extensions>
      </trkpt>
      <trkpt lat="3.9112855307757854461669921875" lon="11.5187970735132694244384765625">
        <ele>788</ele>
        <time>2026-06-06T05:42:48.000Z</time>
        <extensions>
          <ns3:TrackPointExtension>
            <ns3:hr>152</ns3:hr>
            <ns3:cad>63</ns3:cad>
          </ns3:TrackPointExtension>
        </extensions>
      </trkpt>
      <trkpt lat="3.911265917122364044189453125" lon="11.51878274045884609222412109375">
        <ele>788</ele>
        <time>2026-06-06T05:42:51.000Z</time>
        <extensions>
          <ns3:TrackPointExtension>
            <ns3:hr>152</ns3:hr>
            <ns3:cad>60</ns3:cad>
          </ns3:TrackPointExtension>
        </extensions>
      </trkpt>
      <trkpt lat="3.9112761430442333221435546875" lon="11.51874317787587642669677734375">
        <ele>788</ele>
        <time>2026-06-06T05:43:31.000Z</time>
        <extensions>
          <ns3:TrackPointExtension>
            <ns3:hr>149</ns3:hr>
            <ns3:cad>65</ns3:cad>
          </ns3:TrackPointExtension>
        </extensions>
      </trkpt>
      <trkpt lat="3.9112731255590915679931640625" lon="11.518738232553005218505859375">
        <ele>788</ele>
        <time>2026-06-06T05:43:40.000Z</time>
        <extensions>
          <ns3:TrackPointExtension>
            <ns3:hr>146</ns3:hr>
            <ns3:cad>82</ns3:cad>
          </ns3:TrackPointExtension>
        </extensions>
      </trkpt>
      <trkpt lat="3.911271281540393829345703125" lon="11.51873731054365634918212890625">
        <ele>788</ele>
        <time>2026-06-06T05:43:41.000Z</time>
        <extensions>
          <ns3:TrackPointExtension>
            <ns3:hr>142</ns3:hr>
            <ns3:cad>81</ns3:cad>
          </ns3:TrackPointExtension>
        </extensions>
      </trkpt>
      <trkpt lat="3.91126063652336597442626953125" lon="11.51875306852161884307861328125">
        <ele>788</ele>
        <time>2026-06-06T05:43:42.000Z</time>
        <extensions>
          <ns3:TrackPointExtension>
            <ns3:hr>145</ns3:hr>
            <ns3:cad>80</ns3:cad>
          </ns3:TrackPointExtension>
        </extensions>
      </trkpt>
      <trkpt lat="3.9112650789320468902587890625" lon="11.5187605284154415130615234375">
        <ele>788</ele>
        <time>2026-06-06T05:43:47.000Z</time>
        <extensions>
          <ns3:TrackPointExtension>
            <ns3:hr>148</ns3:hr>
            <ns3:cad>83</ns3:cad>
          </ns3:TrackPointExtension>
        </extensions>
      </trkpt>
      <trkpt lat="3.9112647436559200286865234375" lon="11.51875910349190235137939453125">
        <ele>788</ele>
        <time>2026-06-06T05:43:48.000Z</time>
        <extensions>
          <ns3:TrackPointExtension>
            <ns3:hr>152</ns3:hr>
            <ns3:cad>84</ns3:cad>
          </ns3:TrackPointExtension>
        </extensions>
      </trkpt>
      <trkpt lat="3.91126365400850772857666015625" lon="11.51875977404415607452392578125">
        <ele>788</ele>
        <time>2026-06-06T05:43:49.000Z</time>
        <extensions>
          <ns3:TrackPointExtension>
            <ns3:hr>156</ns3:hr>
            <ns3:cad>84</ns3:cad>
          </ns3:TrackPointExtension>
        </extensions>
      </trkpt>
      <trkpt lat="3.91126851551234722137451171875" lon="11.51875206269323825836181640625">
        <ele>788</ele>
        <time>2026-06-06T05:43:58.000Z</time>
        <extensions>
          <ns3:TrackPointExtension>
            <ns3:hr>159</ns3:hr>
            <ns3:cad>83</ns3:cad>
          </ns3:TrackPointExtension>
        </extensions>
      </trkpt>
      <trkpt lat="3.91126415692269802093505859375" lon="11.51874887757003307342529296875">
        <ele>788</ele>
        <time>2026-06-06T05:44:00.000Z</time>
        <extensions>
          <ns3:TrackPointExtension>
            <ns3:hr>162</ns3:hr>
            <ns3:cad>82</ns3:cad>
          </ns3:TrackPointExtension>
        </extensions>
      </trkpt>
      <trkpt lat="3.911262564361095428466796875" lon="11.5187494643032550811767578125">
        <ele>788</ele>
        <time>2026-06-06T05:44:02.000Z</time>
        <extensions>
          <ns3:TrackPointExtension>
            <ns3:hr>168</ns3:hr>
            <ns3:cad>83</ns3:cad>
          </ns3:TrackPointExtension>
        </extensions>
      </trkpt>
      <trkpt lat="3.911262564361095428466796875" lon="11.51874996721744537353515625">
        <ele>788</ele>
        <time>2026-06-06T05:44:03.000Z</time>
        <extensions>
          <ns3:TrackPointExtension>
            <ns3:hr>167</ns3:hr>
            <ns3:cad>83</ns3:cad>
          </ns3:TrackPointExtension>
        </extensions>
      </trkpt>
      <trkpt lat="3.91126298345625400543212890625" lon="11.518751643598079681396484375">
        <ele>788</ele>
        <time>2026-06-06T05:44:04.000Z</time>
        <extensions>
          <ns3:TrackPointExtension>
            <ns3:hr>171</ns3:hr>
            <ns3:cad>83</ns3:cad>
          </ns3:TrackPointExtension>
        </extensions>
      </trkpt>
      <trkpt lat="3.91126700676977634429931640625" lon="11.5187689103186130523681640625">
        <ele>788</ele>
        <time>2026-06-06T05:44:09.000Z</time>
        <extensions>
          <ns3:TrackPointExtension>
            <ns3:hr>167</ns3:hr>
            <ns3:cad>83</ns3:cad>
          </ns3:TrackPointExtension>
        </extensions>
      </trkpt>
      <trkpt lat="3.91126625239849090576171875" lon="11.51876932941377162933349609375">
        <ele>788</ele>
        <time>2026-06-06T05:44:15.000Z</time>
        <extensions>
          <ns3:TrackPointExtension>
            <ns3:hr>170</ns3:hr>
            <ns3:cad>83</ns3:cad>
          </ns3:TrackPointExtension>
        </extensions>
      </trkpt>
      <trkpt lat="3.91126834787428379058837890625" lon="11.5187883563339710235595703125">
        <ele>788</ele>
        <time>2026-06-06T05:44:17.000Z</time>
        <extensions>
          <ns3:TrackPointExtension>
            <ns3:hr>173</ns3:hr>
            <ns3:cad>82</ns3:cad>
          </ns3:TrackPointExtension>
        </extensions>
      </trkpt>
      <trkpt lat="3.911267258226871490478515625" lon="11.51877787895500659942626953125">
        <ele>788</ele>
        <time>2026-06-06T05:44:21.000Z</time>
        <extensions>
          <ns3:TrackPointExtension>
            <ns3:hr>170</ns3:hr>
            <ns3:cad>82</ns3:cad>
          </ns3:TrackPointExtension>
        </extensions>
      </trkpt>
      <trkpt lat="3.9112664200365543365478515625" lon="11.51877502910792827606201171875">
        <ele>788</ele>
        <time>2026-06-06T05:44:25.000Z</time>
        <extensions>
          <ns3:TrackPointExtension>
            <ns3:hr>174</ns3:hr>
            <ns3:cad>80</ns3:cad>
          </ns3:TrackPointExtension>
        </extensions>
      </trkpt>
      <trkpt lat="3.91126164235174655914306640625" lon="11.51877452619373798370361328125">
        <ele>788</ele>
        <time>2026-06-06T05:44:27.000Z</time>
        <extensions>
          <ns3:TrackPointExtension>
            <ns3:hr>171</ns3:hr>
            <ns3:cad>82</ns3:cad>
          </ns3:TrackPointExtension>
        </extensions>
      </trkpt>
      <trkpt lat="3.9112628996372222900390625" lon="11.51878123171627521514892578125">
        <ele>788</ele>
        <time>2026-06-06T05:44:30.000Z</time>
        <extensions>
          <ns3:TrackPointExtension>
            <ns3:hr>177</ns3:hr>
            <ns3:cad>82</ns3:cad>
          </ns3:TrackPointExtension>
        </extensions>
      </trkpt>
      <trkpt lat="3.91126080416142940521240234375" lon="11.51878676377236843109130859375">
        <ele>788</ele>
        <time>2026-06-06T05:44:33.000Z</time>
        <extensions>
          <ns3:TrackPointExtension>
            <ns3:hr>172</ns3:hr>
            <ns3:cad>82</ns3:cad>
          </ns3:TrackPointExtension>
        </extensions>
      </trkpt>
      <trkpt lat="3.9112682640552520751953125" lon="11.51879028417170047760009765625">
        <ele>788</ele>
        <time>2026-06-06T05:44:34.000Z</time>
        <extensions>
          <ns3:TrackPointExtension>
            <ns3:hr>169</ns3:hr>
            <ns3:cad>82</ns3:cad>
          </ns3:TrackPointExtension>
        </extensions>
      </trkpt>
      <trkpt lat="3.91126549802720546722412109375" lon="11.51878575794398784637451171875">
        <ele>788</ele>
        <time>2026-06-06T05:44:35.000Z</time>
        <extensions>
          <ns3:TrackPointExtension>
            <ns3:hr>173</ns3:hr>
            <ns3:cad>81</ns3:cad>
          </ns3:TrackPointExtension>
        </extensions>
      </trkpt>
      <trkpt lat="3.91126264818012714385986328125" lon="11.5187843330204486846923828125">
        <ele>788</ele>
        <time>2026-06-06T05:44:36.000Z</time>
        <extensions>
          <ns3:TrackPointExtension>
            <ns3:hr>176</ns3:hr>
            <ns3:cad>81</ns3:cad>
          </ns3:TrackPointExtension>
        </extensions>
      </trkpt>
      <trkpt lat="3.9112640731036663055419921875" lon="11.51878139935433864593505859375">
        <ele>788</ele>
        <time>2026-06-06T05:44:44.000Z</time>
        <extensions>
          <ns3:TrackPointExtension>
            <ns3:hr>179</ns3:hr>
            <ns3:cad>77</ns3:cad>
          </ns3:TrackPointExtension>
        </extensions>
      </trkpt>
      <trkpt lat="3.91126264818012714385986328125" lon="11.51877720840275287628173828125">
        <ele>788</ele>
        <time>2026-06-06T05:44:51.000Z</time>
        <extensions>
          <ns3:TrackPointExtension>
            <ns3:hr>176</ns3:hr>
            <ns3:cad>81</ns3:cad>
          </ns3:TrackPointExtension>
        </extensions>
      </trkpt>
      <trkpt lat="3.91126281581819057464599609375" lon="11.5187719278037548065185546875">
        <ele>788</ele>
        <time>2026-06-06T05:44:54.000Z</time>
        <extensions>
          <ns3:TrackPointExtension>
            <ns3:hr>180</ns3:hr>
            <ns3:cad>82</ns3:cad>
          </ns3:TrackPointExtension>
        </extensions>
      </trkpt>
      <trkpt lat="3.91126130707561969757080078125" lon="11.51877083815634250640869140625">
        <ele>788</ele>
        <time>2026-06-06T05:44:58.000Z</time>
        <extensions>
          <ns3:TrackPointExtension>
            <ns3:hr>173</ns3:hr>
            <ns3:cad>80</ns3:cad>
          </ns3:TrackPointExtension>
        </extensions>
      </trkpt>
      <trkpt lat="3.91125476919114589691162109375" lon="11.5187756158411502838134765625">
        <ele>788</ele>
        <time>2026-06-06T05:45:06.000Z</time>
        <extensions>
          <ns3:TrackPointExtension>
            <ns3:hr>176</ns3:hr>
            <ns3:cad>78</ns3:cad>
          </ns3:TrackPointExtension>
        </extensions>
      </trkpt>
      <trkpt lat="3.91125946305692195892333984375" lon="11.51881408877670764923095703125">
        <ele>788</ele>
        <time>2026-06-06T05:45:16.000Z</time>
        <extensions>
          <ns3:TrackPointExtension>
            <ns3:hr>173</ns3:hr>
            <ns3:cad>79</ns3:cad>
          </ns3:TrackPointExtension>
        </extensions>
      </trkpt>
      <trkpt lat="3.91119542531669139862060546875" lon="11.51871887035667896270751953125">
        <ele>787.79998779296875</ele>
        <time>2026-06-06T05:45:34.000Z</time>
        <extensions>
          <ns3:TrackPointExtension>
            <ns3:hr>174</ns3:hr>
            <ns3:cad>81</ns3:cad>
          </ns3:TrackPointExtension>
        </extensions>
      </trkpt>
      <trkpt lat="3.911253511905670166015625" lon="11.5188192017376422882080078125">
        <ele>788</ele>
        <time>2026-06-06T05:45:45.000Z</time>
        <extensions>
          <ns3:TrackPointExtension>
            <ns3:hr>171</ns3:hr>
            <ns3:cad>84</ns3:cad>
          </ns3:TrackPointExtension>
        </extensions>
      </trkpt>
      <trkpt lat="3.91124873422086238861083984375" lon="11.5188302658498287200927734375">
        <ele>788</ele>
        <time>2026-06-06T05:45:46.000Z</time>
        <extensions>
          <ns3:TrackPointExtension>
            <ns3:hr>172</ns3:hr>
            <ns3:cad>84</ns3:cad>
          </ns3:TrackPointExtension>
        </extensions>
      </trkpt>
      <trkpt lat="3.91124219633638858795166015625" lon="11.5188205428421497344970703125">
        <ele>788</ele>
        <time>2026-06-06T05:45:48.000Z</time>
        <extensions>
          <ns3:TrackPointExtension>
            <ns3:hr>175</ns3:hr>
            <ns3:cad>84</ns3:cad>
          </ns3:TrackPointExtension>
        </extensions>
      </trkpt>
      <trkpt lat="3.911245800554752349853515625" lon="11.51883269660174846649169921875">
        <ele>788</ele>
        <time>2026-06-06T05:45:49.000Z</time>
        <extensions>
          <ns3:TrackPointExtension>
            <ns3:hr>177</ns3:hr>
            <ns3:cad>85</ns3:cad>
          </ns3:TrackPointExtension>
        </extensions>
      </trkpt>
      <trkpt lat="3.91221114434301853179931640625" lon="11.518478058278560638427734375">
        <ele>788.5999755859375</ele>
        <time>2026-06-06T05:46:04.000Z</time>
        <extensions>
          <ns3:TrackPointExtension>
            <ns3:hr>178</ns3:hr>
            <ns3:cad>84</ns3:cad>
          </ns3:TrackPointExtension>
        </extensions>
      </trkpt>
      <trkpt lat="3.9112603850662708282470703125" lon="11.51842198334634304046630859375">
        <ele>788</ele>
        <time>2026-06-06T05:46:11.000Z</time>
        <extensions>
          <ns3:TrackPointExtension>
            <ns3:hr>176</ns3:hr>
            <ns3:cad>85</ns3:cad>
          </ns3:TrackPointExtension>
        </extensions>
      </trkpt>
      <trkpt lat="3.9112707786262035369873046875" lon="11.51862666942179203033447265625">
        <ele>788</ele>
        <time>2026-06-06T05:46:22.000Z</time>
        <extensions>
          <ns3:TrackPointExtension>
            <ns3:hr>179</ns3:hr>
            <ns3:cad>85</ns3:cad>
          </ns3:TrackPointExtension>
        </extensions>
      </trkpt>
      <trkpt lat="3.911302797496318817138671875" lon="11.518703363835811614990234375">
        <ele>788</ele>
        <time>2026-06-06T05:46:23.000Z</time>
        <extensions>
          <ns3:TrackPointExtension>
            <ns3:hr>180</ns3:hr>
            <ns3:cad>85</ns3:cad>
          </ns3:TrackPointExtension>
        </extensions>
      </trkpt>
      <trkpt lat="3.91124051995575428009033203125" lon="11.5186740271747112274169921875">
        <ele>788</ele>
        <time>2026-06-06T05:46:34.000Z</time>
        <extensions>
          <ns3:TrackPointExtension>
            <ns3:hr>180</ns3:hr>
            <ns3:cad>85</ns3:cad>
          </ns3:TrackPointExtension>
        </extensions>
      </trkpt>
      <trkpt lat="3.9112489856779575347900390625" lon="11.51869087480008602142333984375">
        <ele>788</ele>
        <time>2026-06-06T05:46:37.000Z</time>
        <extensions>
          <ns3:TrackPointExtension>
            <ns3:hr>181</ns3:hr>
            <ns3:cad>86</ns3:cad>
          </ns3:TrackPointExtension>
        </extensions>
      </trkpt>
      <trkpt lat="3.911300115287303924560546875" lon="11.51876664720475673675537109375">
        <ele>788</ele>
        <time>2026-06-06T05:46:46.000Z</time>
        <extensions>
          <ns3:TrackPointExtension>
            <ns3:hr>182</ns3:hr>
            <ns3:cad>85</ns3:cad>
          </ns3:TrackPointExtension>
        </extensions>
      </trkpt>
      <trkpt lat="3.911267258226871490478515625" lon="11.5187424235045909881591796875">
        <ele>788</ele>
        <time>2026-06-06T05:46:49.000Z</time>
        <extensions>
          <ns3:TrackPointExtension>
            <ns3:hr>183</ns3:hr>
            <ns3:cad>84</ns3:cad>
          </ns3:TrackPointExtension>
        </extensions>
      </trkpt>
      <trkpt lat="3.91127966344356536865234375" lon="11.5187420882284641265869140625">
        <ele>788</ele>
        <time>2026-06-06T05:46:55.000Z</time>
        <extensions>
          <ns3:TrackPointExtension>
            <ns3:hr>181</ns3:hr>
            <ns3:cad>84</ns3:cad>
          </ns3:TrackPointExtension>
        </extensions>
      </trkpt>
      <trkpt lat="3.911286704242229461669921875" lon="11.518858261406421661376953125">
        <ele>788</ele>
        <time>2026-06-06T05:47:05.000Z</time>
        <extensions>
          <ns3:TrackPointExtension>
            <ns3:hr>181</ns3:hr>
            <ns3:cad>83</ns3:cad>
          </ns3:TrackPointExtension>
        </extensions>
      </trkpt>
      <trkpt lat="3.911267258226871490478515625" lon="11.51880805380642414093017578125">
        <ele>788</ele>
        <time>2026-06-06T05:47:09.000Z</time>
        <extensions>
          <ns3:TrackPointExtension>
            <ns3:hr>180</ns3:hr>
            <ns3:cad>85</ns3:cad>
          </ns3:TrackPointExtension>
        </extensions>
      </trkpt>
      <trkpt lat="3.911263234913349151611328125" lon="11.51880537159740924835205078125">
        <ele>788</ele>
        <time>2026-06-06T05:47:11.000Z</time>
        <extensions>
          <ns3:TrackPointExtension>
            <ns3:hr>182</ns3:hr>
            <ns3:cad>86</ns3:cad>
          </ns3:TrackPointExtension>
        </extensions>
      </trkpt>
      <trkpt lat="3.9113022945821285247802734375" lon="11.51852809824049472808837890625">
        <ele>788</ele>
        <time>2026-06-06T05:47:12.000Z</time>
        <extensions>
          <ns3:TrackPointExtension>
            <ns3:hr>182</ns3:hr>
            <ns3:cad>86</ns3:cad>
          </ns3:TrackPointExtension>
        </extensions>
      </trkpt>
      <trkpt lat="3.91126315109431743621826171875" lon="11.51873546652495861053466796875">
        <ele>788</ele>
        <time>2026-06-06T05:47:17.000Z</time>
        <extensions>
          <ns3:TrackPointExtension>
            <ns3:hr>180</ns3:hr>
            <ns3:cad>87</ns3:cad>
          </ns3:TrackPointExtension>
        </extensions>
      </trkpt>
      <trkpt lat="3.91126088798046112060546875" lon="11.51870193891227245330810546875">
        <ele>788</ele>
        <time>2026-06-06T05:47:22.000Z</time>
        <extensions>
          <ns3:TrackPointExtension>
            <ns3:hr>177</ns3:hr>
            <ns3:cad>86</ns3:cad>
          </ns3:TrackPointExtension>
        </extensions>
      </trkpt>
      <trkpt lat="3.9114504866302013397216796875" lon="11.51879648678004741668701171875">
        <ele>788</ele>
        <time>2026-06-06T05:47:49.000Z</time>
        <extensions>
          <ns3:TrackPointExtension>
            <ns3:hr>176</ns3:hr>
            <ns3:cad>84</ns3:cad>
          </ns3:TrackPointExtension>
        </extensions>
      </trkpt>
      <trkpt lat="3.91135166399180889129638671875" lon="11.51875399053096771240234375">
        <ele>788</ele>
        <time>2026-06-06T05:47:53.000Z</time>
        <extensions>
          <ns3:TrackPointExtension>
            <ns3:hr>175</ns3:hr>
            <ns3:cad>84</ns3:cad>
          </ns3:TrackPointExtension>
        </extensions>
      </trkpt>
      <trkpt lat="3.91131545417010784149169921875" lon="11.5187504701316356658935546875">
        <ele>788</ele>
        <time>2026-06-06T05:47:55.000Z</time>
        <extensions>
          <ns3:TrackPointExtension>
            <ns3:hr>172</ns3:hr>
            <ns3:cad>83</ns3:cad>
          </ns3:TrackPointExtension>
        </extensions>
      </trkpt>
      <trkpt lat="3.91148979775607585906982421875" lon="11.518813334405422210693359375">
        <ele>788</ele>
        <time>2026-06-06T05:48:01.000Z</time>
        <extensions>
          <ns3:TrackPointExtension>
            <ns3:hr>174</ns3:hr>
            <ns3:cad>84</ns3:cad>
          </ns3:TrackPointExtension>
        </extensions>
      </trkpt>
      <trkpt lat="3.91126365400850772857666015625" lon="11.51864427141845226287841796875">
        <ele>788</ele>
        <time>2026-06-06T05:48:17.000Z</time>
        <extensions>
          <ns3:TrackPointExtension>
            <ns3:hr>175</ns3:hr>
            <ns3:cad>85</ns3:cad>
          </ns3:TrackPointExtension>
        </extensions>
      </trkpt>
      <trkpt lat="3.9112789928913116455078125" lon="11.51867696084082126617431640625">
        <ele>788</ele>
        <time>2026-06-06T05:48:20.000Z</time>
        <extensions>
          <ns3:TrackPointExtension>
            <ns3:hr>174</ns3:hr>
            <ns3:cad>85</ns3:cad>
          </ns3:TrackPointExtension>
        </extensions>
      </trkpt>
      <trkpt lat="3.91127723269164562225341796875" lon="11.51865835301578044891357421875">
        <ele>788</ele>
        <time>2026-06-06T05:48:23.000Z</time>
        <extensions>
          <ns3:TrackPointExtension>
            <ns3:hr>174</ns3:hr>
            <ns3:cad>85</ns3:cad>
          </ns3:TrackPointExtension>
        </extensions>
      </trkpt>
      <trkpt lat="3.91126499511301517486572265625" lon="11.51867276988923549652099609375">
        <ele>788</ele>
        <time>2026-06-06T05:48:25.000Z</time>
        <extensions>
          <ns3:TrackPointExtension>
            <ns3:hr>173</ns3:hr>
            <ns3:cad>85</ns3:cad>
          </ns3:TrackPointExtension>
        </extensions>
      </trkpt>
      <trkpt lat="3.911280669271945953369140625" lon="11.518722809851169586181640625">
        <ele>788</ele>
        <time>2026-06-06T05:48:29.000Z</time>
        <extensions>
          <ns3:TrackPointExtension>
            <ns3:hr>172</ns3:hr>
            <ns3:cad>86</ns3:cad>
          </ns3:TrackPointExtension>
        </extensions>
      </trkpt>
      <trkpt lat="3.91128930263221263885498046875" lon="11.518710069358348846435546875">
        <ele>788</ele>
        <time>2026-06-06T05:48:35.000Z</time>
        <extensions>
          <ns3:TrackPointExtension>
            <ns3:hr>175</ns3:hr>
            <ns3:cad>85</ns3:cad>
          </ns3:TrackPointExtension>
        </extensions>
      </trkpt>
      <trkpt lat="3.91130380332469940185546875" lon="11.51872674934566020965576171875">
        <ele>788</ele>
        <time>2026-06-06T05:49:06.000Z</time>
        <extensions>
          <ns3:TrackPointExtension>
            <ns3:hr>178</ns3:hr>
            <ns3:cad>84</ns3:cad>
          </ns3:TrackPointExtension>
        </extensions>
      </trkpt>
      <trkpt lat="3.91129843890666961669921875" lon="11.518725492060184478759765625">
        <ele>788</ele>
        <time>2026-06-06T05:49:09.000Z</time>
        <extensions>
          <ns3:TrackPointExtension>
            <ns3:hr>175</ns3:hr>
            <ns3:cad>86</ns3:cad>
          </ns3:TrackPointExtension>
        </extensions>
      </trkpt>
      <trkpt lat="3.91127253882586956024169921875" lon="11.518783159554004669189453125">
        <ele>788</ele>
        <time>2026-06-06T05:49:35.000Z</time>
        <extensions>
          <ns3:TrackPointExtension>
            <ns3:hr>178</ns3:hr>
            <ns3:cad>84</ns3:cad>
          </ns3:TrackPointExtension>
        </extensions>
      </trkpt>
      <trkpt lat="3.91126549802720546722412109375" lon="11.51877854950726032257080078125">
        <ele>788</ele>
        <time>2026-06-06T05:49:45.000Z</time>
        <extensions>
          <ns3:TrackPointExtension>
            <ns3:hr>175</ns3:hr>
            <ns3:cad>87</ns3:cad>
          </ns3:TrackPointExtension>
        </extensions>
      </trkpt>
      <trkpt lat="3.911253176629543304443359375" lon="11.51876698248088359832763671875">
        <ele>788</ele>
        <time>2026-06-06T05:50:26.000Z</time>
        <extensions>
          <ns3:TrackPointExtension>
            <ns3:hr>178</ns3:hr>
            <ns3:cad>85</ns3:cad>
          </ns3:TrackPointExtension>
        </extensions>
      </trkpt>
      <trkpt lat="3.911360464990139007568359375" lon="11.5186039544641971588134765625">
        <ele>788</ele>
        <time>2026-06-06T05:50:58.000Z</time>
        <extensions>
          <ns3:TrackPointExtension>
            <ns3:hr>178</ns3:hr>
            <ns3:cad>85</ns3:cad>
          </ns3:TrackPointExtension>
        </extensions>
      </trkpt>
      <trkpt lat="3.9111561141908168792724609375" lon="11.518553160130977630615234375">
        <ele>787.79998779296875</ele>
        <time>2026-06-06T05:51:10.000Z</time>
        <extensions>
          <ns3:TrackPointExtension>
            <ns3:hr>182</ns3:hr>
            <ns3:cad>85</ns3:cad>
          </ns3:TrackPointExtension>
        </extensions>
      </trkpt>
      <trkpt lat="3.91125057823956012725830078125" lon="11.5186250768601894378662109375">
        <ele>788</ele>
        <time>2026-06-06T05:51:12.000Z</time>
        <extensions>
          <ns3:TrackPointExtension>
            <ns3:hr>186</ns3:hr>
            <ns3:cad>83</ns3:cad>
          </ns3:TrackPointExtension>
        </extensions>
      </trkpt>
      <trkpt lat="3.91131545417010784149169921875" lon="11.518656425178050994873046875">
        <ele>788</ele>
        <time>2026-06-06T05:51:14.000Z</time>
        <extensions>
          <ns3:TrackPointExtension>
            <ns3:hr>182</ns3:hr>
            <ns3:cad>84</ns3:cad>
          </ns3:TrackPointExtension>
        </extensions>
      </trkpt>
      <trkpt lat="3.911301456391811370849609375" lon="11.51866673491895198822021484375">
        <ele>788</ele>
        <time>2026-06-06T05:51:17.000Z</time>
        <extensions>
          <ns3:TrackPointExtension>
            <ns3:hr>180</ns3:hr>
            <ns3:cad>84</ns3:cad>
          </ns3:TrackPointExtension>
        </extensions>
      </trkpt>
      <trkpt lat="3.911282010376453399658203125" lon="11.51871250011026859283447265625">
        <ele>788</ele>
        <time>2026-06-06T05:51:19.000Z</time>
        <extensions>
          <ns3:TrackPointExtension>
            <ns3:hr>180</ns3:hr>
            <ns3:cad>84</ns3:cad>
          </ns3:TrackPointExtension>
        </extensions>
      </trkpt>
      <trkpt lat="3.91128293238580226898193359375" lon="11.5187357179820537567138671875">
        <ele>788</ele>
        <time>2026-06-06T05:51:21.000Z</time>
        <extensions>
          <ns3:TrackPointExtension>
            <ns3:hr>180</ns3:hr>
            <ns3:cad>84</ns3:cad>
          </ns3:TrackPointExtension>
        </extensions>
      </trkpt>
      <trkpt lat="3.911304473876953125" lon="11.51881006546318531036376953125">
        <ele>788</ele>
        <time>2026-06-06T05:51:54.000Z</time>
        <extensions>
          <ns3:TrackPointExtension>
            <ns3:hr>183</ns3:hr>
            <ns3:cad>86</ns3:cad>
          </ns3:TrackPointExtension>
        </extensions>
      </trkpt>
      <trkpt lat="3.9112999476492404937744140625" lon="11.51880654506385326385498046875">
        <ele>788</ele>
        <time>2026-06-06T05:51:57.000Z</time>
        <extensions>
          <ns3:TrackPointExtension>
            <ns3:hr>180</ns3:hr>
            <ns3:cad>87</ns3:cad>
          </ns3:TrackPointExtension>
        </extensions>
      </trkpt>
      <trkpt lat="3.91130137257277965545654296875" lon="11.51880637742578983306884765625">
        <ele>788</ele>
        <time>2026-06-06T05:51:58.000Z</time>
        <extensions>
          <ns3:TrackPointExtension>
            <ns3:hr>175</ns3:hr>
            <ns3:cad>87</ns3:cad>
          </ns3:TrackPointExtension>
        </extensions>
      </trkpt>
      <trkpt lat="3.911303468048572540283203125" lon="11.5188064612448215484619140625">
        <ele>788</ele>
        <time>2026-06-06T05:51:59.000Z</time>
        <extensions>
          <ns3:TrackPointExtension>
            <ns3:hr>171</ns3:hr>
            <ns3:cad>87</ns3:cad>
          </ns3:TrackPointExtension>
        </extensions>
      </trkpt>
      <trkpt lat="3.9113093353807926177978515625" lon="11.5188138373196125030517578125">
        <ele>788</ele>
        <time>2026-06-06T05:52:09.000Z</time>
        <extensions>
          <ns3:TrackPointExtension>
            <ns3:hr>168</ns3:hr>
            <ns3:cad>84</ns3:cad>
          </ns3:TrackPointExtension>
        </extensions>
      </trkpt>
      <trkpt lat="3.9113123528659343719482421875" lon="11.5188178606331348419189453125">
        <ele>788</ele>
        <time>2026-06-06T05:52:16.000Z</time>
        <extensions>
          <ns3:TrackPointExtension>
            <ns3:hr>172</ns3:hr>
            <ns3:cad>85</ns3:cad>
          </ns3:TrackPointExtension>
        </extensions>
      </trkpt>
      <trkpt lat="3.91129307448863983154296875" lon="11.51882104575634002685546875">
        <ele>788</ele>
        <time>2026-06-06T05:52:25.000Z</time>
        <extensions>
          <ns3:TrackPointExtension>
            <ns3:hr>175</ns3:hr>
            <ns3:cad>85</ns3:cad>
          </ns3:TrackPointExtension>
        </extensions>
      </trkpt>
      <trkpt lat="3.91128745861351490020751953125" lon="11.51882532052695751190185546875">
        <ele>788</ele>
        <time>2026-06-06T05:52:26.000Z</time>
        <extensions>
          <ns3:TrackPointExtension>
            <ns3:hr>178</ns3:hr>
            <ns3:cad>84</ns3:cad>
          </ns3:TrackPointExtension>
        </extensions>
      </trkpt>
      <trkpt lat="3.91125644557178020477294921875" lon="11.518822722136974334716796875">
        <ele>788</ele>
        <time>2026-06-06T05:52:40.000Z</time>
        <extensions>
          <ns3:TrackPointExtension>
            <ns3:hr>175</ns3:hr>
            <ns3:cad>84</ns3:cad>
          </ns3:TrackPointExtension>
        </extensions>
      </trkpt>
      <trkpt lat="3.911243118345737457275390625" lon="11.51882163248956203460693359375">
        <ele>788</ele>
        <time>2026-06-06T05:52:45.000Z</time>
        <extensions>
          <ns3:TrackPointExtension>
            <ns3:hr>180</ns3:hr>
            <ns3:cad>84</ns3:cad>
          </ns3:TrackPointExtension>
        </extensions>
      </trkpt>
      <trkpt lat="3.91220678575336933135986328125" lon="11.51932907290756702423095703125">
        <ele>781.79998779296875</ele>
        <time>2026-06-06T05:52:56.000Z</time>
        <extensions>
          <ns3:TrackPointExtension>
            <ns3:hr>182</ns3:hr>
            <ns3:cad>85</ns3:cad>
          </ns3:TrackPointExtension>
        </extensions>
      </trkpt>
      <trkpt lat="3.91219639219343662261962890625" lon="11.5192929469048976898193359375">
        <ele>782.20001220703125</ele>
        <time>2026-06-06T05:53:01.000Z</time>
        <extensions>
          <ns3:TrackPointExtension>
            <ns3:hr>179</ns3:hr>
            <ns3:cad>86</ns3:cad>
          </ns3:TrackPointExtension>
        </extensions>
      </trkpt>
      <trkpt lat="3.91139927320182323455810546875" lon="11.518740914762020111083984375">
        <ele>788</ele>
        <time>2026-06-06T05:53:02.000Z</time>
        <extensions>
          <ns3:TrackPointExtension>
            <ns3:hr>177</ns3:hr>
            <ns3:cad>86</ns3:cad>
          </ns3:TrackPointExtension>
        </extensions>
      </trkpt>
      <trkpt lat="3.9169711433351039886474609375" lon="11.527779288589954376220703125">
        <ele>748.4000244140625</ele>
        <time>2026-06-06T05:53:15.000Z</time>
        <extensions>
          <ns3:TrackPointExtension>
            <ns3:hr>177</ns3:hr>
            <ns3:cad>85</ns3:cad>
          </ns3:TrackPointExtension>
        </extensions>
      </trkpt>
      <trkpt lat="3.913877047598361968994140625" lon="11.521059684455394744873046875">
        <ele>767</ele>
        <time>2026-06-06T05:53:23.000Z</time>
        <extensions>
          <ns3:TrackPointExtension>
            <ns3:hr>179</ns3:hr>
            <ns3:cad>86</ns3:cad>
          </ns3:TrackPointExtension>
        </extensions>
      </trkpt>
      <trkpt lat="3.91368770040571689605712890625" lon="11.52112011797726154327392578125">
        <ele>764.5999755859375</ele>
        <time>2026-06-06T05:53:24.000Z</time>
        <extensions>
          <ns3:TrackPointExtension>
            <ns3:hr>181</ns3:hr>
            <ns3:cad>86</ns3:cad>
          </ns3:TrackPointExtension>
        </extensions>
      </trkpt>
      <trkpt lat="3.91151611693203449249267578125" lon="11.51911064051091670989990234375">
        <ele>787.20001220703125</ele>
        <time>2026-06-06T05:53:39.000Z</time>
        <extensions>
          <ns3:TrackPointExtension>
            <ns3:hr>183</ns3:hr>
            <ns3:cad>87</ns3:cad>
          </ns3:TrackPointExtension>
        </extensions>
      </trkpt>
      <trkpt lat="3.91150438226759433746337890625" lon="11.51908214204013347625732421875">
        <ele>787.4000244140625</ele>
        <time>2026-06-06T05:53:41.000Z</time>
        <extensions>
          <ns3:TrackPointExtension>
            <ns3:hr>178</ns3:hr>
            <ns3:cad>85</ns3:cad>
          </ns3:TrackPointExtension>
        </extensions>
      </trkpt>
      <trkpt lat="3.9115123450756072998046875" lon="11.51909354142844676971435546875">
        <ele>787.20001220703125</ele>
        <time>2026-06-06T05:53:44.000Z</time>
        <extensions>
          <ns3:TrackPointExtension>
            <ns3:hr>177</ns3:hr>
            <ns3:cad>84</ns3:cad>
          </ns3:TrackPointExtension>
        </extensions>
      </trkpt>
      <trkpt lat="3.911744020879268646240234375" lon="11.51932152919471263885498046875">
        <ele>785.4000244140625</ele>
        <time>2026-06-06T05:53:45.000Z</time>
        <extensions>
          <ns3:TrackPointExtension>
            <ns3:hr>177</ns3:hr>
            <ns3:cad>84</ns3:cad>
          </ns3:TrackPointExtension>
        </extensions>
      </trkpt>
      <trkpt lat="3.911372534930706024169921875" lon="11.51891483925282955169677734375">
        <ele>788</ele>
        <time>2026-06-06T05:53:57.000Z</time>
        <extensions>
          <ns3:TrackPointExtension>
            <ns3:hr>179</ns3:hr>
            <ns3:cad>83</ns3:cad>
          </ns3:TrackPointExtension>
        </extensions>
      </trkpt>
      <trkpt lat="3.91147973947227001190185546875" lon="11.5189647115767002105712890625">
        <ele>787.79998779296875</ele>
        <time>2026-06-06T05:54:00.000Z</time>
        <extensions>
          <ns3:TrackPointExtension>
            <ns3:hr>180</ns3:hr>
            <ns3:cad>82</ns3:cad>
          </ns3:TrackPointExtension>
        </extensions>
      </trkpt>
      <trkpt lat="3.91146549023687839508056640625" lon="11.51891634799540042877197265625">
        <ele>788</ele>
        <time>2026-06-06T05:54:04.000Z</time>
        <extensions>
          <ns3:TrackPointExtension>
            <ns3:hr>182</ns3:hr>
            <ns3:cad>66</ns3:cad>
          </ns3:TrackPointExtension>
        </extensions>
      </trkpt>
      <trkpt lat="3.9115316234529018402099609375" lon="11.5185092389583587646484375">
        <ele>787.79998779296875</ele>
        <time>2026-06-06T05:54:07.000Z</time>
        <extensions>
          <ns3:TrackPointExtension>
            <ns3:hr>186</ns3:hr>
            <ns3:cad>62</ns3:cad>
          </ns3:TrackPointExtension>
        </extensions>
      </trkpt>
      <trkpt lat="3.911525420844554901123046875" lon="11.51859104633331298828125">
        <ele>787.79998779296875</ele>
        <time>2026-06-06T05:54:15.000Z</time>
        <extensions>
          <ns3:TrackPointExtension>
            <ns3:hr>183</ns3:hr>
            <ns3:cad>63</ns3:cad>
          </ns3:TrackPointExtension>
        </extensions>
      </trkpt>
      <trkpt lat="3.91152081079781055450439453125" lon="11.518702022731304168701171875">
        <ele>788</ele>
        <time>2026-06-06T05:54:22.000Z</time>
        <extensions>
          <ns3:TrackPointExtension>
            <ns3:hr>180</ns3:hr>
            <ns3:cad>64</ns3:cad>
          </ns3:TrackPointExtension>
        </extensions>
      </trkpt>
      <trkpt lat="3.91147672198712825775146484375" lon="11.51875122450292110443115234375">
        <ele>788</ele>
        <time>2026-06-06T05:54:23.000Z</time>
        <extensions>
          <ns3:TrackPointExtension>
            <ns3:hr>184</ns3:hr>
            <ns3:cad>64</ns3:cad>
          </ns3:TrackPointExtension>
        </extensions>
      </trkpt>
      <trkpt lat="3.91148812137544155120849609375" lon="11.51878123171627521514892578125">
        <ele>788</ele>
        <time>2026-06-06T05:54:29.000Z</time>
        <extensions>
          <ns3:TrackPointExtension>
            <ns3:hr>183</ns3:hr>
            <ns3:cad>62</ns3:cad>
          </ns3:TrackPointExtension>
        </extensions>
      </trkpt>
      <trkpt lat="3.9114652387797832489013671875" lon="11.5187908709049224853515625">
        <ele>788</ele>
        <time>2026-06-06T05:54:31.000Z</time>
        <extensions>
          <ns3:TrackPointExtension>
            <ns3:hr>182</ns3:hr>
            <ns3:cad>64</ns3:cad>
          </ns3:TrackPointExtension>
        </extensions>
      </trkpt>
      <trkpt lat="3.91426269896328449249267578125" lon="11.52225117199122905731201171875">
        <ele>768</ele>
        <time>2026-06-06T05:54:33.000Z</time>
        <extensions>
          <ns3:TrackPointExtension>
            <ns3:hr>181</ns3:hr>
            <ns3:cad>125</ns3:cad>
          </ns3:TrackPointExtension>
        </extensions>
      </trkpt>
      <trkpt lat="3.9135704375803470611572265625" lon="11.51924441568553447723388671875">
        <ele>769.5999755859375</ele>
        <time>2026-06-06T05:54:34.000Z</time>
        <extensions>
          <ns3:TrackPointExtension>
            <ns3:hr>180</ns3:hr>
            <ns3:cad>65</ns3:cad>
          </ns3:TrackPointExtension>
        </extensions>
      </trkpt>
      <trkpt lat="3.9141784608364105224609375" lon="11.5189858339726924896240234375">
        <ele>776.20001220703125</ele>
        <time>2026-06-06T05:54:37.000Z</time>
        <extensions>
          <ns3:TrackPointExtension>
            <ns3:hr>176</ns3:hr>
            <ns3:cad>64</ns3:cad>
          </ns3:TrackPointExtension>
        </extensions>
      </trkpt>
      <trkpt lat="3.91088294796645641326904296875" lon="11.51844578795135021209716796875">
        <ele>786.5999755859375</ele>
        <time>2026-06-06T05:54:50.000Z</time>
        <extensions>
          <ns3:TrackPointExtension>
            <ns3:hr>167</ns3:hr>
            <ns3:cad>63</ns3:cad>
          </ns3:TrackPointExtension>
        </extensions>
      </trkpt>
      <trkpt lat="3.91117447055876255035400390625" lon="11.5184725262224674224853515625">
        <ele>787.79998779296875</ele>
        <time>2026-06-06T05:55:29.000Z</time>
        <extensions>
          <ns3:TrackPointExtension>
            <ns3:hr>158</ns3:hr>
            <ns3:cad>62</ns3:cad>
          </ns3:TrackPointExtension>
        </extensions>
      </trkpt>
      <trkpt lat="3.91130573116242885589599609375" lon="11.51884191669523715972900390625">
        <ele>788</ele>
        <time>2026-06-06T05:55:43.000Z</time>
        <extensions>
          <ns3:TrackPointExtension>
            <ns3:hr>156</ns3:hr>
            <ns3:cad>60</ns3:cad>
          </ns3:TrackPointExtension>
        </extensions>
      </trkpt>
      <trkpt lat="3.91124035231769084930419921875" lon="11.5188249014317989349365234375">
        <ele>788</ele>
        <time>2026-06-06T05:55:50.000Z</time>
        <extensions>
          <ns3:TrackPointExtension>
            <ns3:hr>153</ns3:hr>
            <ns3:cad>60</ns3:cad>
          </ns3:TrackPointExtension>
        </extensions>
      </trkpt>
      <trkpt lat="3.9112637378275394439697265625" lon="11.51880897581577301025390625">
        <ele>788</ele>
        <time>2026-06-06T05:55:59.000Z</time>
        <extensions>
          <ns3:TrackPointExtension>
            <ns3:hr>160</ns3:hr>
            <ns3:cad>62</ns3:cad>
          </ns3:TrackPointExtension>
        </extensions>
      </trkpt>
      <trkpt lat="3.911253176629543304443359375" lon="11.51879766024649143218994140625">
        <ele>788</ele>
        <time>2026-06-06T05:56:00.000Z</time>
        <extensions>
          <ns3:TrackPointExtension>
            <ns3:hr>163</ns3:hr>
            <ns3:cad>60</ns3:cad>
          </ns3:TrackPointExtension>
        </extensions>
      </trkpt>
      <trkpt lat="3.911253176629543304443359375" lon="11.51879766024649143218994140625">
        <ele>788</ele>
        <time>2026-06-06T05:56:01.000Z</time>
        <extensions>
          <ns3:TrackPointExtension>
            <ns3:hr>163</ns3:hr>
            <ns3:cad>60</ns3:cad>
          </ns3:TrackPointExtension>
        </extensions>
      </trkpt>
      <trkpt lat="3.91124605201184749603271484375" lon="11.51878525502979755401611328125">
        <ele>788</ele>
        <time>2026-06-06T05:56:07.000Z</time>
        <extensions>
          <ns3:TrackPointExtension>
            <ns3:hr>166</ns3:hr>
            <ns3:cad>60</ns3:cad>
          </ns3:TrackPointExtension>
        </extensions>
      </trkpt>
      <trkpt lat="3.91128502786159515380859375" lon="11.5188245661556720733642578125">
        <ele>788</ele>
        <time>2026-06-06T05:56:29.000Z</time>
        <extensions>
          <ns3:TrackPointExtension>
            <ns3:hr>169</ns3:hr>
            <ns3:cad>60</ns3:cad>
          </ns3:TrackPointExtension>
        </extensions>
      </trkpt>
      <trkpt lat="3.91128913499414920806884765625" lon="11.51882666163146495819091796875">
        <ele>788</ele>
        <time>2026-06-06T05:56:30.000Z</time>
        <extensions>
          <ns3:TrackPointExtension>
            <ns3:hr>173</ns3:hr>
            <ns3:cad>60</ns3:cad>
          </ns3:TrackPointExtension>
        </extensions>
      </trkpt>
      <trkpt lat="3.91128913499414920806884765625" lon="11.51882666163146495819091796875">
        <ele>788</ele>
        <time>2026-06-06T05:56:31.000Z</time>
        <extensions>
          <ns3:TrackPointExtension>
            <ns3:hr>176</ns3:hr>
            <ns3:cad>60</ns3:cad>
          </ns3:TrackPointExtension>
        </extensions>
      </trkpt>
      <trkpt lat="3.91133598983287811279296875" lon="11.518850214779376983642578125">
        <ele>788</ele>
        <time>2026-06-06T05:56:48.000Z</time>
        <extensions>
          <ns3:TrackPointExtension>
            <ns3:hr>179</ns3:hr>
            <ns3:cad>60</ns3:cad>
          </ns3:TrackPointExtension>
        </extensions>
      </trkpt>
      <trkpt lat="3.91159859485924243927001953125" lon="11.5191541425883769989013671875">
        <ele>787</ele>
        <time>2026-06-06T05:56:58.000Z</time>
        <extensions>
          <ns3:TrackPointExtension>
            <ns3:hr>179</ns3:hr>
            <ns3:cad>66</ns3:cad>
          </ns3:TrackPointExtension>
        </extensions>
      </trkpt>
      <trkpt lat="3.9113971777260303497314453125" lon="11.51886136271059513092041015625">
        <ele>788</ele>
        <time>2026-06-06T05:57:01.000Z</time>
        <extensions>
          <ns3:TrackPointExtension>
            <ns3:hr>176</ns3:hr>
            <ns3:cad>66</ns3:cad>
          </ns3:TrackPointExtension>
        </extensions>
      </trkpt>
      <trkpt lat="3.91152332536876201629638671875" lon="11.51921591721475124359130859375">
        <ele>786.5999755859375</ele>
        <time>2026-06-06T05:57:02.000Z</time>
        <extensions>
          <ns3:TrackPointExtension>
            <ns3:hr>175</ns3:hr>
            <ns3:cad>64</ns3:cad>
          </ns3:TrackPointExtension>
        </extensions>
      </trkpt>
      <trkpt lat="3.9114377461373805999755859375" lon="11.519045345485210418701171875">
        <ele>787.4000244140625</ele>
        <time>2026-06-06T05:57:07.000Z</time>
        <extensions>
          <ns3:TrackPointExtension>
            <ns3:hr>177</ns3:hr>
            <ns3:cad>63</ns3:cad>
          </ns3:TrackPointExtension>
        </extensions>
      </trkpt>
      <trkpt lat="3.91118503175675868988037109375" lon="11.5186069719493389129638671875">
        <ele>787.79998779296875</ele>
        <time>2026-06-06T05:57:13.000Z</time>
        <extensions>
          <ns3:TrackPointExtension>
            <ns3:hr>174</ns3:hr>
            <ns3:cad>62</ns3:cad>
          </ns3:TrackPointExtension>
        </extensions>
      </trkpt>
      <trkpt lat="3.908851929008960723876953125" lon="11.50792566128075122833251953125">
        <ele>786.4000244140625</ele>
        <time>2026-06-06T05:57:22.000Z</time>
        <extensions>
          <ns3:TrackPointExtension>
            <ns3:hr>159</ns3:hr>
            <ns3:cad>60</ns3:cad>
          </ns3:TrackPointExtension>
        </extensions>
      </trkpt>
      <trkpt lat="3.91552828252315521240234375" lon="11.52105172164738178253173828125">
        <ele>777.20001220703125</ele>
        <time>2026-06-06T05:57:37.000Z</time>
        <extensions>
          <ns3:TrackPointExtension>
            <ns3:hr>148</ns3:hr>
            <ns3:cad>60</ns3:cad>
          </ns3:TrackPointExtension>
        </extensions>
      </trkpt>
      <trkpt lat="3.89915079809725284576416015625" lon="11.491405852138996124267578125">
        <ele>816.20001220703125</ele>
        <time>2026-06-06T05:58:00.000Z</time>
        <extensions>
          <ns3:TrackPointExtension>
            <ns3:hr>145</ns3:hr>
            <ns3:cad>60</ns3:cad>
          </ns3:TrackPointExtension>
        </extensions>
      </trkpt>
      <trkpt lat="3.89928474090993404388427734375" lon="11.49154163897037506103515625">
        <ele>818.4000244140625</ele>
        <time>2026-06-06T05:58:14.000Z</time>
        <extensions>
          <ns3:TrackPointExtension>
            <ns3:hr>146</ns3:hr>
            <ns3:cad>62</ns3:cad>
          </ns3:TrackPointExtension>
        </extensions>
      </trkpt>
      <trkpt lat="3.899452798068523406982421875" lon="11.49162973277270793914794921875">
        <ele>819.79998779296875</ele>
        <time>2026-06-06T05:58:27.000Z</time>
        <extensions>
          <ns3:TrackPointExtension>
            <ns3:hr>144</ns3:hr>
            <ns3:cad>60</ns3:cad>
          </ns3:TrackPointExtension>
        </extensions>
      </trkpt>
      <trkpt lat="3.89960610307753086090087890625" lon="11.49172729812562465667724609375">
        <ele>819.4000244140625</ele>
        <time>2026-06-06T05:58:40.000Z</time>
        <extensions>
          <ns3:TrackPointExtension>
            <ns3:hr>146</ns3:hr>
            <ns3:cad>60</ns3:cad>
          </ns3:TrackPointExtension>
        </extensions>
      </trkpt>
      <trkpt lat="3.89976703561842441558837890625" lon="11.49182452820241451263427734375">
        <ele>817.4000244140625</ele>
        <time>2026-06-06T05:58:53.000Z</time>
        <extensions>
          <ns3:TrackPointExtension>
            <ns3:hr>148</ns3:hr>
            <ns3:cad>60</ns3:cad>
          </ns3:TrackPointExtension>
        </extensions>
      </trkpt>
      <trkpt lat="3.8998090289533138275146484375" lon="11.49185101501643657684326171875">
        <ele>816.79998779296875</ele>
        <time>2026-06-06T05:58:56.000Z</time>
        <extensions>
          <ns3:TrackPointExtension>
            <ns3:hr>145</ns3:hr>
            <ns3:cad>60</ns3:cad>
          </ns3:TrackPointExtension>
        </extensions>
      </trkpt>
      <trkpt lat="3.89986963011324405670166015625" lon="11.49188772775232791900634765625">
        <ele>816.5999755859375</ele>
        <time>2026-06-06T05:59:01.000Z</time>
        <extensions>
          <ns3:TrackPointExtension>
            <ns3:hr>142</ns3:hr>
            <ns3:cad>60</ns3:cad>
          </ns3:TrackPointExtension>
        </extensions>
      </trkpt>
      <trkpt lat="3.9000405371189117431640625" lon="11.49195712991058826446533203125">
        <ele>818.20001220703125</ele>
        <time>2026-06-06T05:59:14.000Z</time>
        <extensions>
          <ns3:TrackPointExtension>
            <ns3:hr>142</ns3:hr>
            <ns3:cad>60</ns3:cad>
          </ns3:TrackPointExtension>
        </extensions>
      </trkpt>
      <trkpt lat="3.90021697618067264556884765625" lon="11.492019407451152801513671875">
        <ele>819</ele>
        <time>2026-06-06T05:59:24.000Z</time>
        <extensions>
          <ns3:TrackPointExtension>
            <ns3:hr>143</ns3:hr>
            <ns3:cad>60</ns3:cad>
          </ns3:TrackPointExtension>
        </extensions>
      </trkpt>
      <trkpt lat="3.90039701946079730987548828125" lon="11.492087803781032562255859375">
        <ele>819.79998779296875</ele>
        <time>2026-06-06T05:59:35.000Z</time>
        <extensions>
          <ns3:TrackPointExtension>
            <ns3:hr>143</ns3:hr>
            <ns3:cad>66</ns3:cad>
          </ns3:TrackPointExtension>
        </extensions>
      </trkpt>
      <trkpt lat="3.90044647268950939178466796875" lon="11.4921084232628345489501953125">
        <ele>819.5999755859375</ele>
        <time>2026-06-06T05:59:38.000Z</time>
        <extensions>
          <ns3:TrackPointExtension>
            <ns3:hr>147</ns3:hr>
            <ns3:cad>66</ns3:cad>
          </ns3:TrackPointExtension>
        </extensions>
      </trkpt>
      <trkpt lat="3.9004638232290744781494140625" lon="11.4921137876808643341064453125">
        <ele>819.5999755859375</ele>
        <time>2026-06-06T05:59:39.000Z</time>
        <extensions>
          <ns3:TrackPointExtension>
            <ns3:hr>151</ns3:hr>
            <ns3:cad>66</ns3:cad>
          </ns3:TrackPointExtension>
        </extensions>
      </trkpt>
      <trkpt lat="3.9004790782928466796875" lon="11.49211973883211612701416015625">
        <ele>819.5999755859375</ele>
        <time>2026-06-06T05:59:40.000Z</time>
        <extensions>
          <ns3:TrackPointExtension>
            <ns3:hr>155</ns3:hr>
            <ns3:cad>64</ns3:cad>
          </ns3:TrackPointExtension>
        </extensions>
      </trkpt>
      <trkpt lat="3.90049609355628490447998046875" lon="11.49212392978370189666748046875">
        <ele>819.5999755859375</ele>
        <time>2026-06-06T05:59:41.000Z</time>
        <extensions>
          <ns3:TrackPointExtension>
            <ns3:hr>179</ns3:hr>
            <ns3:cad>64</ns3:cad>
          </ns3:TrackPointExtension>
        </extensions>
      </trkpt>
      <trkpt lat="3.90051101334393024444580078125" lon="11.492128707468509674072265625">
        <ele>819.79998779296875</ele>
        <time>2026-06-06T05:59:42.000Z</time>
        <extensions>
          <ns3:TrackPointExtension>
            <ns3:hr>183</ns3:hr>
            <ns3:cad>64</ns3:cad>
          </ns3:TrackPointExtension>
        </extensions>
      </trkpt>
      <trkpt lat="3.90063473023474216461181640625" lon="11.4921758137643337249755859375">
        <ele>819.4000244140625</ele>
        <time>2026-06-06T05:59:49.000Z</time>
        <extensions>
          <ns3:TrackPointExtension>
            <ns3:hr>180</ns3:hr>
            <ns3:cad>66</ns3:cad>
          </ns3:TrackPointExtension>
        </extensions>
      </trkpt>
      <trkpt lat="3.9007065631449222564697265625" lon="11.4921828545629978179931640625">
        <ele>820.20001220703125</ele>
        <time>2026-06-06T05:59:54.000Z</time>
        <extensions>
          <ns3:TrackPointExtension>
            <ns3:hr>177</ns3:hr>
            <ns3:cad>65</ns3:cad>
          </ns3:TrackPointExtension>
        </extensions>
      </trkpt>
      <trkpt lat="3.90083069913089275360107421875" lon="11.4922316372394561767578125">
        <ele>820</ele>
        <time>2026-06-06T06:00:02.000Z</time>
        <extensions>
          <ns3:TrackPointExtension>
            <ns3:hr>174</ns3:hr>
            <ns3:cad>62</ns3:cad>
          </ns3:TrackPointExtension>
        </extensions>
      </trkpt>
      <trkpt lat="3.90085886232554912567138671875" lon="11.492243371903896331787109375">
        <ele>820</ele>
        <time>2026-06-06T06:00:04.000Z</time>
        <extensions>
          <ns3:TrackPointExtension>
            <ns3:hr>171</ns3:hr>
            <ns3:cad>62</ns3:cad>
          </ns3:TrackPointExtension>
        </extensions>
      </trkpt>
      <trkpt lat="3.900887109339237213134765625" lon="11.49225720204412937164306640625">
        <ele>819.79998779296875</ele>
        <time>2026-06-06T06:00:06.000Z</time>
        <extensions>
          <ns3:TrackPointExtension>
            <ns3:hr>167</ns3:hr>
            <ns3:cad>61</ns3:cad>
          </ns3:TrackPointExtension>
        </extensions>
      </trkpt>
      <trkpt lat="3.90091569162905216217041015625" lon="11.49227329529821872711181640625">
        <ele>819.5999755859375</ele>
        <time>2026-06-06T06:00:08.000Z</time>
        <extensions>
          <ns3:TrackPointExtension>
            <ns3:hr>164</ns3:hr>
            <ns3:cad>61</ns3:cad>
          </ns3:TrackPointExtension>
        </extensions>
      </trkpt>
      <trkpt lat="3.90094150789082050323486328125" lon="11.492290981113910675048828125">
        <ele>819.4000244140625</ele>
        <time>2026-06-06T06:00:10.000Z</time>
        <extensions>
          <ns3:TrackPointExtension>
            <ns3:hr>161</ns3:hr>
            <ns3:cad>61</ns3:cad>
          </ns3:TrackPointExtension>
        </extensions>
      </trkpt>
      <trkpt lat="3.90098090283572673797607421875" lon="11.492313109338283538818359375">
        <ele>819.5999755859375</ele>
        <time>2026-06-06T06:00:13.000Z</time>
        <extensions>
          <ns3:TrackPointExtension>
            <ns3:hr>153</ns3:hr>
            <ns3:cad>61</ns3:cad>
          </ns3:TrackPointExtension>
        </extensions>
      </trkpt>
      <trkpt lat="3.9010314457118511199951171875" lon="11.49233766831457614898681640625">
        <ele>820</ele>
        <time>2026-06-06T06:00:17.000Z</time>
        <extensions>
          <ns3:TrackPointExtension>
            <ns3:hr>161</ns3:hr>
            <ns3:cad>60</ns3:cad>
          </ns3:TrackPointExtension>
        </extensions>
      </trkpt>
      <trkpt lat="3.9010592736303806304931640625" lon="11.49234521202743053436279296875">
        <ele>820.4000244140625</ele>
        <time>2026-06-06T06:00:18.000Z</time>
        <extensions>
          <ns3:TrackPointExtension>
            <ns3:hr>168</ns3:hr>
            <ns3:cad>60</ns3:cad>
          </ns3:TrackPointExtension>
        </extensions>
      </trkpt>
      <trkpt lat="3.9010592736303806304931640625" lon="11.49234521202743053436279296875">
        <ele>820.4000244140625</ele>
        <time>2026-06-06T06:00:19.000Z</time>
        <extensions>
          <ns3:TrackPointExtension>
            <ns3:hr>176</ns3:hr>
            <ns3:cad>60</ns3:cad>
          </ns3:TrackPointExtension>
        </extensions>
      </trkpt>
      <trkpt lat="3.90120184980332851409912109375" lon="11.4924155361950397491455078125">
        <ele>821.5999755859375</ele>
        <time>2026-06-06T06:00:29.000Z</time>
        <extensions>
          <ns3:TrackPointExtension>
            <ns3:hr>173</ns3:hr>
            <ns3:cad>61</ns3:cad>
          </ns3:TrackPointExtension>
        </extensions>
      </trkpt>
      <trkpt lat="3.9012547396123409271240234375" lon="11.49245032109320163726806640625">
        <ele>821.5999755859375</ele>
        <time>2026-06-06T06:00:33.000Z</time>
        <extensions>
          <ns3:TrackPointExtension>
            <ns3:hr>169</ns3:hr>
            <ns3:cad>60</ns3:cad>
          </ns3:TrackPointExtension>
        </extensions>
      </trkpt>
      <trkpt lat="3.90129388310015201568603515625" lon="11.49248041212558746337890625">
        <ele>821.4000244140625</ele>
        <time>2026-06-06T06:00:36.000Z</time>
        <extensions>
          <ns3:TrackPointExtension>
            <ns3:hr>161</ns3:hr>
            <ns3:cad>60</ns3:cad>
          </ns3:TrackPointExtension>
        </extensions>
      </trkpt>
      <trkpt lat="3.901310227811336517333984375" lon="11.49249172769486904144287109375">
        <ele>821.4000244140625</ele>
        <time>2026-06-06T06:00:37.000Z</time>
        <extensions>
          <ns3:TrackPointExtension>
            <ns3:hr>157</ns3:hr>
            <ns3:cad>60</ns3:cad>
          </ns3:TrackPointExtension>
        </extensions>
      </trkpt>
      <trkpt lat="3.90132464468479156494140625" lon="11.49250228889286518096923828125">
        <ele>821.4000244140625</ele>
        <time>2026-06-06T06:00:38.000Z</time>
        <extensions>
          <ns3:TrackPointExtension>
            <ns3:hr>152</ns3:hr>
            <ns3:cad>60</ns3:cad>
          </ns3:TrackPointExtension>
        </extensions>
      </trkpt>
      <trkpt lat="3.9013387262821197509765625" lon="11.4925104193389415740966796875">
        <ele>821.5999755859375</ele>
        <time>2026-06-06T06:00:39.000Z</time>
        <extensions>
          <ns3:TrackPointExtension>
            <ns3:hr>158</ns3:hr>
            <ns3:cad>61</ns3:cad>
          </ns3:TrackPointExtension>
        </extensions>
      </trkpt>
      <trkpt lat="3.90134937129914760589599609375" lon="11.49251930415630340576171875">
        <ele>821.5999755859375</ele>
        <time>2026-06-06T06:00:40.000Z</time>
        <extensions>
          <ns3:TrackPointExtension>
            <ns3:hr>161</ns3:hr>
            <ns3:cad>62</ns3:cad>
          </ns3:TrackPointExtension>
        </extensions>
      </trkpt>
      <trkpt lat="3.901361189782619476318359375" lon="11.4925288595259189605712890625">
        <ele>821.5999755859375</ele>
        <time>2026-06-06T06:00:41.000Z</time>
        <extensions>
          <ns3:TrackPointExtension>
            <ns3:hr>166</ns3:hr>
            <ns3:cad>62</ns3:cad>
          </ns3:TrackPointExtension>
        </extensions>
      </trkpt>
      <trkpt lat="3.9013740979135036468505859375" lon="11.49253682233393192291259765625">
        <ele>821.5999755859375</ele>
        <time>2026-06-06T06:00:42.000Z</time>
        <extensions>
          <ns3:TrackPointExtension>
            <ns3:hr>171</ns3:hr>
            <ns3:cad>63</ns3:cad>
          </ns3:TrackPointExtension>
        </extensions>
      </trkpt>
      <trkpt lat="3.90151348896324634552001953125" lon="11.49263438768684864044189453125">
        <ele>822.20001220703125</ele>
        <time>2026-06-06T06:00:54.000Z</time>
        <extensions>
          <ns3:TrackPointExtension>
            <ns3:hr>168</ns3:hr>
            <ns3:cad>61</ns3:cad>
          </ns3:TrackPointExtension>
        </extensions>
      </trkpt>
      <trkpt lat="3.9015414007008075714111328125" lon="11.49265383370220661163330078125">
        <ele>822</ele>
        <time>2026-06-06T06:00:57.000Z</time>
        <extensions>
          <ns3:TrackPointExtension>
            <ns3:hr>165</ns3:hr>
            <ns3:cad>61</ns3:cad>
          </ns3:TrackPointExtension>
        </extensions>
      </trkpt>
      <trkpt lat="3.901640810072422027587890625" lon="11.4927162788808345794677734375">
        <ele>821.20001220703125</ele>
        <time>2026-06-06T06:01:06.000Z</time>
        <extensions>
          <ns3:TrackPointExtension>
            <ns3:hr>162</ns3:hr>
            <ns3:cad>60</ns3:cad>
          </ns3:TrackPointExtension>
        </extensions>
      </trkpt>
      <trkpt lat="3.901721276342868804931640625" lon="11.4927511475980281829833984375">
        <ele>821</ele>
        <time>2026-06-06T06:01:11.000Z</time>
        <extensions>
          <ns3:TrackPointExtension>
            <ns3:hr>156</ns3:hr>
            <ns3:cad>61</ns3:cad>
          </ns3:TrackPointExtension>
        </extensions>
      </trkpt>
      <trkpt lat="3.90173896215856075286865234375" lon="11.49275642819702625274658203125">
        <ele>821.20001220703125</ele>
        <time>2026-06-06T06:01:12.000Z</time>
        <extensions>
          <ns3:TrackPointExtension>
            <ns3:hr>147</ns3:hr>
            <ns3:cad>61</ns3:cad>
          </ns3:TrackPointExtension>
        </extensions>
      </trkpt>
      <trkpt lat="3.901784978806972503662109375" lon="11.49277252145111560821533203125">
        <ele>821.20001220703125</ele>
        <time>2026-06-06T06:01:15.000Z</time>
        <extensions>
          <ns3:TrackPointExtension>
            <ns3:hr>151</ns3:hr>
            <ns3:cad>61</ns3:cad>
          </ns3:TrackPointExtension>
        </extensions>
      </trkpt>
      <trkpt lat="3.9018015749752521514892578125" lon="11.4927772991359233856201171875">
        <ele>821.4000244140625</ele>
        <time>2026-06-06T06:01:16.000Z</time>
        <extensions>
          <ns3:TrackPointExtension>
            <ns3:hr>154</ns3:hr>
            <ns3:cad>60</ns3:cad>
          </ns3:TrackPointExtension>
        </extensions>
      </trkpt>
      <trkpt lat="3.9018283970654010772705078125" lon="11.49278442375361919403076171875">
        <ele>821.5999755859375</ele>
        <time>2026-06-06T06:01:18.000Z</time>
        <extensions>
          <ns3:TrackPointExtension>
            <ns3:hr>160</ns3:hr>
            <ns3:cad>60</ns3:cad>
          </ns3:TrackPointExtension>
        </extensions>
      </trkpt>
      <trkpt lat="3.9018431492149829864501953125" lon="11.49278660304844379425048828125">
        <ele>821.79998779296875</ele>
        <time>2026-06-06T06:01:19.000Z</time>
        <extensions>
          <ns3:TrackPointExtension>
            <ns3:hr>164</ns3:hr>
            <ns3:cad>60</ns3:cad>
          </ns3:TrackPointExtension>
        </extensions>
      </trkpt>
      <trkpt lat="3.90185840427875518798828125" lon="11.4927910454571247100830078125">
        <ele>821.79998779296875</ele>
        <time>2026-06-06T06:01:20.000Z</time>
        <extensions>
          <ns3:TrackPointExtension>
            <ns3:hr>164</ns3:hr>
            <ns3:cad>61</ns3:cad>
          </ns3:TrackPointExtension>
        </extensions>
      </trkpt>
      <trkpt lat="3.90204238705337047576904296875" lon="11.49280403740704059600830078125">
        <ele>824.79998779296875</ele>
        <time>2026-06-06T06:01:32.000Z</time>
        <extensions>
          <ns3:TrackPointExtension>
            <ns3:hr>164</ns3:hr>
            <ns3:cad>60</ns3:cad>
          </ns3:TrackPointExtension>
        </extensions>
      </trkpt>
      <trkpt lat="3.9022307284176349639892578125" lon="11.49278081953525543212890625">
        <ele>825.79998779296875</ele>
        <time>2026-06-06T06:01:45.000Z</time>
        <extensions>
          <ns3:TrackPointExtension>
            <ns3:hr>162</ns3:hr>
            <ns3:cad>60</ns3:cad>
          </ns3:TrackPointExtension>
        </extensions>
      </trkpt>
      <trkpt lat="3.9024168066680431365966796875" lon="11.49277252145111560821533203125">
        <ele>826.20001220703125</ele>
        <time>2026-06-06T06:01:57.000Z</time>
        <extensions>
          <ns3:TrackPointExtension>
            <ns3:hr>162</ns3:hr>
            <ns3:cad>62</ns3:cad>
          </ns3:TrackPointExtension>
        </extensions>
      </trkpt>
      <trkpt lat="3.902603052556514739990234375" lon="11.49274854920804500579833984375">
        <ele>827.20001220703125</ele>
        <time>2026-06-06T06:02:09.000Z</time>
        <extensions>
          <ns3:TrackPointExtension>
            <ns3:hr>163</ns3:hr>
            <ns3:cad>64</ns3:cad>
          </ns3:TrackPointExtension>
        </extensions>
      </trkpt>
      <trkpt lat="3.90265091322362422943115234375" lon="11.492727510631084442138671875">
        <ele>827.5999755859375</ele>
        <time>2026-06-06T06:02:13.000Z</time>
        <extensions>
          <ns3:TrackPointExtension>
            <ns3:hr>160</ns3:hr>
            <ns3:cad>61</ns3:cad>
          </ns3:TrackPointExtension>
        </extensions>
      </trkpt>
      <trkpt lat="3.9027323015034198760986328125" lon="11.49270798079669475555419921875">
        <ele>827</ele>
        <time>2026-06-06T06:02:19.000Z</time>
        <extensions>
          <ns3:TrackPointExtension>
            <ns3:hr>157</ns3:hr>
            <ns3:cad>61</ns3:cad>
          </ns3:TrackPointExtension>
        </extensions>
      </trkpt>
      <trkpt lat="3.90287362039089202880859375" lon="11.492678225040435791015625">
        <ele>825.20001220703125</ele>
        <time>2026-06-06T06:02:28.000Z</time>
        <extensions>
          <ns3:TrackPointExtension>
            <ns3:hr>153</ns3:hr>
            <ns3:cad>122</ns3:cad>
          </ns3:TrackPointExtension>
        </extensions>
      </trkpt>
      <trkpt lat="3.9029358141124248504638671875" lon="11.4926579408347606658935546875">
        <ele>825.4000244140625</ele>
        <time>2026-06-06T06:02:32.000Z</time>
        <extensions>
          <ns3:TrackPointExtension>
            <ns3:hr>160</ns3:hr>
            <ns3:cad>60</ns3:cad>
          </ns3:TrackPointExtension>
        </extensions>
      </trkpt>
      <trkpt lat="3.90312013216316699981689453125" lon="11.49262583814561367034912109375">
        <ele>823.79998779296875</ele>
        <time>2026-06-06T06:02:45.000Z</time>
        <extensions>
          <ns3:TrackPointExtension>
            <ns3:hr>161</ns3:hr>
            <ns3:cad>60</ns3:cad>
          </ns3:TrackPointExtension>
        </extensions>
      </trkpt>
      <trkpt lat="3.90323462896049022674560546875" lon="11.49255014955997467041015625">
        <ele>824</ele>
        <time>2026-06-06T06:02:54.000Z</time>
        <extensions>
          <ns3:TrackPointExtension>
            <ns3:hr>158</ns3:hr>
            <ns3:cad>62</ns3:cad>
          </ns3:TrackPointExtension>
        </extensions>
      </trkpt>
      <trkpt lat="3.90333420597016811370849609375" lon="11.4925094135105609893798828125">
        <ele>822.79998779296875</ele>
        <time>2026-06-06T06:03:01.000Z</time>
        <extensions>
          <ns3:TrackPointExtension>
            <ns3:hr>155</ns3:hr>
            <ns3:cad>62</ns3:cad>
          </ns3:TrackPointExtension>
        </extensions>
      </trkpt>
      <trkpt lat="3.9033998362720012664794921875" lon="11.49245895445346832275390625">
        <ele>823.20001220703125</ele>
        <time>2026-06-06T06:03:07.000Z</time>
        <extensions>
          <ns3:TrackPointExtension>
            <ns3:hr>152</ns3:hr>
            <ns3:cad>61</ns3:cad>
          </ns3:TrackPointExtension>
        </extensions>
      </trkpt>
      <trkpt lat="3.90343344770371913909912109375" lon="11.49242534302175045013427734375">
        <ele>823.5999755859375</ele>
        <time>2026-06-06T06:03:10.000Z</time>
        <extensions>
          <ns3:TrackPointExtension>
            <ns3:hr>147</ns3:hr>
            <ns3:cad>62</ns3:cad>
          </ns3:TrackPointExtension>
        </extensions>
      </trkpt>
      <trkpt lat="3.903460688889026641845703125" lon="11.49240455590188503265380859375">
        <ele>823.5999755859375</ele>
        <time>2026-06-06T06:03:12.000Z</time>
        <extensions>
          <ns3:TrackPointExtension>
            <ns3:hr>155</ns3:hr>
            <ns3:cad>62</ns3:cad>
          </ns3:TrackPointExtension>
        </extensions>
      </trkpt>
      <trkpt lat="3.903474099934101104736328125" lon="11.492394246160984039306640625">
        <ele>823.79998779296875</ele>
        <time>2026-06-06T06:03:13.000Z</time>
        <extensions>
          <ns3:TrackPointExtension>
            <ns3:hr>160</ns3:hr>
            <ns3:cad>62</ns3:cad>
          </ns3:TrackPointExtension>
        </extensions>
      </trkpt>
      <trkpt lat="3.90348675660789012908935546875" lon="11.49237790144979953765869140625">
        <ele>824</ele>
        <time>2026-06-06T06:03:14.000Z</time>
        <extensions>
          <ns3:TrackPointExtension>
            <ns3:hr>163</ns3:hr>
            <ns3:cad>62</ns3:cad>
          </ns3:TrackPointExtension>
        </extensions>
      </trkpt>
      <trkpt lat="3.90350150875747203826904296875" lon="11.4923662506043910980224609375">
        <ele>824</ele>
        <time>2026-06-06T06:03:15.000Z</time>
        <extensions>
          <ns3:TrackPointExtension>
            <ns3:hr>163</ns3:hr>
            <ns3:cad>62</ns3:cad>
          </ns3:TrackPointExtension>
        </extensions>
      </trkpt>
      <trkpt lat="3.90353905968368053436279296875" lon="11.49232794530689716339111328125">
        <ele>824.4000244140625</ele>
        <time>2026-06-06T06:03:18.000Z</time>
        <extensions>
          <ns3:TrackPointExtension>
            <ns3:hr>160</ns3:hr>
            <ns3:cad>60</ns3:cad>
          </ns3:TrackPointExtension>
        </extensions>
      </trkpt>
      <trkpt lat="3.9036093838512897491455078125" lon="11.4922344870865345001220703125">
        <ele>824.4000244140625</ele>
        <time>2026-06-06T06:03:26.000Z</time>
        <extensions>
          <ns3:TrackPointExtension>
            <ns3:hr>156</ns3:hr>
            <ns3:cad>60</ns3:cad>
          </ns3:TrackPointExtension>
        </extensions>
      </trkpt>
      <trkpt lat="3.9037438295781612396240234375" lon="11.49209978990256786346435546875">
        <ele>823.5999755859375</ele>
        <time>2026-06-06T06:03:41.000Z</time>
        <extensions>
          <ns3:TrackPointExtension>
            <ns3:hr>157</ns3:hr>
            <ns3:cad>64</ns3:cad>
          </ns3:TrackPointExtension>
        </extensions>
      </trkpt>
      <trkpt lat="3.9038155786693096160888671875" lon="11.49200893007218837738037109375">
        <ele>824.20001220703125</ele>
        <time>2026-06-06T06:03:49.000Z</time>
        <extensions>
          <ns3:TrackPointExtension>
            <ns3:hr>154</ns3:hr>
            <ns3:cad>62</ns3:cad>
          </ns3:TrackPointExtension>
        </extensions>
      </trkpt>
      <trkpt lat="3.90391658060252666473388671875" lon="11.4918472431600093841552734375">
        <ele>825.4000244140625</ele>
        <time>2026-06-06T06:04:01.000Z</time>
        <extensions>
          <ns3:TrackPointExtension>
            <ns3:hr>156</ns3:hr>
            <ns3:cad>63</ns3:cad>
          </ns3:TrackPointExtension>
        </extensions>
      </trkpt>
      <trkpt lat="3.9039942808449268341064453125" lon="11.4916997216641902923583984375">
        <ele>827.20001220703125</ele>
        <time>2026-06-06T06:04:11.000Z</time>
        <extensions>
          <ns3:TrackPointExtension>
            <ns3:hr>152</ns3:hr>
            <ns3:cad>62</ns3:cad>
          </ns3:TrackPointExtension>
        </extensions>
      </trkpt>
      <trkpt lat="3.904103748500347137451171875" lon="11.491557396948337554931640625">
        <ele>828.4000244140625</ele>
        <time>2026-06-06T06:04:23.000Z</time>
        <extensions>
          <ns3:TrackPointExtension>
            <ns3:hr>156</ns3:hr>
            <ns3:cad>61</ns3:cad>
          </ns3:TrackPointExtension>
        </extensions>
      </trkpt>
      <trkpt lat="3.90423090197145938873291015625" lon="11.49142471142113208770751953125">
        <ele>826.4000244140625</ele>
        <time>2026-06-06T06:04:36.000Z</time>
        <extensions>
          <ns3:TrackPointExtension>
            <ns3:hr>159</ns3:hr>
            <ns3:cad>60</ns3:cad>
          </ns3:TrackPointExtension>
        </extensions>
      </trkpt>
      <trkpt lat="3.90433768741786479949951171875" lon="11.49127165786921977996826171875">
        <ele>826.79998779296875</ele>
        <time>2026-06-06T06:04:48.000Z</time>
        <extensions>
          <ns3:TrackPointExtension>
            <ns3:hr>161</ns3:hr>
            <ns3:cad>60</ns3:cad>
          </ns3:TrackPointExtension>
        </extensions>
      </trkpt>
      <trkpt lat="3.904356546700000762939453125" lon="11.491235531866550445556640625">
        <ele>827.4000244140625</ele>
        <time>2026-06-06T06:04:51.000Z</time>
        <extensions>
          <ns3:TrackPointExtension>
            <ns3:hr>165</ns3:hr>
            <ns3:cad>60</ns3:cad>
          </ns3:TrackPointExtension>
        </extensions>
      </trkpt>
      <trkpt lat="3.90438638627529144287109375" lon="11.49117861874401569366455078125">
        <ele>827.79998779296875</ele>
        <time>2026-06-06T06:04:55.000Z</time>
        <extensions>
          <ns3:TrackPointExtension>
            <ns3:hr>162</ns3:hr>
            <ns3:cad>62</ns3:cad>
          </ns3:TrackPointExtension>
        </extensions>
      </trkpt>
      <trkpt lat="3.9044935069978237152099609375" lon="11.49101860821247100830078125">
        <ele>831.5999755859375</ele>
        <time>2026-06-06T06:05:07.000Z</time>
        <extensions>
          <ns3:TrackPointExtension>
            <ns3:hr>162</ns3:hr>
            <ns3:cad>61</ns3:cad>
          </ns3:TrackPointExtension>
        </extensions>
      </trkpt>
      <trkpt lat="3.90455762855708599090576171875" lon="11.4909252338111400604248046875">
        <ele>826</ele>
        <time>2026-06-06T06:05:15.000Z</time>
        <extensions>
          <ns3:TrackPointExtension>
            <ns3:hr>155</ns3:hr>
            <ns3:cad>64</ns3:cad>
          </ns3:TrackPointExtension>
        </extensions>
      </trkpt>
      <trkpt lat="3.9045639149844646453857421875" lon="11.49091509170830249786376953125">
        <ele>826</ele>
        <time>2026-06-06T06:05:16.000Z</time>
        <extensions>
          <ns3:TrackPointExtension>
            <ns3:hr>157</ns3:hr>
            <ns3:cad>64</ns3:cad>
          </ns3:TrackPointExtension>
        </extensions>
      </trkpt>
      <trkpt lat="3.90461915172636508941650390625" lon="11.49085541255772113800048828125">
        <ele>825.5999755859375</ele>
        <time>2026-06-06T06:05:22.000Z</time>
        <extensions>
          <ns3:TrackPointExtension>
            <ns3:hr>160</ns3:hr>
            <ns3:cad>63</ns3:cad>
          </ns3:TrackPointExtension>
        </extensions>
      </trkpt>
      <trkpt lat="3.9046943373978137969970703125" lon="11.4907599426805973052978515625">
        <ele>826.4000244140625</ele>
        <time>2026-06-06T06:05:30.000Z</time>
        <extensions>
          <ns3:TrackPointExtension>
            <ns3:hr>157</ns3:hr>
            <ns3:cad>59</ns3:cad>
          </ns3:TrackPointExtension>
        </extensions>
      </trkpt>
      <trkpt lat="3.9047385938465595245361328125" lon="11.4906959049403667449951171875">
        <ele>826.79998779296875</ele>
        <time>2026-06-06T06:05:35.000Z</time>
        <extensions>
          <ns3:TrackPointExtension>
            <ns3:hr>154</ns3:hr>
            <ns3:cad>63</ns3:cad>
          </ns3:TrackPointExtension>
        </extensions>
      </trkpt>
      <trkpt lat="3.9047640748322010040283203125" lon="11.49065391160547733306884765625">
        <ele>826.79998779296875</ele>
        <time>2026-06-06T06:05:38.000Z</time>
        <extensions>
          <ns3:TrackPointExtension>
            <ns3:hr>151</ns3:hr>
            <ns3:cad>63</ns3:cad>
          </ns3:TrackPointExtension>
        </extensions>
      </trkpt>
      <trkpt lat="3.90478880144655704498291015625" lon="11.49061317555606365203857421875">
        <ele>826.5999755859375</ele>
        <time>2026-06-06T06:05:41.000Z</time>
        <extensions>
          <ns3:TrackPointExtension>
            <ns3:hr>148</ns3:hr>
            <ns3:cad>62</ns3:cad>
          </ns3:TrackPointExtension>
        </extensions>
      </trkpt>
      <trkpt lat="3.90486977063119411468505859375" lon="11.490491218864917755126953125">
        <ele>830.4000244140625</ele>
        <time>2026-06-06T06:05:52.000Z</time>
        <extensions>
          <ns3:TrackPointExtension>
            <ns3:hr>151</ns3:hr>
            <ns3:cad>64</ns3:cad>
          </ns3:TrackPointExtension>
        </extensions>
      </trkpt>
      <trkpt lat="3.90489944256842136383056640625" lon="11.49044503457844257354736328125">
        <ele>833.5999755859375</ele>
        <time>2026-06-06T06:05:56.000Z</time>
        <extensions>
          <ns3:TrackPointExtension>
            <ns3:hr>148</ns3:hr>
            <ns3:cad>64</ns3:cad>
          </ns3:TrackPointExtension>
        </extensions>
      </trkpt>
      <trkpt lat="3.904941268265247344970703125" lon="11.4903794042766094207763671875">
        <ele>838.20001220703125</ele>
        <time>2026-06-06T06:06:02.000Z</time>
        <extensions>
          <ns3:TrackPointExtension>
            <ns3:hr>145</ns3:hr>
            <ns3:cad>62</ns3:cad>
          </ns3:TrackPointExtension>
        </extensions>
      </trkpt>
      <trkpt lat="3.9050401747226715087890625" lon="11.490255855023860931396484375">
        <ele>848.5999755859375</ele>
        <time>2026-06-06T06:06:14.000Z</time>
        <extensions>
          <ns3:TrackPointExtension>
            <ns3:hr>142</ns3:hr>
            <ns3:cad>60</ns3:cad>
          </ns3:TrackPointExtension>
        </extensions>
      </trkpt>
      <trkpt lat="3.90505836345255374908447265625" lon="11.49023146368563175201416015625">
        <ele>851.4000244140625</ele>
        <time>2026-06-06T06:06:16.000Z</time>
        <extensions>
          <ns3:TrackPointExtension>
            <ns3:hr>163</ns3:hr>
            <ns3:cad>60</ns3:cad>
          </ns3:TrackPointExtension>
        </extensions>
      </trkpt>
      <trkpt lat="3.9050696790218353271484375" lon="11.4902191422879695892333984375">
        <ele>852.4000244140625</ele>
        <time>2026-06-06T06:06:17.000Z</time>
        <extensions>
          <ns3:TrackPointExtension>
            <ns3:hr>168</ns3:hr>
            <ns3:cad>62</ns3:cad>
          </ns3:TrackPointExtension>
        </extensions>
      </trkpt>
      <trkpt lat="3.905083425343036651611328125" lon="11.49020330049097537994384765625">
        <ele>853</ele>
        <time>2026-06-06T06:06:18.000Z</time>
        <extensions>
          <ns3:TrackPointExtension>
            <ns3:hr>176</ns3:hr>
            <ns3:cad>62</ns3:cad>
          </ns3:TrackPointExtension>
        </extensions>
      </trkpt>
      <trkpt lat="3.90509390272200107574462890625" lon="11.490189135074615478515625">
        <ele>853.5999755859375</ele>
        <time>2026-06-06T06:06:19.000Z</time>
        <extensions>
          <ns3:TrackPointExtension>
            <ns3:hr>176</ns3:hr>
            <ns3:cad>62</ns3:cad>
          </ns3:TrackPointExtension>
        </extensions>
      </trkpt>
      <trkpt lat="3.90518241561949253082275390625" lon="11.490026526153087615966796875">
        <ele>860</ele>
        <time>2026-06-06T06:06:30.000Z</time>
        <extensions>
          <ns3:TrackPointExtension>
            <ns3:hr>175</ns3:hr>
            <ns3:cad>63</ns3:cad>
          </ns3:TrackPointExtension>
        </extensions>
      </trkpt>
      <trkpt lat="3.90525835566222667694091796875" lon="11.48993072099983692169189453125">
        <ele>860.4000244140625</ele>
        <time>2026-06-06T06:06:39.000Z</time>
        <extensions>
          <ns3:TrackPointExtension>
            <ns3:hr>172</ns3:hr>
            <ns3:cad>61</ns3:cad>
          </ns3:TrackPointExtension>
        </extensions>
      </trkpt>
      <trkpt lat="3.90528148971498012542724609375" lon="11.48990473710000514984130859375">
        <ele>860.4000244140625</ele>
        <time>2026-06-06T06:06:42.000Z</time>
        <extensions>
          <ns3:TrackPointExtension>
            <ns3:hr>167</ns3:hr>
            <ns3:cad>60</ns3:cad>
          </ns3:TrackPointExtension>
        </extensions>
      </trkpt>
      <trkpt lat="3.90528903342783451080322265625" lon="11.48989551700651645660400390625">
        <ele>860.4000244140625</ele>
        <time>2026-06-06T06:06:43.000Z</time>
        <extensions>
          <ns3:TrackPointExtension>
            <ns3:hr>163</ns3:hr>
            <ns3:cad>60</ns3:cad>
          </ns3:TrackPointExtension>
        </extensions>
      </trkpt>
      <trkpt lat="3.90529699623584747314453125" lon="11.48988478817045688629150390625">
        <ele>860.20001220703125</ele>
        <time>2026-06-06T06:06:44.000Z</time>
        <extensions>
          <ns3:TrackPointExtension>
            <ns3:hr>157</ns3:hr>
            <ns3:cad>60</ns3:cad>
          </ns3:TrackPointExtension>
        </extensions>
      </trkpt>
      <trkpt lat="3.90530227683484554290771484375" lon="11.48987573571503162384033203125">
        <ele>860.20001220703125</ele>
        <time>2026-06-06T06:06:45.000Z</time>
        <extensions>
          <ns3:TrackPointExtension>
            <ns3:hr>159</ns3:hr>
            <ns3:cad>60</ns3:cad>
          </ns3:TrackPointExtension>
        </extensions>
      </trkpt>
      <trkpt lat="3.90530831180512905120849609375" lon="11.48986752144992351531982421875">
        <ele>860.20001220703125</ele>
        <time>2026-06-06T06:06:46.000Z</time>
        <extensions>
          <ns3:TrackPointExtension>
            <ns3:hr>164</ns3:hr>
            <ns3:cad>60</ns3:cad>
          </ns3:TrackPointExtension>
        </extensions>
      </trkpt>
      <trkpt lat="3.905314095318317413330078125" lon="11.4898573793470859527587890625">
        <ele>860.20001220703125</ele>
        <time>2026-06-06T06:06:47.000Z</time>
        <extensions>
          <ns3:TrackPointExtension>
            <ns3:hr>176</ns3:hr>
            <ns3:cad>60</ns3:cad>
          </ns3:TrackPointExtension>
        </extensions>
      </trkpt>
      <trkpt lat="3.90532071702182292938232421875" lon="11.48984975181519985198974609375">
        <ele>860.20001220703125</ele>
        <time>2026-06-06T06:06:48.000Z</time>
        <extensions>
          <ns3:TrackPointExtension>
            <ns3:hr>180</ns3:hr>
            <ns3:cad>60</ns3:cad>
          </ns3:TrackPointExtension>
        </extensions>
      </trkpt>
      <trkpt lat="3.90532708726823329925537109375" lon="11.48984220810234546661376953125">
        <ele>860</ele>
        <time>2026-06-06T06:06:49.000Z</time>
        <extensions>
          <ns3:TrackPointExtension>
            <ns3:hr>180</ns3:hr>
            <ns3:cad>60</ns3:cad>
          </ns3:TrackPointExtension>
        </extensions>
      </trkpt>
      <trkpt lat="3.9053754508495330810546875" lon="11.48977867327630519866943359375">
        <ele>859.4000244140625</ele>
        <time>2026-06-06T06:06:56.000Z</time>
        <extensions>
          <ns3:TrackPointExtension>
            <ns3:hr>176</ns3:hr>
            <ns3:cad>60</ns3:cad>
          </ns3:TrackPointExtension>
        </extensions>
      </trkpt>
      <trkpt lat="3.90539623796939849853515625" lon="11.48976190946996212005615234375">
        <ele>858.79998779296875</ele>
        <time>2026-06-06T06:06:58.000Z</time>
        <extensions>
          <ns3:TrackPointExtension>
            <ns3:hr>172</ns3:hr>
            <ns3:cad>60</ns3:cad>
          </ns3:TrackPointExtension>
        </extensions>
      </trkpt>
      <trkpt lat="3.90541635453701019287109375" lon="11.489734835922718048095703125">
        <ele>858.5999755859375</ele>
        <time>2026-06-06T06:07:01.000Z</time>
        <extensions>
          <ns3:TrackPointExtension>
            <ns3:hr>165</ns3:hr>
            <ns3:cad>60</ns3:cad>
          </ns3:TrackPointExtension>
        </extensions>
      </trkpt>
      <trkpt lat="3.90542616136372089385986328125" lon="11.48972578346729278564453125">
        <ele>858.4000244140625</ele>
        <time>2026-06-06T06:07:02.000Z</time>
        <extensions>
          <ns3:TrackPointExtension>
            <ns3:hr>159</ns3:hr>
            <ns3:cad>59</ns3:cad>
          </ns3:TrackPointExtension>
        </extensions>
      </trkpt>
      <trkpt lat="3.90543588437139987945556640625" lon="11.48971597664058208465576171875">
        <ele>858.20001220703125</ele>
        <time>2026-06-06T06:07:03.000Z</time>
        <extensions>
          <ns3:TrackPointExtension>
            <ns3:hr>154</ns3:hr>
            <ns3:cad>59</ns3:cad>
          </ns3:TrackPointExtension>
        </extensions>
      </trkpt>
      <trkpt lat="3.90544527210295200347900390625" lon="11.4897071756422519683837890625">
        <ele>857.79998779296875</ele>
        <time>2026-06-06T06:07:04.000Z</time>
        <extensions>
          <ns3:TrackPointExtension>
            <ns3:hr>164</ns3:hr>
            <ns3:cad>59</ns3:cad>
          </ns3:TrackPointExtension>
        </extensions>
      </trkpt>
      <trkpt lat="3.90545432455837726593017578125" lon="11.489697955548763275146484375">
        <ele>857.5999755859375</ele>
        <time>2026-06-06T06:07:05.000Z</time>
        <extensions>
          <ns3:TrackPointExtension>
            <ns3:hr>168</ns3:hr>
            <ns3:cad>60</ns3:cad>
          </ns3:TrackPointExtension>
        </extensions>
      </trkpt>
      <trkpt lat="3.90546488575637340545654296875" lon="11.48968881927430629730224609375">
        <ele>857.20001220703125</ele>
        <time>2026-06-06T06:07:06.000Z</time>
        <extensions>
          <ns3:TrackPointExtension>
            <ns3:hr>171</ns3:hr>
            <ns3:cad>61</ns3:cad>
          </ns3:TrackPointExtension>
        </extensions>
      </trkpt>
      <trkpt lat="3.90549086965620517730712890625" lon="11.4896615780889987945556640625">
        <ele>856.5999755859375</ele>
        <time>2026-06-06T06:07:09.000Z</time>
        <extensions>
          <ns3:TrackPointExtension>
            <ns3:hr>174</ns3:hr>
            <ns3:cad>61</ns3:cad>
          </ns3:TrackPointExtension>
        </extensions>
      </trkpt>
      <trkpt lat="3.90555054880678653717041015625" lon="11.48960667662322521209716796875">
        <ele>854.5999755859375</ele>
        <time>2026-06-06T06:07:15.000Z</time>
        <extensions>
          <ns3:TrackPointExtension>
            <ns3:hr>171</ns3:hr>
            <ns3:cad>60</ns3:cad>
          </ns3:TrackPointExtension>
        </extensions>
      </trkpt>
      <trkpt lat="3.9055663906037807464599609375" lon="11.4895884878933429718017578125">
        <ele>854</ele>
        <time>2026-06-06T06:07:16.000Z</time>
        <extensions>
          <ns3:TrackPointExtension>
            <ns3:hr>161</ns3:hr>
            <ns3:cad>62</ns3:cad>
          </ns3:TrackPointExtension>
        </extensions>
      </trkpt>
      <trkpt lat="3.9055663906037807464599609375" lon="11.4895884878933429718017578125">
        <ele>854</ele>
        <time>2026-06-06T06:07:17.000Z</time>
        <extensions>
          <ns3:TrackPointExtension>
            <ns3:hr>162</ns3:hr>
            <ns3:cad>62</ns3:cad>
          </ns3:TrackPointExtension>
        </extensions>
      </trkpt>
      <trkpt lat="3.9056015945971012115478515625" lon="11.4895559661090373992919921875">
        <ele>852.4000244140625</ele>
        <time>2026-06-06T06:07:21.000Z</time>
        <extensions>
          <ns3:TrackPointExtension>
            <ns3:hr>165</ns3:hr>
            <ns3:cad>62</ns3:cad>
          </ns3:TrackPointExtension>
        </extensions>
      </trkpt>
      <trkpt lat="3.905623890459537506103515625" lon="11.4895314909517765045166015625">
        <ele>851.5999755859375</ele>
        <time>2026-06-06T06:07:24.000Z</time>
        <extensions>
          <ns3:TrackPointExtension>
            <ns3:hr>168</ns3:hr>
            <ns3:cad>62</ns3:cad>
          </ns3:TrackPointExtension>
        </extensions>
      </trkpt>
      <trkpt lat="3.9056626148521900177001953125" lon="11.489481367170810699462890625">
        <ele>850.20001220703125</ele>
        <time>2026-06-06T06:07:29.000Z</time>
        <extensions>
          <ns3:TrackPointExtension>
            <ns3:hr>165</ns3:hr>
            <ns3:cad>60</ns3:cad>
          </ns3:TrackPointExtension>
        </extensions>
      </trkpt>
      <trkpt lat="3.90568315051496028900146484375" lon="11.489454209804534912109375">
        <ele>849.79998779296875</ele>
        <time>2026-06-06T06:07:32.000Z</time>
        <extensions>
          <ns3:TrackPointExtension>
            <ns3:hr>162</ns3:hr>
            <ns3:cad>61</ns3:cad>
          </ns3:TrackPointExtension>
        </extensions>
      </trkpt>
      <trkpt lat="3.90569773502647876739501953125" lon="11.48943032138049602508544921875">
        <ele>850</ele>
        <time>2026-06-06T06:07:34.000Z</time>
        <extensions>
          <ns3:TrackPointExtension>
            <ns3:hr>158</ns3:hr>
            <ns3:cad>61</ns3:cad>
          </ns3:TrackPointExtension>
        </extensions>
      </trkpt>
      <trkpt lat="3.9057172648608684539794921875" lon="11.4894064329564571380615234375">
        <ele>850</ele>
        <time>2026-06-06T06:07:36.000Z</time>
        <extensions>
          <ns3:TrackPointExtension>
            <ns3:hr>155</ns3:hr>
            <ns3:cad>61</ns3:cad>
          </ns3:TrackPointExtension>
        </extensions>
      </trkpt>
      <trkpt lat="3.90573545359075069427490234375" lon="11.489367373287677764892578125">
        <ele>850.5999755859375</ele>
        <time>2026-06-06T06:07:39.000Z</time>
        <extensions>
          <ns3:TrackPointExtension>
            <ns3:hr>152</ns3:hr>
            <ns3:cad>61</ns3:cad>
          </ns3:TrackPointExtension>
        </extensions>
      </trkpt>
      <trkpt lat="3.905768059194087982177734375" lon="11.48932403884828090667724609375">
        <ele>850.5999755859375</ele>
        <time>2026-06-06T06:07:43.000Z</time>
        <extensions>
          <ns3:TrackPointExtension>
            <ns3:hr>149</ns3:hr>
            <ns3:cad>60</ns3:cad>
          </ns3:TrackPointExtension>
        </extensions>
      </trkpt>
      <trkpt lat="3.90580929815769195556640625" lon="11.48927919566631317138671875">
        <ele>850.79998779296875</ele>
        <time>2026-06-06T06:07:47.000Z</time>
        <extensions>
          <ns3:TrackPointExtension>
            <ns3:hr>146</ns3:hr>
            <ns3:cad>60</ns3:cad>
          </ns3:TrackPointExtension>
        </extensions>
      </trkpt>
      <trkpt lat="3.90588733367621898651123046875" lon="11.48916662670671939849853515625">
        <ele>854.5999755859375</ele>
        <time>2026-06-06T06:07:55.000Z</time>
        <extensions>
          <ns3:TrackPointExtension>
            <ns3:hr>143</ns3:hr>
            <ns3:cad>60</ns3:cad>
          </ns3:TrackPointExtension>
        </extensions>
      </trkpt>
      <trkpt lat="3.9059358648955821990966796875" lon="11.489126645028591156005859375">
        <ele>855.5999755859375</ele>
        <time>2026-06-06T06:07:59.000Z</time>
        <extensions>
          <ns3:TrackPointExtension>
            <ns3:hr>140</ns3:hr>
            <ns3:cad>60</ns3:cad>
          </ns3:TrackPointExtension>
        </extensions>
      </trkpt>
      <trkpt lat="3.9060042612254619598388671875" lon="11.48903109133243560791015625">
        <ele>856.5999755859375</ele>
        <time>2026-06-06T06:08:07.000Z</time>
        <extensions>
          <ns3:TrackPointExtension>
            <ns3:hr>133</ns3:hr>
            <ns3:cad>60</ns3:cad>
          </ns3:TrackPointExtension>
        </extensions>
      </trkpt>
      <trkpt lat="3.9060213603079319000244140625" lon="11.4890049397945404052734375">
        <ele>857.20001220703125</ele>
        <time>2026-06-06T06:08:09.000Z</time>
        <extensions>
          <ns3:TrackPointExtension>
            <ns3:hr>129</ns3:hr>
            <ns3:cad>60</ns3:cad>
          </ns3:TrackPointExtension>
        </extensions>
      </trkpt>
      <trkpt lat="3.9060542173683643341064453125" lon="11.48895263671875">
        <ele>858.20001220703125</ele>
        <time>2026-06-06T06:08:13.000Z</time>
        <extensions>
          <ns3:TrackPointExtension>
            <ns3:hr>126</ns3:hr>
            <ns3:cad>60</ns3:cad>
          </ns3:TrackPointExtension>
        </extensions>
      </trkpt>
      <trkpt lat="3.90608531422913074493408203125" lon="11.4889159239828586578369140625">
        <ele>858.5999755859375</ele>
        <time>2026-06-06T06:08:16.000Z</time>
        <extensions>
          <ns3:TrackPointExtension>
            <ns3:hr>122</ns3:hr>
            <ns3:cad>60</ns3:cad>
          </ns3:TrackPointExtension>
        </extensions>
      </trkpt>
      <trkpt lat="3.90612018294632434844970703125" lon="11.4888807199895381927490234375">
        <ele>858.79998779296875</ele>
        <time>2026-06-06T06:08:19.000Z</time>
        <extensions>
          <ns3:TrackPointExtension>
            <ns3:hr>119</ns3:hr>
            <ns3:cad>60</ns3:cad>
          </ns3:TrackPointExtension>
        </extensions>
      </trkpt>
      <trkpt lat="3.90618748962879180908203125" lon="11.488804779946804046630859375">
        <ele>860</ele>
        <time>2026-06-06T06:08:26.000Z</time>
        <extensions>
          <ns3:TrackPointExtension>
            <ns3:hr>122</ns3:hr>
            <ns3:cad>60</ns3:cad>
          </ns3:TrackPointExtension>
        </extensions>
      </trkpt>
      <trkpt lat="3.9063167385756969451904296875" lon="11.48870612494647502899169921875">
        <ele>857</ele>
        <time>2026-06-06T06:08:39.000Z</time>
        <extensions>
          <ns3:TrackPointExtension>
            <ns3:hr>125</ns3:hr>
            <ns3:cad>60</ns3:cad>
          </ns3:TrackPointExtension>
        </extensions>
      </trkpt>
      <trkpt lat="3.906376250088214874267578125" lon="11.488649211823940277099609375">
        <ele>860.4000244140625</ele>
        <time>2026-06-06T06:08:45.000Z</time>
        <extensions>
          <ns3:TrackPointExtension>
            <ns3:hr>122</ns3:hr>
            <ns3:cad>62</ns3:cad>
          </ns3:TrackPointExtension>
        </extensions>
      </trkpt>
      <trkpt lat="3.90651740133762359619140625" lon="11.48851602338254451751708984375">
        <ele>865</ele>
        <time>2026-06-06T06:08:58.000Z</time>
        <extensions>
          <ns3:TrackPointExtension>
            <ns3:hr>123</ns3:hr>
            <ns3:cad>60</ns3:cad>
          </ns3:TrackPointExtension>
        </extensions>
      </trkpt>
      <trkpt lat="3.9066660962998867034912109375" lon="11.48839163593947887420654296875">
        <ele>862.4000244140625</ele>
        <time>2026-06-06T06:09:13.000Z</time>
        <extensions>
          <ns3:TrackPointExtension>
            <ns3:hr>124</ns3:hr>
            <ns3:cad>60</ns3:cad>
          </ns3:TrackPointExtension>
        </extensions>
      </trkpt>
      <trkpt lat="3.9067753963172435760498046875" lon="11.488301865756511688232421875">
        <ele>858.79998779296875</ele>
        <time>2026-06-06T06:09:23.000Z</time>
        <extensions>
          <ns3:TrackPointExtension>
            <ns3:hr>121</ns3:hr>
            <ns3:cad>61</ns3:cad>
          </ns3:TrackPointExtension>
        </extensions>
      </trkpt>
      <trkpt lat="3.9068367518484592437744140625" lon="11.4882490597665309906005859375">
        <ele>860</ele>
        <time>2026-06-06T06:09:29.000Z</time>
        <extensions>
          <ns3:TrackPointExtension>
            <ns3:hr>118</ns3:hr>
            <ns3:cad>60</ns3:cad>
          </ns3:TrackPointExtension>
        </extensions>
      </trkpt>
      <trkpt lat="3.90685393474996089935302734375" lon="11.48823204450309276580810546875">
        <ele>860.5999755859375</ele>
        <time>2026-06-06T06:09:31.000Z</time>
        <extensions>
          <ns3:TrackPointExtension>
            <ns3:hr>115</ns3:hr>
            <ns3:cad>60</ns3:cad>
          </ns3:TrackPointExtension>
        </extensions>
      </trkpt>
      <trkpt lat="3.9069386757910251617431640625" lon="11.4881444536149501800537109375">
        <ele>863.5999755859375</ele>
        <time>2026-06-06T06:09:40.000Z</time>
        <extensions>
          <ns3:TrackPointExtension>
            <ns3:hr>118</ns3:hr>
            <ns3:cad>63</ns3:cad>
          </ns3:TrackPointExtension>
        </extensions>
      </trkpt>
      <trkpt lat="3.90702324919402599334716796875" lon="11.488079912960529327392578125">
        <ele>866</ele>
        <time>2026-06-06T06:09:47.000Z</time>
        <extensions>
          <ns3:TrackPointExtension>
            <ns3:hr>121</ns3:hr>
            <ns3:cad>60</ns3:cad>
          </ns3:TrackPointExtension>
        </extensions>
      </trkpt>
      <trkpt lat="3.90705308876931667327880859375" lon="11.488053090870380401611328125">
        <ele>867</ele>
        <time>2026-06-06T06:09:50.000Z</time>
        <extensions>
          <ns3:TrackPointExtension>
            <ns3:hr>127</ns3:hr>
            <ns3:cad>63</ns3:cad>
          </ns3:TrackPointExtension>
        </extensions>
      </trkpt>
      <trkpt lat="3.90706800855696201324462890625" lon="11.48803221993148326873779296875">
        <ele>868</ele>
        <time>2026-06-06T06:09:52.000Z</time>
        <extensions>
          <ns3:TrackPointExtension>
            <ns3:hr>124</ns3:hr>
            <ns3:cad>63</ns3:cad>
          </ns3:TrackPointExtension>
        </extensions>
      </trkpt>
      <trkpt lat="3.9071358181536197662353515625" lon="11.4879650808870792388916015625">
        <ele>870.5999755859375</ele>
        <time>2026-06-06T06:09:59.000Z</time>
        <extensions>
          <ns3:TrackPointExtension>
            <ns3:hr>121</ns3:hr>
            <ns3:cad>60</ns3:cad>
          </ns3:TrackPointExtension>
        </extensions>
      </trkpt>
      <trkpt lat="3.907251656055450439453125" lon="11.487886123359203338623046875">
        <ele>873.4000244140625</ele>
        <time>2026-06-06T06:10:09.000Z</time>
        <extensions>
          <ns3:TrackPointExtension>
            <ns3:hr>118</ns3:hr>
            <ns3:cad>60</ns3:cad>
          </ns3:TrackPointExtension>
        </extensions>
      </trkpt>
      <trkpt lat="3.907415606081485748291015625" lon="11.48780272342264652252197265625">
        <ele>876.5999755859375</ele>
        <time>2026-06-06T06:10:23.000Z</time>
        <extensions>
          <ns3:TrackPointExtension>
            <ns3:hr>119</ns3:hr>
            <ns3:cad>60</ns3:cad>
          </ns3:TrackPointExtension>
        </extensions>
      </trkpt>
      <trkpt lat="3.90757821500301361083984375" lon="11.48770297877490520477294921875">
        <ele>877.20001220703125</ele>
        <time>2026-06-06T06:10:38.000Z</time>
        <extensions>
          <ns3:TrackPointExtension>
            <ns3:hr>120</ns3:hr>
            <ns3:cad>60</ns3:cad>
          </ns3:TrackPointExtension>
        </extensions>
      </trkpt>
      <trkpt lat="3.907720707356929779052734375" lon="11.48758496157824993133544921875">
        <ele>879</ele>
        <time>2026-06-06T06:10:53.000Z</time>
        <extensions>
          <ns3:TrackPointExtension>
            <ns3:hr>122</ns3:hr>
            <ns3:cad>60</ns3:cad>
          </ns3:TrackPointExtension>
        </extensions>
      </trkpt>
      <trkpt lat="3.90775130130350589752197265625" lon="11.4875479973852634429931640625">
        <ele>879.4000244140625</ele>
        <time>2026-06-06T06:10:57.000Z</time>
        <extensions>
          <ns3:TrackPointExtension>
            <ns3:hr>119</ns3:hr>
            <ns3:cad>60</ns3:cad>
          </ns3:TrackPointExtension>
        </extensions>
      </trkpt>
      <trkpt lat="3.9078707434237003326416015625" lon="11.4874041639268398284912109375">
        <ele>878.5999755859375</ele>
        <time>2026-06-06T06:11:12.000Z</time>
        <extensions>
          <ns3:TrackPointExtension>
            <ns3:hr>120</ns3:hr>
            <ns3:cad>60</ns3:cad>
          </ns3:TrackPointExtension>
        </extensions>
      </trkpt>
      <trkpt lat="3.9078915305435657501220703125" lon="11.487381868064403533935546875">
        <ele>878.20001220703125</ele>
        <time>2026-06-06T06:11:15.000Z</time>
        <extensions>
          <ns3:TrackPointExtension>
            <ns3:hr>123</ns3:hr>
            <ns3:cad>60</ns3:cad>
          </ns3:TrackPointExtension>
        </extensions>
      </trkpt>
      <trkpt lat="3.90801549889147281646728515625" lon="11.48724339902400970458984375">
        <ele>876.20001220703125</ele>
        <time>2026-06-06T06:11:30.000Z</time>
        <extensions>
          <ns3:TrackPointExtension>
            <ns3:hr>123</ns3:hr>
            <ns3:cad>62</ns3:cad>
          </ns3:TrackPointExtension>
        </extensions>
      </trkpt>
      <trkpt lat="3.90819302760064601898193359375" lon="11.4871557243168354034423828125">
        <ele>876.5999755859375</ele>
        <time>2026-06-06T06:11:44.000Z</time>
        <extensions>
          <ns3:TrackPointExtension>
            <ns3:hr>123</ns3:hr>
            <ns3:cad>60</ns3:cad>
          </ns3:TrackPointExtension>
        </extensions>
      </trkpt>
      <trkpt lat="3.90832982026040554046630859375" lon="11.48710886947810649871826171875">
        <ele>876.79998779296875</ele>
        <time>2026-06-06T06:11:55.000Z</time>
        <extensions>
          <ns3:TrackPointExtension>
            <ns3:hr>124</ns3:hr>
            <ns3:cad>60</ns3:cad>
          </ns3:TrackPointExtension>
        </extensions>
      </trkpt>
      <trkpt lat="3.908511959016323089599609375" lon="11.48706427775323390960693359375">
        <ele>877.79998779296875</ele>
        <time>2026-06-06T06:12:10.000Z</time>
        <extensions>
          <ns3:TrackPointExtension>
            <ns3:hr>122</ns3:hr>
            <ns3:cad>60</ns3:cad>
          </ns3:TrackPointExtension>
        </extensions>
      </trkpt>
      <trkpt lat="3.90869091264903545379638671875" lon="11.48701348342001438140869140625">
        <ele>880.5999755859375</ele>
        <time>2026-06-06T06:12:25.000Z</time>
        <extensions>
          <ns3:TrackPointExtension>
            <ns3:hr>120</ns3:hr>
            <ns3:cad>60</ns3:cad>
          </ns3:TrackPointExtension>
        </extensions>
      </trkpt>
      <trkpt lat="3.9088611491024494171142578125" lon="11.4869374595582485198974609375">
        <ele>885.20001220703125</ele>
        <time>2026-06-06T06:12:40.000Z</time>
        <extensions>
          <ns3:TrackPointExtension>
            <ns3:hr>122</ns3:hr>
            <ns3:cad>60</ns3:cad>
          </ns3:TrackPointExtension>
        </extensions>
      </trkpt>
      <trkpt lat="3.9090197347104549407958984375" lon="11.4868469350039958953857421875">
        <ele>888.20001220703125</ele>
        <time>2026-06-06T06:12:54.000Z</time>
        <extensions>
          <ns3:TrackPointExtension>
            <ns3:hr>122</ns3:hr>
            <ns3:cad>60</ns3:cad>
          </ns3:TrackPointExtension>
        </extensions>
      </trkpt>
      <trkpt lat="3.909181840717792510986328125" lon="11.48674224503338336944580078125">
        <ele>890.20001220703125</ele>
        <time>2026-06-06T06:13:08.000Z</time>
        <extensions>
          <ns3:TrackPointExtension>
            <ns3:hr>123</ns3:hr>
            <ns3:cad>62</ns3:cad>
          </ns3:TrackPointExtension>
        </extensions>
      </trkpt>
      <trkpt lat="3.9093027077615261077880859375" lon="11.48658768273890018463134765625">
        <ele>892.20001220703125</ele>
        <time>2026-06-06T06:13:24.000Z</time>
        <extensions>
          <ns3:TrackPointExtension>
            <ns3:hr>124</ns3:hr>
            <ns3:cad>60</ns3:cad>
          </ns3:TrackPointExtension>
        </extensions>
      </trkpt>
      <trkpt lat="3.9094395004212856292724609375" lon="11.4864523150026798248291015625">
        <ele>893</ele>
        <time>2026-06-06T06:13:36.000Z</time>
        <extensions>
          <ns3:TrackPointExtension>
            <ns3:hr>123</ns3:hr>
            <ns3:cad>60</ns3:cad>
          </ns3:TrackPointExtension>
        </extensions>
      </trkpt>
      <trkpt lat="3.90956564806401729583740234375" lon="11.48632231168448925018310546875">
        <ele>893</ele>
        <time>2026-06-06T06:13:48.000Z</time>
        <extensions>
          <ns3:TrackPointExtension>
            <ns3:hr>122</ns3:hr>
            <ns3:cad>60</ns3:cad>
          </ns3:TrackPointExtension>
        </extensions>
      </trkpt>
      <trkpt lat="3.90970923006534576416015625" lon="11.4861938171088695526123046875">
        <ele>894</ele>
        <time>2026-06-06T06:14:05.000Z</time>
        <extensions>
          <ns3:TrackPointExtension>
            <ns3:hr>122</ns3:hr>
            <ns3:cad>61</ns3:cad>
          </ns3:TrackPointExtension>
        </extensions>
      </trkpt>
      <trkpt lat="3.90981442295014858245849609375" lon="11.48611192591488361358642578125">
        <ele>893.20001220703125</ele>
        <time>2026-06-06T06:14:15.000Z</time>
        <extensions>
          <ns3:TrackPointExtension>
            <ns3:hr>125</ns3:hr>
            <ns3:cad>63</ns3:cad>
          </ns3:TrackPointExtension>
        </extensions>
      </trkpt>
      <trkpt lat="3.9099675603210926055908203125" lon="11.48599877022206783294677734375">
        <ele>893.4000244140625</ele>
        <time>2026-06-06T06:14:28.000Z</time>
        <extensions>
          <ns3:TrackPointExtension>
            <ns3:hr>125</ns3:hr>
            <ns3:cad>60</ns3:cad>
          </ns3:TrackPointExtension>
        </extensions>
      </trkpt>
      <trkpt lat="3.91013846732676029205322265625" lon="11.48593406192958354949951171875">
        <ele>890.5999755859375</ele>
        <time>2026-06-06T06:14:40.000Z</time>
        <extensions>
          <ns3:TrackPointExtension>
            <ns3:hr>125</ns3:hr>
            <ns3:cad>60</ns3:cad>
          </ns3:TrackPointExtension>
        </extensions>
      </trkpt>
      <trkpt lat="3.9103266410529613494873046875" lon="11.4859088324010372161865234375">
        <ele>888.79998779296875</ele>
        <time>2026-06-06T06:14:51.000Z</time>
        <extensions>
          <ns3:TrackPointExtension>
            <ns3:hr>125</ns3:hr>
            <ns3:cad>60</ns3:cad>
          </ns3:TrackPointExtension>
        </extensions>
      </trkpt>
      <trkpt lat="3.91050995327532291412353515625" lon="11.48592375218868255615234375">
        <ele>888.79998779296875</ele>
        <time>2026-06-06T06:15:03.000Z</time>
        <extensions>
          <ns3:TrackPointExtension>
            <ns3:hr>124</ns3:hr>
            <ns3:cad>61</ns3:cad>
          </ns3:TrackPointExtension>
        </extensions>
      </trkpt>
      <trkpt lat="3.91064624302089214324951171875" lon="11.48604520596563816070556640625">
        <ele>891</ele>
        <time>2026-06-06T06:15:18.000Z</time>
        <extensions>
          <ns3:TrackPointExtension>
            <ns3:hr>122</ns3:hr>
            <ns3:cad>61</ns3:cad>
          </ns3:TrackPointExtension>
        </extensions>
      </trkpt>
      <trkpt lat="3.910673148930072784423828125" lon="11.486164145171642303466796875">
        <ele>892.5999755859375</ele>
        <time>2026-06-06T06:15:28.000Z</time>
        <extensions>
          <ns3:TrackPointExtension>
            <ns3:hr>119</ns3:hr>
            <ns3:cad>59</ns3:cad>
          </ns3:TrackPointExtension>
        </extensions>
      </trkpt>
      <trkpt lat="3.9106438122689723968505859375" lon="11.4863440208137035369873046875">
        <ele>894.4000244140625</ele>
        <time>2026-06-06T06:15:41.000Z</time>
        <extensions>
          <ns3:TrackPointExtension>
            <ns3:hr>119</ns3:hr>
            <ns3:cad>57</ns3:cad>
          </ns3:TrackPointExtension>
        </extensions>
      </trkpt>
      <trkpt lat="3.91058170236647129058837890625" lon="11.4865220524370670318603515625">
        <ele>896.79998779296875</ele>
        <time>2026-06-06T06:15:56.000Z</time>
        <extensions>
          <ns3:TrackPointExtension>
            <ns3:hr>120</ns3:hr>
            <ns3:cad>61</ns3:cad>
          </ns3:TrackPointExtension>
        </extensions>
      </trkpt>
      <trkpt lat="3.91049637459218502044677734375" lon="11.4866628684103488922119140625">
        <ele>898.20001220703125</ele>
        <time>2026-06-06T06:16:08.000Z</time>
        <extensions>
          <ns3:TrackPointExtension>
            <ns3:hr>123</ns3:hr>
            <ns3:cad>61</ns3:cad>
          </ns3:TrackPointExtension>
        </extensions>
      </trkpt>
      <trkpt lat="3.91044943593442440032958984375" lon="11.4868030138313770294189453125">
        <ele>900.79998779296875</ele>
        <time>2026-06-06T06:16:19.000Z</time>
        <extensions>
          <ns3:TrackPointExtension>
            <ns3:hr>126</ns3:hr>
            <ns3:cad>0</ns3:cad>
          </ns3:TrackPointExtension>
        </extensions>
      </trkpt>
      <trkpt lat="3.910429067909717559814453125" lon="11.48692765273153781890869140625">
        <ele>902.5999755859375</ele>
        <time>2026-06-06T06:16:30.000Z</time>
        <extensions>
          <ns3:TrackPointExtension>
            <ns3:hr>123</ns3:hr>
            <ns3:cad>62</ns3:cad>
          </ns3:TrackPointExtension>
        </extensions>
      </trkpt>
      <trkpt lat="3.910384476184844970703125" lon="11.48711465299129486083984375">
        <ele>903.79998779296875</ele>
        <time>2026-06-06T06:16:43.000Z</time>
        <extensions>
          <ns3:TrackPointExtension>
            <ns3:hr>124</ns3:hr>
            <ns3:cad>63</ns3:cad>
          </ns3:TrackPointExtension>
        </extensions>
      </trkpt>
      <trkpt lat="3.91037450172007083892822265625" lon="11.48729880340397357940673828125">
        <ele>904.20001220703125</ele>
        <time>2026-06-06T06:16:56.000Z</time>
        <extensions>
          <ns3:TrackPointExtension>
            <ns3:hr>124</ns3:hr>
            <ns3:cad>60</ns3:cad>
          </ns3:TrackPointExtension>
        </extensions>
      </trkpt>
      <trkpt lat="3.9103724062442779541015625" lon="11.4874920062720775604248046875">
        <ele>903.5999755859375</ele>
        <time>2026-06-06T06:17:10.000Z</time>
        <extensions>
          <ns3:TrackPointExtension>
            <ns3:hr>122</ns3:hr>
            <ns3:cad>60</ns3:cad>
          </ns3:TrackPointExtension>
        </extensions>
      </trkpt>
      <trkpt lat="3.9103457517921924591064453125" lon="11.48767163045704364776611328125">
        <ele>906.5999755859375</ele>
        <time>2026-06-06T06:17:21.000Z</time>
        <extensions>
          <ns3:TrackPointExtension>
            <ns3:hr>123</ns3:hr>
            <ns3:cad>60</ns3:cad>
          </ns3:TrackPointExtension>
        </extensions>
      </trkpt>
      <trkpt lat="3.91033711843192577362060546875" lon="11.487858630716800689697265625">
        <ele>909</ele>
        <time>2026-06-06T06:17:35.000Z</time>
        <extensions>
          <ns3:TrackPointExtension>
            <ns3:hr>125</ns3:hr>
            <ns3:cad>62</ns3:cad>
          </ns3:TrackPointExtension>
        </extensions>
      </trkpt>
      <trkpt lat="3.91035354696214199066162109375" lon="11.48804998956620693206787109375">
        <ele>912.5999755859375</ele>
        <time>2026-06-06T06:17:51.000Z</time>
        <extensions>
          <ns3:TrackPointExtension>
            <ns3:hr>125</ns3:hr>
            <ns3:cad>60</ns3:cad>
          </ns3:TrackPointExtension>
        </extensions>
      </trkpt>
      <trkpt lat="3.91037651337683200836181640625" lon="11.48817085660994052886962890625">
        <ele>914.4000244140625</ele>
        <time>2026-06-06T06:18:01.000Z</time>
        <extensions>
          <ns3:TrackPointExtension>
            <ns3:hr>122</ns3:hr>
            <ns3:cad>60</ns3:cad>
          </ns3:TrackPointExtension>
        </extensions>
      </trkpt>
      <trkpt lat="3.910415656864643096923828125" lon="11.48835173808038234710693359375">
        <ele>917</ele>
        <time>2026-06-06T06:18:16.000Z</time>
        <extensions>
          <ns3:TrackPointExtension>
            <ns3:hr>123</ns3:hr>
            <ns3:cad>60</ns3:cad>
          </ns3:TrackPointExtension>
        </extensions>
      </trkpt>
      <trkpt lat="3.91046720556914806365966796875" lon="11.48852943442761898040771484375">
        <ele>920.4000244140625</ele>
        <time>2026-06-06T06:18:31.000Z</time>
        <extensions>
          <ns3:TrackPointExtension>
            <ns3:hr>123</ns3:hr>
            <ns3:cad>60</ns3:cad>
          </ns3:TrackPointExtension>
        </extensions>
      </trkpt>
      <trkpt lat="3.9105040021240711212158203125" lon="11.48870931006968021392822265625">
        <ele>923.20001220703125</ele>
        <time>2026-06-06T06:18:43.000Z</time>
        <extensions>
          <ns3:TrackPointExtension>
            <ns3:hr>121</ns3:hr>
            <ns3:cad>61</ns3:cad>
          </ns3:TrackPointExtension>
        </extensions>
      </trkpt>
      <trkpt lat="3.91052596271038055419921875" lon="11.48882699199020862579345703125">
        <ele>924.5999755859375</ele>
        <time>2026-06-06T06:18:51.000Z</time>
        <extensions>
          <ns3:TrackPointExtension>
            <ns3:hr>124</ns3:hr>
            <ns3:cad>62</ns3:cad>
          </ns3:TrackPointExtension>
        </extensions>
      </trkpt>
      <trkpt lat="3.91058086417615413665771484375" lon="11.4889995753765106201171875">
        <ele>926.79998779296875</ele>
        <time>2026-06-06T06:19:05.000Z</time>
        <extensions>
          <ns3:TrackPointExtension>
            <ns3:hr>121</ns3:hr>
            <ns3:cad>60</ns3:cad>
          </ns3:TrackPointExtension>
        </extensions>
      </trkpt>
      <trkpt lat="3.9106169901788234710693359375" lon="11.48917861282825469970703125">
        <ele>927.79998779296875</ele>
        <time>2026-06-06T06:19:20.000Z</time>
        <extensions>
          <ns3:TrackPointExtension>
            <ns3:hr>122</ns3:hr>
            <ns3:cad>60</ns3:cad>
          </ns3:TrackPointExtension>
        </extensions>
      </trkpt>
      <trkpt lat="3.9106498472392559051513671875" lon="11.489356644451618194580078125">
        <ele>929.79998779296875</ele>
        <time>2026-06-06T06:19:36.000Z</time>
        <extensions>
          <ns3:TrackPointExtension>
            <ns3:hr>123</ns3:hr>
            <ns3:cad>61</ns3:cad>
          </ns3:TrackPointExtension>
        </extensions>
      </trkpt>
      <trkpt lat="3.9106790162622928619384765625" lon="11.4895392023026943206787109375">
        <ele>932.20001220703125</ele>
        <time>2026-06-06T06:19:51.000Z</time>
        <extensions>
          <ns3:TrackPointExtension>
            <ns3:hr>124</ns3:hr>
            <ns3:cad>60</ns3:cad>
          </ns3:TrackPointExtension>
        </extensions>
      </trkpt>
      <trkpt lat="3.9107142202556133270263671875" lon="11.48972469381988048553466796875">
        <ele>934.79998779296875</ele>
        <time>2026-06-06T06:20:05.000Z</time>
        <extensions>
          <ns3:TrackPointExtension>
            <ns3:hr>123</ns3:hr>
            <ns3:cad>60</ns3:cad>
          </ns3:TrackPointExtension>
        </extensions>
      </trkpt>
      <trkpt lat="3.910732157528400421142578125" lon="11.489801891148090362548828125">
        <ele>935.20001220703125</ele>
        <time>2026-06-06T06:20:11.000Z</time>
        <extensions>
          <ns3:TrackPointExtension>
            <ns3:hr>120</ns3:hr>
            <ns3:cad>60</ns3:cad>
          </ns3:TrackPointExtension>
        </extensions>
      </trkpt>
      <trkpt lat="3.910779096186161041259765625" lon="11.4899800904095172882080078125">
        <ele>935.79998779296875</ele>
        <time>2026-06-06T06:20:23.000Z</time>
        <extensions>
          <ns3:TrackPointExtension>
            <ns3:hr>122</ns3:hr>
            <ns3:cad>60</ns3:cad>
          </ns3:TrackPointExtension>
        </extensions>
      </trkpt>
      <trkpt lat="3.91083869151771068572998046875" lon="11.49010255001485347747802734375">
        <ele>936</ele>
        <time>2026-06-06T06:20:37.000Z</time>
        <extensions>
          <ns3:TrackPointExtension>
            <ns3:hr>120</ns3:hr>
            <ns3:cad>0</ns3:cad>
          </ns3:TrackPointExtension>
        </extensions>
      </trkpt>
      <trkpt lat="3.91075973398983478546142578125" lon="11.49005074985325336456298828125">
        <ele>933.79998779296875</ele>
        <time>2026-06-06T06:20:58.000Z</time>
        <extensions>
          <ns3:TrackPointExtension>
            <ns3:hr>125</ns3:hr>
            <ns3:cad>0</ns3:cad>
          </ns3:TrackPointExtension>
        </extensions>
      </trkpt>
      <trkpt lat="3.9107578061521053314208984375" lon="11.4900639094412326812744140625">
        <ele>933.4000244140625</ele>
        <time>2026-06-06T06:21:00.000Z</time>
        <extensions>
          <ns3:TrackPointExtension>
            <ns3:hr>132</ns3:hr>
            <ns3:cad>0</ns3:cad>
          </ns3:TrackPointExtension>
        </extensions>
      </trkpt>
      <trkpt lat="3.91075797379016876220703125" lon="11.49006516672670841217041015625">
        <ele>933.4000244140625</ele>
        <time>2026-06-06T06:21:02.000Z</time>
        <extensions>
          <ns3:TrackPointExtension>
            <ns3:hr>135</ns3:hr>
            <ns3:cad>0</ns3:cad>
          </ns3:TrackPointExtension>
        </extensions>
      </trkpt>
      <trkpt lat="3.9107752405107021331787109375" lon="11.49006516672670841217041015625">
        <ele>934</ele>
        <time>2026-06-06T06:21:06.000Z</time>
        <extensions>
          <ns3:TrackPointExtension>
            <ns3:hr>131</ns3:hr>
            <ns3:cad>0</ns3:cad>
          </ns3:TrackPointExtension>
        </extensions>
      </trkpt>
      <trkpt lat="3.910807259380817413330078125" lon="11.49009634740650653839111328125">
        <ele>934.79998779296875</ele>
        <time>2026-06-06T06:21:10.000Z</time>
        <extensions>
          <ns3:TrackPointExtension>
            <ns3:hr>127</ns3:hr>
            <ns3:cad>60</ns3:cad>
          </ns3:TrackPointExtension>
        </extensions>
      </trkpt>
      <trkpt lat="3.9108466543257236480712890625" lon="11.49013473652303218841552734375">
        <ele>935.5999755859375</ele>
        <time>2026-06-06T06:21:14.000Z</time>
        <extensions>
          <ns3:TrackPointExtension>
            <ns3:hr>124</ns3:hr>
            <ns3:cad>60</ns3:cad>
          </ns3:TrackPointExtension>
        </extensions>
      </trkpt>
      <trkpt lat="3.910893090069293975830078125" lon="11.49017597548663616180419921875">
        <ele>936.79998779296875</ele>
        <time>2026-06-06T06:21:18.000Z</time>
        <extensions>
          <ns3:TrackPointExtension>
            <ns3:hr>121</ns3:hr>
            <ns3:cad>60</ns3:cad>
          </ns3:TrackPointExtension>
        </extensions>
      </trkpt>
      <trkpt lat="3.91098084859549999237060546875" lon="11.490275301039218902587890625">
        <ele>938</ele>
        <time>2026-06-06T06:21:26.000Z</time>
        <extensions>
          <ns3:TrackPointExtension>
            <ns3:hr>124</ns3:hr>
            <ns3:cad>60</ns3:cad>
          </ns3:TrackPointExtension>
        </extensions>
      </trkpt>
      <trkpt lat="3.9110327325761318206787109375" lon="11.49031679145991802215576171875">
        <ele>938.5999755859375</ele>
        <time>2026-06-06T06:21:31.000Z</time>
        <extensions>
          <ns3:TrackPointExtension>
            <ns3:hr>127</ns3:hr>
            <ns3:cad>64</ns3:cad>
          </ns3:TrackPointExtension>
        </extensions>
      </trkpt>
      <trkpt lat="3.911103308200836181640625" lon="11.49036188609898090362548828125">
        <ele>939.5999755859375</ele>
        <time>2026-06-06T06:21:37.000Z</time>
        <extensions>
          <ns3:TrackPointExtension>
            <ns3:hr>124</ns3:hr>
            <ns3:cad>64</ns3:cad>
          </ns3:TrackPointExtension>
        </extensions>
      </trkpt>
      <trkpt lat="3.91115552745759487152099609375" lon="11.49040429852902889251708984375">
        <ele>940</ele>
        <time>2026-06-06T06:21:41.000Z</time>
        <extensions>
          <ns3:TrackPointExtension>
            <ns3:hr>119</ns3:hr>
            <ns3:cad>64</ns3:cad>
          </ns3:TrackPointExtension>
        </extensions>
      </trkpt>
      <trkpt lat="3.91116776503622531890869140625" lon="11.4904162846505641937255859375">
        <ele>940</ele>
        <time>2026-06-06T06:21:42.000Z</time>
        <extensions>
          <ns3:TrackPointExtension>
            <ns3:hr>123</ns3:hr>
            <ns3:cad>64</ns3:cad>
          </ns3:TrackPointExtension>
        </extensions>
      </trkpt>
      <trkpt lat="3.91118939034640789031982421875" lon="11.4904399216175079345703125">
        <ele>940</ele>
        <time>2026-06-06T06:21:43.000Z</time>
        <extensions>
          <ns3:TrackPointExtension>
            <ns3:hr>160</ns3:hr>
            <ns3:cad>65</ns3:cad>
          </ns3:TrackPointExtension>
        </extensions>
      </trkpt>
      <trkpt lat="3.91118939034640789031982421875" lon="11.4904399216175079345703125">
        <ele>940</ele>
        <time>2026-06-06T06:21:44.000Z</time>
        <extensions>
          <ns3:TrackPointExtension>
            <ns3:hr>165</ns3:hr>
            <ns3:cad>65</ns3:cad>
          </ns3:TrackPointExtension>
        </extensions>
      </trkpt>
      <trkpt lat="3.911205567419528961181640625" lon="11.490451991558074951171875">
        <ele>940.20001220703125</ele>
        <time>2026-06-06T06:21:45.000Z</time>
        <extensions>
          <ns3:TrackPointExtension>
            <ns3:hr>170</ns3:hr>
            <ns3:cad>65</ns3:cad>
          </ns3:TrackPointExtension>
        </extensions>
      </trkpt>
      <trkpt lat="3.91122090630233287811279296875" lon="11.4904595352709293365478515625">
        <ele>940.5999755859375</ele>
        <time>2026-06-06T06:21:46.000Z</time>
        <extensions>
          <ns3:TrackPointExtension>
            <ns3:hr>175</ns3:hr>
            <ns3:cad>65</ns3:cad>
          </ns3:TrackPointExtension>
        </extensions>
      </trkpt>
      <trkpt lat="3.91136373393237590789794921875" lon="11.49052851833403110504150390625">
        <ele>942.5999755859375</ele>
        <time>2026-06-06T06:21:56.000Z</time>
        <extensions>
          <ns3:TrackPointExtension>
            <ns3:hr>172</ns3:hr>
            <ns3:cad>64</ns3:cad>
          </ns3:TrackPointExtension>
        </extensions>
      </trkpt>
      <trkpt lat="3.91154117882251739501953125" lon="11.4906080625951290130615234375">
        <ele>944.5999755859375</ele>
        <time>2026-06-06T06:22:09.000Z</time>
        <extensions>
          <ns3:TrackPointExtension>
            <ns3:hr>174</ns3:hr>
            <ns3:cad>60</ns3:cad>
          </ns3:TrackPointExtension>
        </extensions>
      </trkpt>
      <trkpt lat="3.91164603643119335174560546875" lon="11.49064536206424236297607421875">
        <ele>946.20001220703125</ele>
        <time>2026-06-06T06:22:17.000Z</time>
        <extensions>
          <ns3:TrackPointExtension>
            <ns3:hr>173</ns3:hr>
            <ns3:cad>62</ns3:cad>
          </ns3:TrackPointExtension>
        </extensions>
      </trkpt>
      <trkpt lat="3.91171862371265888214111328125" lon="11.49066723883152008056640625">
        <ele>947.5999755859375</ele>
        <time>2026-06-06T06:22:23.000Z</time>
        <extensions>
          <ns3:TrackPointExtension>
            <ns3:hr>176</ns3:hr>
            <ns3:cad>63</ns3:cad>
          </ns3:TrackPointExtension>
        </extensions>
      </trkpt>
      <trkpt lat="3.9118181169033050537109375" lon="11.4907027781009674072265625">
        <ele>949</ele>
        <time>2026-06-06T06:22:31.000Z</time>
        <extensions>
          <ns3:TrackPointExtension>
            <ns3:hr>173</ns3:hr>
            <ns3:cad>61</ns3:cad>
          </ns3:TrackPointExtension>
        </extensions>
      </trkpt>
      <trkpt lat="3.91198315657675266265869140625" lon="11.4907441847026348114013671875">
        <ele>951.4000244140625</ele>
        <time>2026-06-06T06:22:44.000Z</time>
        <extensions>
          <ns3:TrackPointExtension>
            <ns3:hr>168</ns3:hr>
            <ns3:cad>60</ns3:cad>
          </ns3:TrackPointExtension>
        </extensions>
      </trkpt>
      <trkpt lat="3.91201416961848735809326171875" lon="11.490758098661899566650390625">
        <ele>951.4000244140625</ele>
        <time>2026-06-06T06:22:47.000Z</time>
        <extensions>
          <ns3:TrackPointExtension>
            <ns3:hr>165</ns3:hr>
            <ns3:cad>60</ns3:cad>
          </ns3:TrackPointExtension>
        </extensions>
      </trkpt>
      <trkpt lat="3.91202556900680065155029296875" lon="11.4907656423747539520263671875">
        <ele>951.4000244140625</ele>
        <time>2026-06-06T06:22:48.000Z</time>
        <extensions>
          <ns3:TrackPointExtension>
            <ns3:hr>161</ns3:hr>
            <ns3:cad>60</ns3:cad>
          </ns3:TrackPointExtension>
        </extensions>
      </trkpt>
      <trkpt lat="3.91203696839511394500732421875" lon="11.4907730184495449066162109375">
        <ele>951.20001220703125</ele>
        <time>2026-06-06T06:22:49.000Z</time>
        <extensions>
          <ns3:TrackPointExtension>
            <ns3:hr>158</ns3:hr>
            <ns3:cad>62</ns3:cad>
          </ns3:TrackPointExtension>
        </extensions>
      </trkpt>
      <trkpt lat="3.91205993480980396270751953125" lon="11.49078517220914363861083984375">
        <ele>951.20001220703125</ele>
        <time>2026-06-06T06:22:51.000Z</time>
        <extensions>
          <ns3:TrackPointExtension>
            <ns3:hr>161</ns3:hr>
            <ns3:cad>62</ns3:cad>
          </ns3:TrackPointExtension>
        </extensions>
      </trkpt>
      <trkpt lat="3.91206999309360980987548828125" lon="11.49079238064587116241455078125">
        <ele>951.20001220703125</ele>
        <time>2026-06-06T06:22:52.000Z</time>
        <extensions>
          <ns3:TrackPointExtension>
            <ns3:hr>164</ns3:hr>
            <ns3:cad>62</ns3:cad>
          </ns3:TrackPointExtension>
        </extensions>
      </trkpt>
      <trkpt lat="3.91208105720579624176025390625" lon="11.49080143310129642486572265625">
        <ele>951</ele>
        <time>2026-06-06T06:22:53.000Z</time>
        <extensions>
          <ns3:TrackPointExtension>
            <ns3:hr>169</ns3:hr>
            <ns3:cad>62</ns3:cad>
          </ns3:TrackPointExtension>
        </extensions>
      </trkpt>
      <trkpt lat="3.91209329478442668914794921875" lon="11.4908100664615631103515625">
        <ele>951</ele>
        <time>2026-06-06T06:22:54.000Z</time>
        <extensions>
          <ns3:TrackPointExtension>
            <ns3:hr>173</ns3:hr>
            <ns3:cad>62</ns3:cad>
          </ns3:TrackPointExtension>
        </extensions>
      </trkpt>
      <trkpt lat="3.9121062867343425750732421875" lon="11.49082020856440067291259765625">
        <ele>951</ele>
        <time>2026-06-06T06:22:55.000Z</time>
        <extensions>
          <ns3:TrackPointExtension>
            <ns3:hr>178</ns3:hr>
            <ns3:cad>62</ns3:cad>
          </ns3:TrackPointExtension>
        </extensions>
      </trkpt>
      <trkpt lat="3.91211844049394130706787109375" lon="11.4908342063426971435546875">
        <ele>950.79998779296875</ele>
        <time>2026-06-06T06:22:56.000Z</time>
        <extensions>
          <ns3:TrackPointExtension>
            <ns3:hr>183</ns3:hr>
            <ns3:cad>62</ns3:cad>
          </ns3:TrackPointExtension>
        </extensions>
      </trkpt>
      <trkpt lat="3.912130258977413177490234375" lon="11.49084552191197872161865234375">
        <ele>950.79998779296875</ele>
        <time>2026-06-06T06:22:57.000Z</time>
        <extensions>
          <ns3:TrackPointExtension>
            <ns3:hr>189</ns3:hr>
            <ns3:cad>62</ns3:cad>
          </ns3:TrackPointExtension>
        </extensions>
      </trkpt>
      <trkpt lat="3.91221147961914539337158203125" lon="11.49096018634736537933349609375">
        <ele>949.79998779296875</ele>
        <time>2026-06-06T06:23:05.000Z</time>
        <extensions>
          <ns3:TrackPointExtension>
            <ns3:hr>186</ns3:hr>
            <ns3:cad>60</ns3:cad>
          </ns3:TrackPointExtension>
        </extensions>
      </trkpt>
      <trkpt lat="3.91223075799643993377685546875" lon="11.49099790491163730621337890625">
        <ele>949.20001220703125</ele>
        <time>2026-06-06T06:23:08.000Z</time>
        <extensions>
          <ns3:TrackPointExtension>
            <ns3:hr>183</ns3:hr>
            <ns3:cad>60</ns3:cad>
          </ns3:TrackPointExtension>
        </extensions>
      </trkpt>
      <trkpt lat="3.91225674189627170562744140625" lon="11.49103361181914806365966796875">
        <ele>948.79998779296875</ele>
        <time>2026-06-06T06:23:11.000Z</time>
        <extensions>
          <ns3:TrackPointExtension>
            <ns3:hr>178</ns3:hr>
            <ns3:cad>64</ns3:cad>
          </ns3:TrackPointExtension>
        </extensions>
      </trkpt>
      <trkpt lat="3.912279121577739715576171875" lon="11.4910526387393474578857421875">
        <ele>949</ele>
        <time>2026-06-06T06:23:13.000Z</time>
        <extensions>
          <ns3:TrackPointExtension>
            <ns3:hr>174</ns3:hr>
            <ns3:cad>64</ns3:cad>
          </ns3:TrackPointExtension>
        </extensions>
      </trkpt>
      <trkpt lat="3.9122901856899261474609375" lon="11.491061188280582427978515625">
        <ele>949</ele>
        <time>2026-06-06T06:23:14.000Z</time>
        <extensions>
          <ns3:TrackPointExtension>
            <ns3:hr>169</ns3:hr>
            <ns3:cad>64</ns3:cad>
          </ns3:TrackPointExtension>
        </extensions>
      </trkpt>
      <trkpt lat="3.9123027585446834564208984375" lon="11.4910717494785785675048828125">
        <ele>949</ele>
        <time>2026-06-06T06:23:15.000Z</time>
        <extensions>
          <ns3:TrackPointExtension>
            <ns3:hr>152</ns3:hr>
            <ns3:cad>64</ns3:cad>
          </ns3:TrackPointExtension>
        </extensions>
      </trkpt>
      <trkpt lat="3.9123429916799068450927734375" lon="11.4911136589944362640380859375">
        <ele>949</ele>
        <time>2026-06-06T06:23:19.000Z</time>
        <extensions>
          <ns3:TrackPointExtension>
            <ns3:hr>157</ns3:hr>
            <ns3:cad>64</ns3:cad>
          </ns3:TrackPointExtension>
        </extensions>
      </trkpt>
      <trkpt lat="3.91235145740211009979248046875" lon="11.49112480692565441131591796875">
        <ele>949</ele>
        <time>2026-06-06T06:23:20.000Z</time>
        <extensions>
          <ns3:TrackPointExtension>
            <ns3:hr>164</ns3:hr>
            <ns3:cad>64</ns3:cad>
          </ns3:TrackPointExtension>
        </extensions>
      </trkpt>
      <trkpt lat="3.9123594202101230621337890625" lon="11.49113662540912628173828125">
        <ele>949</ele>
        <time>2026-06-06T06:23:21.000Z</time>
        <extensions>
          <ns3:TrackPointExtension>
            <ns3:hr>167</ns3:hr>
            <ns3:cad>64</ns3:cad>
          </ns3:TrackPointExtension>
        </extensions>
      </trkpt>
      <trkpt lat="3.91236771829426288604736328125" lon="11.4911485277116298675537109375">
        <ele>949</ele>
        <time>2026-06-06T06:23:22.000Z</time>
        <extensions>
          <ns3:TrackPointExtension>
            <ns3:hr>173</ns3:hr>
            <ns3:cad>64</ns3:cad>
          </ns3:TrackPointExtension>
        </extensions>
      </trkpt>
      <trkpt lat="3.9123760163784027099609375" lon="11.49115883745253086090087890625">
        <ele>949</ele>
        <time>2026-06-06T06:23:23.000Z</time>
        <extensions>
          <ns3:TrackPointExtension>
            <ns3:hr>178</ns3:hr>
            <ns3:cad>64</ns3:cad>
          </ns3:TrackPointExtension>
        </extensions>
      </trkpt>
      <trkpt lat="3.9123849011957645416259765625" lon="11.4911686442792415618896484375">
        <ele>949</ele>
        <time>2026-06-06T06:23:24.000Z</time>
        <extensions>
          <ns3:TrackPointExtension>
            <ns3:hr>183</ns3:hr>
            <ns3:cad>64</ns3:cad>
          </ns3:TrackPointExtension>
        </extensions>
      </trkpt>
      <trkpt lat="3.91248808242380619049072265625" lon="11.49123595096170902252197265625">
        <ele>950.20001220703125</ele>
        <time>2026-06-06T06:23:34.000Z</time>
        <extensions>
          <ns3:TrackPointExtension>
            <ns3:hr>184</ns3:hr>
            <ns3:cad>62</ns3:cad>
          </ns3:TrackPointExtension>
        </extensions>
      </trkpt>
      <trkpt lat="3.91253032721579074859619140625" lon="11.4912618510425090789794921875">
        <ele>950.79998779296875</ele>
        <time>2026-06-06T06:23:38.000Z</time>
        <extensions>
          <ns3:TrackPointExtension>
            <ns3:hr>179</ns3:hr>
            <ns3:cad>62</ns3:cad>
          </ns3:TrackPointExtension>
        </extensions>
      </trkpt>
      <trkpt lat="3.912574164569377899169921875" lon="11.4912809617817401885986328125">
        <ele>951.79998779296875</ele>
        <time>2026-06-06T06:23:41.000Z</time>
        <extensions>
          <ns3:TrackPointExtension>
            <ns3:hr>182</ns3:hr>
            <ns3:cad>62</ns3:cad>
          </ns3:TrackPointExtension>
        </extensions>
      </trkpt>
      <trkpt lat="3.91271355561912059783935546875" lon="11.49134458042681217193603515625">
        <ele>953.4000244140625</ele>
        <time>2026-06-06T06:23:50.000Z</time>
        <extensions>
          <ns3:TrackPointExtension>
            <ns3:hr>183</ns3:hr>
            <ns3:cad>60</ns3:cad>
          </ns3:TrackPointExtension>
        </extensions>
      </trkpt>
      <trkpt lat="3.912839703261852264404296875" lon="11.49147248826920986175537109375">
        <ele>954.5999755859375</ele>
        <time>2026-06-06T06:24:03.000Z</time>
        <extensions>
          <ns3:TrackPointExtension>
            <ns3:hr>183</ns3:hr>
            <ns3:cad>60</ns3:cad>
          </ns3:TrackPointExtension>
        </extensions>
      </trkpt>
      <trkpt lat="3.91289510764181613922119140625" lon="11.49164767004549503326416015625">
        <ele>955.20001220703125</ele>
        <time>2026-06-06T06:24:12.000Z</time>
        <extensions>
          <ns3:TrackPointExtension>
            <ns3:hr>179</ns3:hr>
            <ns3:cad>61</ns3:cad>
          </ns3:TrackPointExtension>
        </extensions>
      </trkpt>
      <trkpt lat="3.91289980150759220123291015625" lon="11.49166057817637920379638671875">
        <ele>955.20001220703125</ele>
        <time>2026-06-06T06:24:13.000Z</time>
        <extensions>
          <ns3:TrackPointExtension>
            <ns3:hr>179</ns3:hr>
            <ns3:cad>61</ns3:cad>
          </ns3:TrackPointExtension>
        </extensions>
      </trkpt>
      <trkpt lat="3.91290868632495403289794921875" lon="11.49167750962078571319580078125">
        <ele>955.4000244140625</ele>
        <time>2026-06-06T06:24:15.000Z</time>
        <extensions>
          <ns3:TrackPointExtension>
            <ns3:hr>183</ns3:hr>
            <ns3:cad>64</ns3:cad>
          </ns3:TrackPointExtension>
        </extensions>
      </trkpt>
      <trkpt lat="3.9129458181560039520263671875" lon="11.49186040274798870086669921875">
        <ele>955.20001220703125</ele>
        <time>2026-06-06T06:24:27.000Z</time>
        <extensions>
          <ns3:TrackPointExtension>
            <ns3:hr>182</ns3:hr>
            <ns3:cad>61</ns3:cad>
          </ns3:TrackPointExtension>
        </extensions>
      </trkpt>
      <trkpt lat="3.9129461534321308135986328125" lon="11.49189678020775318145751953125">
        <ele>954.79998779296875</ele>
        <time>2026-06-06T06:24:29.000Z</time>
        <extensions>
          <ns3:TrackPointExtension>
            <ns3:hr>179</ns3:hr>
            <ns3:cad>63</ns3:cad>
          </ns3:TrackPointExtension>
        </extensions>
      </trkpt>
      <trkpt lat="3.9129337482154369354248046875" lon="11.49203323759138584136962890625">
        <ele>953.79998779296875</ele>
        <time>2026-06-06T06:24:37.000Z</time>
        <extensions>
          <ns3:TrackPointExtension>
            <ns3:hr>174</ns3:hr>
            <ns3:cad>60</ns3:cad>
          </ns3:TrackPointExtension>
        </extensions>
      </trkpt>
      <trkpt lat="3.91291405074298381805419921875" lon="11.492048241198062896728515625">
        <ele>953.20001220703125</ele>
        <time>2026-06-06T06:24:38.000Z</time>
        <extensions>
          <ns3:TrackPointExtension>
            <ns3:hr>174</ns3:hr>
            <ns3:cad>60</ns3:cad>
          </ns3:TrackPointExtension>
        </extensions>
      </trkpt>
      <trkpt lat="3.91291103325784206390380859375" lon="11.4920641668140888214111328125">
        <ele>953</ele>
        <time>2026-06-06T06:24:40.000Z</time>
        <extensions>
          <ns3:TrackPointExtension>
            <ns3:hr>181</ns3:hr>
            <ns3:cad>60</ns3:cad>
          </ns3:TrackPointExtension>
        </extensions>
      </trkpt>
      <trkpt lat="3.91291405074298381805419921875" lon="11.49208554066717624664306640625">
        <ele>953.20001220703125</ele>
        <time>2026-06-06T06:24:44.000Z</time>
        <extensions>
          <ns3:TrackPointExtension>
            <ns3:hr>180</ns3:hr>
            <ns3:cad>62</ns3:cad>
          </ns3:TrackPointExtension>
        </extensions>
      </trkpt>
      <trkpt lat="3.9129414595663547515869140625" lon="11.4921194873750209808349609375">
        <ele>953.79998779296875</ele>
        <time>2026-06-06T06:24:48.000Z</time>
        <extensions>
          <ns3:TrackPointExtension>
            <ns3:hr>179</ns3:hr>
            <ns3:cad>62</ns3:cad>
          </ns3:TrackPointExtension>
        </extensions>
      </trkpt>
      <trkpt lat="3.91295109875500202178955078125" lon="11.4921228401362895965576171875">
        <ele>954</ele>
        <time>2026-06-06T06:24:49.000Z</time>
        <extensions>
          <ns3:TrackPointExtension>
            <ns3:hr>174</ns3:hr>
            <ns3:cad>62</ns3:cad>
          </ns3:TrackPointExtension>
        </extensions>
      </trkpt>
      <trkpt lat="3.91295897774398326873779296875" lon="11.4921241812407970428466796875">
        <ele>954.20001220703125</ele>
        <time>2026-06-06T06:24:50.000Z</time>
        <extensions>
          <ns3:TrackPointExtension>
            <ns3:hr>168</ns3:hr>
            <ns3:cad>62</ns3:cad>
          </ns3:TrackPointExtension>
        </extensions>
      </trkpt>
      <trkpt lat="3.9129661023616790771484375" lon="11.49212946183979511260986328125">
        <ele>954.4000244140625</ele>
        <time>2026-06-06T06:24:51.000Z</time>
        <extensions>
          <ns3:TrackPointExtension>
            <ns3:hr>164</ns3:hr>
            <ns3:cad>60</ns3:cad>
          </ns3:TrackPointExtension>
        </extensions>
      </trkpt>
      <trkpt lat="3.912973143160343170166015625" lon="11.49213767610490322113037109375">
        <ele>954.5999755859375</ele>
        <time>2026-06-06T06:24:52.000Z</time>
        <extensions>
          <ns3:TrackPointExtension>
            <ns3:hr>160</ns3:hr>
            <ns3:cad>60</ns3:cad>
          </ns3:TrackPointExtension>
        </extensions>
      </trkpt>
      <trkpt lat="3.9129826985299587249755859375" lon="11.492142789065837860107421875">
        <ele>954.79998779296875</ele>
        <time>2026-06-06T06:24:53.000Z</time>
        <extensions>
          <ns3:TrackPointExtension>
            <ns3:hr>143</ns3:hr>
            <ns3:cad>60</ns3:cad>
          </ns3:TrackPointExtension>
        </extensions>
      </trkpt>
      <trkpt lat="3.91298957169055938720703125" lon="11.49214446544647216796875">
        <ele>955</ele>
        <time>2026-06-06T06:24:54.000Z</time>
        <extensions>
          <ns3:TrackPointExtension>
            <ns3:hr>140</ns3:hr>
            <ns3:cad>60</ns3:cad>
          </ns3:TrackPointExtension>
        </extensions>
      </trkpt>
      <trkpt lat="3.91299426555633544921875" lon="11.4921503327786922454833984375">
        <ele>955.20001220703125</ele>
        <time>2026-06-06T06:24:55.000Z</time>
        <extensions>
          <ns3:TrackPointExtension>
            <ns3:hr>140</ns3:hr>
            <ns3:cad>60</ns3:cad>
          </ns3:TrackPointExtension>
        </extensions>
      </trkpt>
      <trkpt lat="3.91300239600241184234619140625" lon="11.4921533502638339996337890625">
        <ele>955.4000244140625</ele>
        <time>2026-06-06T06:24:57.000Z</time>
        <extensions>
          <ns3:TrackPointExtension>
            <ns3:hr>140</ns3:hr>
            <ns3:cad>60</ns3:cad>
          </ns3:TrackPointExtension>
        </extensions>
      </trkpt>
      <trkpt lat="3.91303382813930511474609375" lon="11.49220774881541728973388671875">
        <ele>956.20001220703125</ele>
        <time>2026-06-06T06:25:02.000Z</time>
        <extensions>
          <ns3:TrackPointExtension>
            <ns3:hr>140</ns3:hr>
            <ns3:cad>63</ns3:cad>
          </ns3:TrackPointExtension>
        </extensions>
      </trkpt>
      <trkpt lat="3.913064338266849517822265625" lon="11.492262147367000579833984375">
        <ele>956.5999755859375</ele>
        <time>2026-06-06T06:25:10.000Z</time>
        <extensions>
          <ns3:TrackPointExtension>
            <ns3:hr>140</ns3:hr>
            <ns3:cad>60</ns3:cad>
          </ns3:TrackPointExtension>
        </extensions>
      </trkpt>
      <trkpt lat="3.91314790584146976470947265625" lon="11.492365412414073944091796875">
        <ele>958.4000244140625</ele>
        <time>2026-06-06T06:25:16.000Z</time>
        <extensions>
          <ns3:TrackPointExtension>
            <ns3:hr>140</ns3:hr>
            <ns3:cad>63</ns3:cad>
          </ns3:TrackPointExtension>
        </extensions>
      </trkpt>
      <trkpt lat="3.91318663023412227630615234375" lon="11.4923799969255924224853515625">
        <ele>959.20001220703125</ele>
        <time>2026-06-06T06:25:18.000Z</time>
        <extensions>
          <ns3:TrackPointExtension>
            <ns3:hr>139</ns3:hr>
            <ns3:cad>63</ns3:cad>
          </ns3:TrackPointExtension>
        </extensions>
      </trkpt>
      <trkpt lat="3.91325050033628940582275390625" lon="11.49242006242275238037109375">
        <ele>960.5999755859375</ele>
        <time>2026-06-06T06:25:25.000Z</time>
        <extensions>
          <ns3:TrackPointExtension>
            <ns3:hr>138</ns3:hr>
            <ns3:cad>60</ns3:cad>
          </ns3:TrackPointExtension>
        </extensions>
      </trkpt>
      <trkpt lat="3.91326340846717357635498046875" lon="11.4924379996955394744873046875">
        <ele>960.79998779296875</ele>
        <time>2026-06-06T06:25:27.000Z</time>
        <extensions>
          <ns3:TrackPointExtension>
            <ns3:hr>139</ns3:hr>
            <ns3:cad>60</ns3:cad>
          </ns3:TrackPointExtension>
        </extensions>
      </trkpt>
      <trkpt lat="3.913347981870174407958984375" lon="11.4925105869770050048828125">
        <ele>962.20001220703125</ele>
        <time>2026-06-06T06:25:32.000Z</time>
        <extensions>
          <ns3:TrackPointExtension>
            <ns3:hr>139</ns3:hr>
            <ns3:cad>60</ns3:cad>
          </ns3:TrackPointExtension>
        </extensions>
      </trkpt>
      <trkpt lat="3.9134081639349460601806640625" lon="11.49255425669252872467041015625">
        <ele>963</ele>
        <time>2026-06-06T06:25:34.000Z</time>
        <extensions>
          <ns3:TrackPointExtension>
            <ns3:hr>139</ns3:hr>
            <ns3:cad>62</ns3:cad>
          </ns3:TrackPointExtension>
        </extensions>
      </trkpt>
      <trkpt lat="3.9134587906301021575927734375" lon="11.4925536699593067169189453125">
        <ele>964.20001220703125</ele>
        <time>2026-06-06T06:25:38.000Z</time>
        <extensions>
          <ns3:TrackPointExtension>
            <ns3:hr>139</ns3:hr>
            <ns3:cad>63</ns3:cad>
          </ns3:TrackPointExtension>
        </extensions>
      </trkpt>
      <trkpt lat="3.913519643247127532958984375" lon="11.49263740517199039459228515625">
        <ele>964</ele>
        <time>2026-06-06T06:25:43.000Z</time>
        <extensions>
          <ns3:TrackPointExtension>
            <ns3:hr>139</ns3:hr>
            <ns3:cad>63</ns3:cad>
          </ns3:TrackPointExtension>
        </extensions>
      </trkpt>
      <trkpt lat="3.9136661589145660400390625" lon="11.49275458417832851409912109375">
        <ele>965</ele>
        <time>2026-06-06T06:25:58.000Z</time>
        <extensions>
          <ns3:TrackPointExtension>
            <ns3:hr>141</ns3:hr>
            <ns3:cad>60</ns3:cad>
          </ns3:TrackPointExtension>
        </extensions>
      </trkpt>
      <trkpt lat="3.9138463698327541351318359375" lon="11.4927997626364231109619140625">
        <ele>966.79998779296875</ele>
        <time>2026-06-06T06:26:11.000Z</time>
        <extensions>
          <ns3:TrackPointExtension>
            <ns3:hr>141</ns3:hr>
            <ns3:cad>60</ns3:cad>
          </ns3:TrackPointExtension>
        </extensions>
      </trkpt>
      <trkpt lat="3.91385952942073345184326171875" lon="11.49279557168483734130859375">
        <ele>967</ele>
        <time>2026-06-06T06:26:12.000Z</time>
        <extensions>
          <ns3:TrackPointExtension>
            <ns3:hr>141</ns3:hr>
            <ns3:cad>60</ns3:cad>
          </ns3:TrackPointExtension>
        </extensions>
      </trkpt>
      <trkpt lat="3.91391032375395298004150390625" lon="11.49278006516396999359130859375">
        <ele>968</ele>
        <time>2026-06-06T06:26:16.000Z</time>
        <extensions>
          <ns3:TrackPointExtension>
            <ns3:hr>140</ns3:hr>
            <ns3:cad>60</ns3:cad>
          </ns3:TrackPointExtension>
        </extensions>
      </trkpt>
      <trkpt lat="3.91409522853791713714599609375" lon="11.492731869220733642578125">
        <ele>969.79998779296875</ele>
        <time>2026-06-06T06:26:24.000Z</time>
        <extensions>
          <ns3:TrackPointExtension>
            <ns3:hr>139</ns3:hr>
            <ns3:cad>60</ns3:cad>
          </ns3:TrackPointExtension>
        </extensions>
      </trkpt>
      <trkpt lat="3.91418315470218658447265625" lon="11.49269959889352321624755859375">
        <ele>970.4000244140625</ele>
        <time>2026-06-06T06:26:32.000Z</time>
        <extensions>
          <ns3:TrackPointExtension>
            <ns3:hr>139</ns3:hr>
            <ns3:cad>60</ns3:cad>
          </ns3:TrackPointExtension>
        </extensions>
      </trkpt>
      <trkpt lat="3.91423889435827732086181640625" lon="11.49266707710921764373779296875">
        <ele>971</ele>
        <time>2026-06-06T06:26:37.000Z</time>
        <extensions>
          <ns3:TrackPointExtension>
            <ns3:hr>141</ns3:hr>
            <ns3:cad>60</ns3:cad>
          </ns3:TrackPointExtension>
        </extensions>
      </trkpt>
      <trkpt lat="3.9143984019756317138671875" lon="11.49257839657366275787353515625">
        <ele>972.20001220703125</ele>
        <time>2026-06-06T06:26:49.000Z</time>
        <extensions>
          <ns3:TrackPointExtension>
            <ns3:hr>139</ns3:hr>
            <ns3:cad>60</ns3:cad>
          </ns3:TrackPointExtension>
        </extensions>
      </trkpt>
      <trkpt lat="3.91444559209048748016357421875" lon="11.49252198636531829833984375">
        <ele>973</ele>
        <time>2026-06-06T06:26:55.000Z</time>
        <extensions>
          <ns3:TrackPointExtension>
            <ns3:hr>139</ns3:hr>
            <ns3:cad>62</ns3:cad>
          </ns3:TrackPointExtension>
        </extensions>
      </trkpt>
      <trkpt lat="3.9145709015429019927978515625" lon="11.49237312376499176025390625">
        <ele>974.20001220703125</ele>
        <time>2026-06-06T06:27:07.000Z</time>
        <extensions>
          <ns3:TrackPointExtension>
            <ns3:hr>139</ns3:hr>
            <ns3:cad>62</ns3:cad>
          </ns3:TrackPointExtension>
        </extensions>
      </trkpt>
      <trkpt lat="3.9145933650434017181396484375" lon="11.49218863807618618011474609375">
        <ele>976.5999755859375</ele>
        <time>2026-06-06T06:27:19.000Z</time>
        <extensions>
          <ns3:TrackPointExtension>
            <ns3:hr>139</ns3:hr>
            <ns3:cad>60</ns3:cad>
          </ns3:TrackPointExtension>
        </extensions>
      </trkpt>
      <trkpt lat="3.91458825208246707916259765625" lon="11.49216768331825733184814453125">
        <ele>977</ele>
        <time>2026-06-06T06:27:21.000Z</time>
        <extensions>
          <ns3:TrackPointExtension>
            <ns3:hr>142</ns3:hr>
            <ns3:cad>60</ns3:cad>
          </ns3:TrackPointExtension>
        </extensions>
      </trkpt>
      <trkpt lat="3.91458171419799327850341796875" lon="11.49215879850089550018310546875">
        <ele>977.20001220703125</ele>
        <time>2026-06-06T06:27:22.000Z</time>
        <extensions>
          <ns3:TrackPointExtension>
            <ns3:hr>142</ns3:hr>
            <ns3:cad>60</ns3:cad>
          </ns3:TrackPointExtension>
        </extensions>
      </trkpt>
      <trkpt lat="3.91457031480967998504638671875" lon="11.4921355806291103363037109375">
        <ele>977.5999755859375</ele>
        <time>2026-06-06T06:27:24.000Z</time>
        <extensions>
          <ns3:TrackPointExtension>
            <ns3:hr>149</ns3:hr>
            <ns3:cad>60</ns3:cad>
          </ns3:TrackPointExtension>
        </extensions>
      </trkpt>
      <trkpt lat="3.9145598374307155609130859375" lon="11.49211286567151546478271484375">
        <ele>978</ele>
        <time>2026-06-06T06:27:26.000Z</time>
        <extensions>
          <ns3:TrackPointExtension>
            <ns3:hr>155</ns3:hr>
            <ns3:cad>60</ns3:cad>
          </ns3:TrackPointExtension>
        </extensions>
      </trkpt>
      <trkpt lat="3.91455304808914661407470703125" lon="11.4921003766357898712158203125">
        <ele>978.20001220703125</ele>
        <time>2026-06-06T06:27:27.000Z</time>
        <extensions>
          <ns3:TrackPointExtension>
            <ns3:hr>183</ns3:hr>
            <ns3:cad>60</ns3:cad>
          </ns3:TrackPointExtension>
        </extensions>
      </trkpt>
      <trkpt lat="3.914544582366943359375" lon="11.49206961505115032196044921875">
        <ele>978.5999755859375</ele>
        <time>2026-06-06T06:27:29.000Z</time>
        <extensions>
          <ns3:TrackPointExtension>
            <ns3:hr>187</ns3:hr>
            <ns3:cad>60</ns3:cad>
          </ns3:TrackPointExtension>
        </extensions>
      </trkpt>
      <trkpt lat="3.91446319408714771270751953125" lon="11.49194338358938694000244140625">
        <ele>980.20001220703125</ele>
        <time>2026-06-06T06:27:40.000Z</time>
        <extensions>
          <ns3:TrackPointExtension>
            <ns3:hr>184</ns3:hr>
            <ns3:cad>60</ns3:cad>
          </ns3:TrackPointExtension>
        </extensions>
      </trkpt>
      <trkpt lat="3.9143573306500911712646484375" lon="11.49178563617169857025146484375">
        <ele>982.4000244140625</ele>
        <time>2026-06-06T06:27:54.000Z</time>
        <extensions>
          <ns3:TrackPointExtension>
            <ns3:hr>185</ns3:hr>
            <ns3:cad>63</ns3:cad>
          </ns3:TrackPointExtension>
        </extensions>
      </trkpt>
      <trkpt lat="3.9143429137766361236572265625" lon="11.49175847880542278289794921875">
        <ele>982.79998779296875</ele>
        <time>2026-06-06T06:27:55.000Z</time>
        <extensions>
          <ns3:TrackPointExtension>
            <ns3:hr>181</ns3:hr>
            <ns3:cad>63</ns3:cad>
          </ns3:TrackPointExtension>
        </extensions>
      </trkpt>
      <trkpt lat="3.9143429137766361236572265625" lon="11.49175847880542278289794921875">
        <ele>982.79998779296875</ele>
        <time>2026-06-06T06:27:56.000Z</time>
        <extensions>
          <ns3:TrackPointExtension>
            <ns3:hr>178</ns3:hr>
            <ns3:cad>63</ns3:cad>
          </ns3:TrackPointExtension>
        </extensions>
      </trkpt>
      <trkpt lat="3.9143308438360691070556640625" lon="11.49173299781978130340576171875">
        <ele>983.20001220703125</ele>
        <time>2026-06-06T06:27:58.000Z</time>
        <extensions>
          <ns3:TrackPointExtension>
            <ns3:hr>183</ns3:hr>
            <ns3:cad>63</ns3:cad>
          </ns3:TrackPointExtension>
        </extensions>
      </trkpt>
      <trkpt lat="3.91432388685643672943115234375" lon="11.491717658936977386474609375">
        <ele>983.4000244140625</ele>
        <time>2026-06-06T06:27:59.000Z</time>
        <extensions>
          <ns3:TrackPointExtension>
            <ns3:hr>188</ns3:hr>
            <ns3:cad>63</ns3:cad>
          </ns3:TrackPointExtension>
        </extensions>
      </trkpt>
      <trkpt lat="3.91425515525043010711669921875" lon="11.49154423736035823822021484375">
        <ele>985.4000244140625</ele>
        <time>2026-06-06T06:28:10.000Z</time>
        <extensions>
          <ns3:TrackPointExtension>
            <ns3:hr>185</ns3:hr>
            <ns3:cad>60</ns3:cad>
          </ns3:TrackPointExtension>
        </extensions>
      </trkpt>
      <trkpt lat="3.9142487011849880218505859375" lon="11.49152764119207859039306640625">
        <ele>985.79998779296875</ele>
        <time>2026-06-06T06:28:12.000Z</time>
        <extensions>
          <ns3:TrackPointExtension>
            <ns3:hr>182</ns3:hr>
            <ns3:cad>60</ns3:cad>
          </ns3:TrackPointExtension>
        </extensions>
      </trkpt>
      <trkpt lat="3.914246857166290283203125" lon="11.49151992984116077423095703125">
        <ele>985.79998779296875</ele>
        <time>2026-06-06T06:28:14.000Z</time>
        <extensions>
          <ns3:TrackPointExtension>
            <ns3:hr>180</ns3:hr>
            <ns3:cad>60</ns3:cad>
          </ns3:TrackPointExtension>
        </extensions>
      </trkpt>
      <trkpt lat="3.91424694098532199859619140625" lon="11.49153702892363071441650390625">
        <ele>985.5999755859375</ele>
        <time>2026-06-06T06:28:16.000Z</time>
        <extensions>
          <ns3:TrackPointExtension>
            <ns3:hr>177</ns3:hr>
            <ns3:cad>60</ns3:cad>
          </ns3:TrackPointExtension>
        </extensions>
      </trkpt>
      <trkpt lat="3.91425498761236667633056640625" lon="11.4915545471012592315673828125">
        <ele>985.4000244140625</ele>
        <time>2026-06-06T06:28:18.000Z</time>
        <extensions>
          <ns3:TrackPointExtension>
            <ns3:hr>173</ns3:hr>
            <ns3:cad>57</ns3:cad>
          </ns3:TrackPointExtension>
        </extensions>
      </trkpt>
      <trkpt lat="3.91427326016128063201904296875" lon="11.49157055653631687164306640625">
        <ele>985</ele>
        <time>2026-06-06T06:28:21.000Z</time>
        <extensions>
          <ns3:TrackPointExtension>
            <ns3:hr>169</ns3:hr>
            <ns3:cad>50</ns3:cad>
          </ns3:TrackPointExtension>
        </extensions>
      </trkpt>
      <trkpt lat="3.9142889343202114105224609375" lon="11.49158296175301074981689453125">
        <ele>984.79998779296875</ele>
        <time>2026-06-06T06:28:23.000Z</time>
        <extensions>
          <ns3:TrackPointExtension>
            <ns3:hr>167</ns3:hr>
            <ns3:cad>53</ns3:cad>
          </ns3:TrackPointExtension>
        </extensions>
      </trkpt>
      <trkpt lat="3.91431785188615322113037109375" lon="11.49161229841411113739013671875">
        <ele>984.5999755859375</ele>
        <time>2026-06-06T06:28:27.000Z</time>
        <extensions>
          <ns3:TrackPointExtension>
            <ns3:hr>164</ns3:hr>
            <ns3:cad>56</ns3:cad>
          </ns3:TrackPointExtension>
        </extensions>
      </trkpt>
      <trkpt lat="3.91432422213256359100341796875" lon="11.4916222728788852691650390625">
        <ele>984.4000244140625</ele>
        <time>2026-06-06T06:28:28.000Z</time>
        <extensions>
          <ns3:TrackPointExtension>
            <ns3:hr>164</ns3:hr>
            <ns3:cad>57</ns3:cad>
          </ns3:TrackPointExtension>
        </extensions>
      </trkpt>
      <trkpt lat="3.91433914192020893096923828125" lon="11.4916447363793849945068359375">
        <ele>984.20001220703125</ele>
        <time>2026-06-06T06:28:30.000Z</time>
        <extensions>
          <ns3:TrackPointExtension>
            <ns3:hr>157</ns3:hr>
            <ns3:cad>59</ns3:cad>
          </ns3:TrackPointExtension>
        </extensions>
      </trkpt>
      <trkpt lat="3.9143469370901584625244140625" lon="11.49165697395801544189453125">
        <ele>984</ele>
        <time>2026-06-06T06:28:31.000Z</time>
        <extensions>
          <ns3:TrackPointExtension>
            <ns3:hr>151</ns3:hr>
            <ns3:cad>59</ns3:cad>
          </ns3:TrackPointExtension>
        </extensions>
      </trkpt>
      <trkpt lat="3.91435691155493259429931640625" lon="11.49166636168956756591796875">
        <ele>984</ele>
        <time>2026-06-06T06:28:32.000Z</time>
        <extensions>
          <ns3:TrackPointExtension>
            <ns3:hr>153</ns3:hr>
            <ns3:cad>59</ns3:cad>
          </ns3:TrackPointExtension>
        </extensions>
      </trkpt>
      <trkpt lat="3.91437484882771968841552734375" lon="11.49168957956135272979736328125">
        <ele>983.79998779296875</ele>
        <time>2026-06-06T06:28:34.000Z</time>
        <extensions>
          <ns3:TrackPointExtension>
            <ns3:hr>157</ns3:hr>
            <ns3:cad>59</ns3:cad>
          </ns3:TrackPointExtension>
        </extensions>
      </trkpt>
      <trkpt lat="3.91439178027212619781494140625" lon="11.4917161501944065093994140625">
        <ele>983.4000244140625</ele>
        <time>2026-06-06T06:28:35.000Z</time>
        <extensions>
          <ns3:TrackPointExtension>
            <ns3:hr>161</ns3:hr>
            <ns3:cad>61</ns3:cad>
          </ns3:TrackPointExtension>
        </extensions>
      </trkpt>
      <trkpt lat="3.91439178027212619781494140625" lon="11.4917161501944065093994140625">
        <ele>983.4000244140625</ele>
        <time>2026-06-06T06:28:36.000Z</time>
        <extensions>
          <ns3:TrackPointExtension>
            <ns3:hr>166</ns3:hr>
            <ns3:cad>61</ns3:cad>
          </ns3:TrackPointExtension>
        </extensions>
      </trkpt>
      <trkpt lat="3.91440250910818576812744140625" lon="11.49172796867787837982177734375">
        <ele>983.4000244140625</ele>
        <time>2026-06-06T06:28:37.000Z</time>
        <extensions>
          <ns3:TrackPointExtension>
            <ns3:hr>171</ns3:hr>
            <ns3:cad>61</ns3:cad>
          </ns3:TrackPointExtension>
        </extensions>
      </trkpt>
      <trkpt lat="3.9144129864871501922607421875" lon="11.49173769168555736541748046875">
        <ele>983.20001220703125</ele>
        <time>2026-06-06T06:28:38.000Z</time>
        <extensions>
          <ns3:TrackPointExtension>
            <ns3:hr>176</ns3:hr>
            <ns3:cad>61</ns3:cad>
          </ns3:TrackPointExtension>
        </extensions>
      </trkpt>
      <trkpt lat="3.914422877132892608642578125" lon="11.491750515997409820556640625">
        <ele>983</ele>
        <time>2026-06-06T06:28:39.000Z</time>
        <extensions>
          <ns3:TrackPointExtension>
            <ns3:hr>176</ns3:hr>
            <ns3:cad>61</ns3:cad>
          </ns3:TrackPointExtension>
        </extensions>
      </trkpt>
      <trkpt lat="3.9144398085772991180419921875" lon="11.4917756617069244384765625">
        <ele>982.79998779296875</ele>
        <time>2026-06-06T06:28:41.000Z</time>
        <extensions>
          <ns3:TrackPointExtension>
            <ns3:hr>180</ns3:hr>
            <ns3:cad>60</ns3:cad>
          </ns3:TrackPointExtension>
        </extensions>
      </trkpt>
      <trkpt lat="3.91453226096928119659423828125" lon="11.4919008873403072357177734375">
        <ele>981.4000244140625</ele>
        <time>2026-06-06T06:28:52.000Z</time>
        <extensions>
          <ns3:TrackPointExtension>
            <ns3:hr>176</ns3:hr>
            <ns3:cad>60</ns3:cad>
          </ns3:TrackPointExtension>
        </extensions>
      </trkpt>
      <trkpt lat="3.91454952768981456756591796875" lon="11.4919240213930606842041015625">
        <ele>981.20001220703125</ele>
        <time>2026-06-06T06:28:54.000Z</time>
        <extensions>
          <ns3:TrackPointExtension>
            <ns3:hr>172</ns3:hr>
            <ns3:cad>60</ns3:cad>
          </ns3:TrackPointExtension>
        </extensions>
      </trkpt>
      <trkpt lat="3.914563022553920745849609375" lon="11.49194522760808467864990234375">
        <ele>981</ele>
        <time>2026-06-06T06:28:56.000Z</time>
        <extensions>
          <ns3:TrackPointExtension>
            <ns3:hr>169</ns3:hr>
            <ns3:cad>60</ns3:cad>
          </ns3:TrackPointExtension>
        </extensions>
      </trkpt>
      <trkpt lat="3.9145888388156890869140625" lon="11.4919743128120899200439453125">
        <ele>980.4000244140625</ele>
        <time>2026-06-06T06:28:59.000Z</time>
        <extensions>
          <ns3:TrackPointExtension>
            <ns3:hr>165</ns3:hr>
            <ns3:cad>60</ns3:cad>
          </ns3:TrackPointExtension>
        </extensions>
      </trkpt>
      <trkpt lat="3.914603926241397857666015625" lon="11.491994597017765045166015625">
        <ele>980</ele>
        <time>2026-06-06T06:29:01.000Z</time>
        <extensions>
          <ns3:TrackPointExtension>
            <ns3:hr>162</ns3:hr>
            <ns3:cad>60</ns3:cad>
          </ns3:TrackPointExtension>
        </extensions>
      </trkpt>
      <trkpt lat="3.9146500267088413238525390625" lon="11.49207565002143383026123046875">
        <ele>978.5999755859375</ele>
        <time>2026-06-06T06:29:08.000Z</time>
        <extensions>
          <ns3:TrackPointExtension>
            <ns3:hr>158</ns3:hr>
            <ns3:cad>60</ns3:cad>
          </ns3:TrackPointExtension>
        </extensions>
      </trkpt>
      <trkpt lat="3.914664275944232940673828125" lon="11.49209953844547271728515625">
        <ele>978.20001220703125</ele>
        <time>2026-06-06T06:29:10.000Z</time>
        <extensions>
          <ns3:TrackPointExtension>
            <ns3:hr>155</ns3:hr>
            <ns3:cad>60</ns3:cad>
          </ns3:TrackPointExtension>
        </extensions>
      </trkpt>
      <trkpt lat="3.9146942831575870513916015625" lon="11.49217522703111171722412109375">
        <ele>976.79998779296875</ele>
        <time>2026-06-06T06:29:16.000Z</time>
        <extensions>
          <ns3:TrackPointExtension>
            <ns3:hr>152</ns3:hr>
            <ns3:cad>62</ns3:cad>
          </ns3:TrackPointExtension>
        </extensions>
      </trkpt>
      <trkpt lat="3.91471314243972301483154296875" lon="11.49223993532359600067138671875">
        <ele>975.5999755859375</ele>
        <time>2026-06-06T06:29:20.000Z</time>
        <extensions>
          <ns3:TrackPointExtension>
            <ns3:hr>148</ns3:hr>
            <ns3:cad>60</ns3:cad>
          </ns3:TrackPointExtension>
        </extensions>
      </trkpt>
      <trkpt lat="3.9147110469639301300048828125" lon="11.49230145849287509918212890625">
        <ele>974.5999755859375</ele>
        <time>2026-06-06T06:29:24.000Z</time>
        <extensions>
          <ns3:TrackPointExtension>
            <ns3:hr>142</ns3:hr>
            <ns3:cad>120</ns3:cad>
          </ns3:TrackPointExtension>
        </extensions>
      </trkpt>
      <trkpt lat="3.9147040061652660369873046875" lon="11.49233582429587841033935546875">
        <ele>974</ele>
        <time>2026-06-06T06:29:26.000Z</time>
        <extensions>
          <ns3:TrackPointExtension>
            <ns3:hr>148</ns3:hr>
            <ns3:cad>123</ns3:cad>
          </ns3:TrackPointExtension>
        </extensions>
      </trkpt>
      <trkpt lat="3.914700485765933990478515625" lon="11.49235443212091922760009765625">
        <ele>973.5999755859375</ele>
        <time>2026-06-06T06:29:27.000Z</time>
        <extensions>
          <ns3:TrackPointExtension>
            <ns3:hr>166</ns3:hr>
            <ns3:cad>64</ns3:cad>
          </ns3:TrackPointExtension>
        </extensions>
      </trkpt>
      <trkpt lat="3.9146939478814601898193359375" lon="11.49237488396465778350830078125">
        <ele>973.4000244140625</ele>
        <time>2026-06-06T06:29:28.000Z</time>
        <extensions>
          <ns3:TrackPointExtension>
            <ns3:hr>166</ns3:hr>
            <ns3:cad>64</ns3:cad>
          </ns3:TrackPointExtension>
        </extensions>
      </trkpt>
      <trkpt lat="3.91468062065541744232177734375" lon="11.4924071542918682098388671875">
        <ele>973.20001220703125</ele>
        <time>2026-06-06T06:29:30.000Z</time>
        <extensions>
          <ns3:TrackPointExtension>
            <ns3:hr>163</ns3:hr>
            <ns3:cad>64</ns3:cad>
          </ns3:TrackPointExtension>
        </extensions>
      </trkpt>
      <trkpt lat="3.91460753045976161956787109375" lon="11.4925017021596431732177734375">
        <ele>972.5999755859375</ele>
        <time>2026-06-06T06:29:37.000Z</time>
        <extensions>
          <ns3:TrackPointExtension>
            <ns3:hr>158</ns3:hr>
            <ns3:cad>63</ns3:cad>
          </ns3:TrackPointExtension>
        </extensions>
      </trkpt>
      <trkpt lat="3.91458255238831043243408203125" lon="11.49252223782241344451904296875">
        <ele>972.4000244140625</ele>
        <time>2026-06-06T06:29:38.000Z</time>
        <extensions>
          <ns3:TrackPointExtension>
            <ns3:hr>158</ns3:hr>
            <ns3:cad>63</ns3:cad>
          </ns3:TrackPointExtension>
        </extensions>
      </trkpt>
      <trkpt lat="3.91456042416393756866455078125" lon="11.49253849871456623077392578125">
        <ele>972.20001220703125</ele>
        <time>2026-06-06T06:29:41.000Z</time>
        <extensions>
          <ns3:TrackPointExtension>
            <ns3:hr>158</ns3:hr>
            <ns3:cad>63</ns3:cad>
          </ns3:TrackPointExtension>
        </extensions>
      </trkpt>
      <trkpt lat="3.91442312858998775482177734375" lon="11.49265701882541179656982421875">
        <ele>970.5999755859375</ele>
        <time>2026-06-06T06:29:54.000Z</time>
        <extensions>
          <ns3:TrackPointExtension>
            <ns3:hr>158</ns3:hr>
            <ns3:cad>64</ns3:cad>
          </ns3:TrackPointExtension>
        </extensions>
      </trkpt>
      <trkpt lat="3.91437032260000705718994140625" lon="11.4926822483539581298828125">
        <ele>970.4000244140625</ele>
        <time>2026-06-06T06:29:57.000Z</time>
        <extensions>
          <ns3:TrackPointExtension>
            <ns3:hr>158</ns3:hr>
            <ns3:cad>123</ns3:cad>
          </ns3:TrackPointExtension>
        </extensions>
      </trkpt>
      <trkpt lat="3.9142272435128688812255859375" lon="11.4927184581756591796875">
        <ele>970</ele>
        <time>2026-06-06T06:30:06.000Z</time>
        <extensions>
          <ns3:TrackPointExtension>
            <ns3:hr>155</ns3:hr>
            <ns3:cad>64</ns3:cad>
          </ns3:TrackPointExtension>
        </extensions>
      </trkpt>
      <trkpt lat="3.9141638763248920440673828125" lon="11.49274402298033237457275390625">
        <ele>969.5999755859375</ele>
        <time>2026-06-06T06:30:11.000Z</time>
        <extensions>
          <ns3:TrackPointExtension>
            <ns3:hr>152</ns3:hr>
            <ns3:cad>65</ns3:cad>
          </ns3:TrackPointExtension>
        </extensions>
      </trkpt>
      <trkpt lat="3.914020545780658721923828125" lon="11.4927736110985279083251953125">
        <ele>969</ele>
        <time>2026-06-06T06:30:19.000Z</time>
        <extensions>
          <ns3:TrackPointExtension>
            <ns3:hr>149</ns3:hr>
            <ns3:cad>62</ns3:cad>
          </ns3:TrackPointExtension>
        </extensions>
      </trkpt>
      <trkpt lat="3.91398961655795574188232421875" lon="11.49277503602206707000732421875">
        <ele>968.79998779296875</ele>
        <time>2026-06-06T06:30:22.000Z</time>
        <extensions>
          <ns3:TrackPointExtension>
            <ns3:hr>145</ns3:hr>
            <ns3:cad>63</ns3:cad>
          </ns3:TrackPointExtension>
        </extensions>
      </trkpt>
      <trkpt lat="3.91380873508751392364501953125" lon="11.4927363954484462738037109375">
        <ele>967.4000244140625</ele>
        <time>2026-06-06T06:30:35.000Z</time>
        <extensions>
          <ns3:TrackPointExtension>
            <ns3:hr>148</ns3:hr>
            <ns3:cad>123</ns3:cad>
          </ns3:TrackPointExtension>
        </extensions>
      </trkpt>
      <trkpt lat="3.913765735924243927001953125" lon="11.4927092380821704864501953125">
        <ele>967.4000244140625</ele>
        <time>2026-06-06T06:30:38.000Z</time>
        <extensions>
          <ns3:TrackPointExtension>
            <ns3:hr>152</ns3:hr>
            <ns3:cad>64</ns3:cad>
          </ns3:TrackPointExtension>
        </extensions>
      </trkpt>
      <trkpt lat="3.91373011283576488494873046875" lon="11.49269373156130313873291015625">
        <ele>967.20001220703125</ele>
        <time>2026-06-06T06:30:40.000Z</time>
        <extensions>
          <ns3:TrackPointExtension>
            <ns3:hr>155</ns3:hr>
            <ns3:cad>64</ns3:cad>
          </ns3:TrackPointExtension>
        </extensions>
      </trkpt>
      <trkpt lat="3.91359038650989532470703125" lon="11.49262181483209133148193359375">
        <ele>965.79998779296875</ele>
        <time>2026-06-06T06:30:50.000Z</time>
        <extensions>
          <ns3:TrackPointExtension>
            <ns3:hr>152</ns3:hr>
            <ns3:cad>63</ns3:cad>
          </ns3:TrackPointExtension>
        </extensions>
      </trkpt>
      <trkpt lat="3.91357337124645709991455078125" lon="11.49260270409286022186279296875">
        <ele>965.79998779296875</ele>
        <time>2026-06-06T06:30:52.000Z</time>
        <extensions>
          <ns3:TrackPointExtension>
            <ns3:hr>155</ns3:hr>
            <ns3:cad>64</ns3:cad>
          </ns3:TrackPointExtension>
        </extensions>
      </trkpt>
      <trkpt lat="3.913429789245128631591796875" lon="11.49249156005680561065673828125">
        <ele>964.5999755859375</ele>
        <time>2026-06-06T06:31:07.000Z</time>
        <extensions>
          <ns3:TrackPointExtension>
            <ns3:hr>155</ns3:hr>
            <ns3:cad>61</ns3:cad>
          </ns3:TrackPointExtension>
        </extensions>
      </trkpt>
      <trkpt lat="3.9134135283529758453369140625" lon="11.49247705936431884765625">
        <ele>964.20001220703125</ele>
        <time>2026-06-06T06:31:08.000Z</time>
        <extensions>
          <ns3:TrackPointExtension>
            <ns3:hr>155</ns3:hr>
            <ns3:cad>61</ns3:cad>
          </ns3:TrackPointExtension>
        </extensions>
      </trkpt>
      <trkpt lat="3.913394920527935028076171875" lon="11.4924784004688262939453125">
        <ele>963.79998779296875</ele>
        <time>2026-06-06T06:31:12.000Z</time>
        <extensions>
          <ns3:TrackPointExtension>
            <ns3:hr>157</ns3:hr>
            <ns3:cad>64</ns3:cad>
          </ns3:TrackPointExtension>
        </extensions>
      </trkpt>
      <trkpt lat="3.91337438486516475677490234375" lon="11.4924698509275913238525390625">
        <ele>963.4000244140625</ele>
        <time>2026-06-06T06:31:16.000Z</time>
        <extensions>
          <ns3:TrackPointExtension>
            <ns3:hr>156</ns3:hr>
            <ns3:cad>64</ns3:cad>
          </ns3:TrackPointExtension>
        </extensions>
      </trkpt>
      <trkpt lat="3.9133468084037303924560546875" lon="11.4924609661102294921875">
        <ele>962.79998779296875</ele>
        <time>2026-06-06T06:31:20.000Z</time>
        <extensions>
          <ns3:TrackPointExtension>
            <ns3:hr>156</ns3:hr>
            <ns3:cad>62</ns3:cad>
          </ns3:TrackPointExtension>
        </extensions>
      </trkpt>
      <trkpt lat="3.91332962550222873687744140625" lon="11.49246540851891040802001953125">
        <ele>962.20001220703125</ele>
        <time>2026-06-06T06:31:23.000Z</time>
        <extensions>
          <ns3:TrackPointExtension>
            <ns3:hr>154</ns3:hr>
            <ns3:cad>62</ns3:cad>
          </ns3:TrackPointExtension>
        </extensions>
      </trkpt>
      <trkpt lat="3.913315795361995697021484375" lon="11.49242500774562358856201171875">
        <ele>962.20001220703125</ele>
        <time>2026-06-06T06:31:27.000Z</time>
        <extensions>
          <ns3:TrackPointExtension>
            <ns3:hr>154</ns3:hr>
            <ns3:cad>120</ns3:cad>
          </ns3:TrackPointExtension>
        </extensions>
      </trkpt>
      <trkpt lat="3.91328168101608753204345703125" lon="11.4923712797462940216064453125">
        <ele>961.79998779296875</ele>
        <time>2026-06-06T06:31:31.000Z</time>
        <extensions>
          <ns3:TrackPointExtension>
            <ns3:hr>152</ns3:hr>
            <ns3:cad>73</ns3:cad>
          </ns3:TrackPointExtension>
        </extensions>
      </trkpt>
      <trkpt lat="3.913235329091548919677734375" lon="11.492354013025760650634765625">
        <ele>960.5999755859375</ele>
        <time>2026-06-06T06:31:36.000Z</time>
        <extensions>
          <ns3:TrackPointExtension>
            <ns3:hr>150</ns3:hr>
            <ns3:cad>75</ns3:cad>
          </ns3:TrackPointExtension>
        </extensions>
      </trkpt>
      <trkpt lat="3.91322426497936248779296875" lon="11.4923675917088985443115234375">
        <ele>960.20001220703125</ele>
        <time>2026-06-06T06:31:38.000Z</time>
        <extensions>
          <ns3:TrackPointExtension>
            <ns3:hr>150</ns3:hr>
            <ns3:cad>77</ns3:cad>
          </ns3:TrackPointExtension>
        </extensions>
      </trkpt>
      <trkpt lat="3.91321663744747638702392578125" lon="11.4923897199332714080810546875">
        <ele>960</ele>
        <time>2026-06-06T06:31:41.000Z</time>
        <extensions>
          <ns3:TrackPointExtension>
            <ns3:hr>150</ns3:hr>
            <ns3:cad>77</ns3:cad>
          </ns3:TrackPointExtension>
        </extensions>
      </trkpt>
      <trkpt lat="3.91319685615599155426025390625" lon="11.49247798137366771697998046875">
        <ele>958.79998779296875</ele>
        <time>2026-06-06T06:31:47.000Z</time>
        <extensions>
          <ns3:TrackPointExtension>
            <ns3:hr>146</ns3:hr>
            <ns3:cad>86</ns3:cad>
          </ns3:TrackPointExtension>
        </extensions>
      </trkpt>
      <trkpt lat="3.9131885580718517303466796875" lon="11.49250446818768978118896484375">
        <ele>958.4000244140625</ele>
        <time>2026-06-06T06:31:48.000Z</time>
        <extensions>
          <ns3:TrackPointExtension>
            <ns3:hr>151</ns3:hr>
            <ns3:cad>87</ns3:cad>
          </ns3:TrackPointExtension>
        </extensions>
      </trkpt>
      <trkpt lat="3.9131885580718517303466796875" lon="11.49250446818768978118896484375">
        <ele>958.4000244140625</ele>
        <time>2026-06-06T06:31:49.000Z</time>
        <extensions>
          <ns3:TrackPointExtension>
            <ns3:hr>154</ns3:hr>
            <ns3:cad>88</ns3:cad>
          </ns3:TrackPointExtension>
        </extensions>
      </trkpt>
      <trkpt lat="3.91319048590958118438720703125" lon="11.49253380484879016876220703125">
        <ele>957.79998779296875</ele>
        <time>2026-06-06T06:31:51.000Z</time>
        <extensions>
          <ns3:TrackPointExtension>
            <ns3:hr>157</ns3:hr>
            <ns3:cad>88</ns3:cad>
          </ns3:TrackPointExtension>
        </extensions>
      </trkpt>
      <trkpt lat="3.91322485171258449554443359375" lon="11.49267663247883319854736328125">
        <ele>956.20001220703125</ele>
        <time>2026-06-06T06:31:58.000Z</time>
        <extensions>
          <ns3:TrackPointExtension>
            <ns3:hr>165</ns3:hr>
            <ns3:cad>87</ns3:cad>
          </ns3:TrackPointExtension>
        </extensions>
      </trkpt>
      <trkpt lat="3.91322837211191654205322265625" lon="11.4927001856267452239990234375">
        <ele>955.79998779296875</ele>
        <time>2026-06-06T06:31:59.000Z</time>
        <extensions>
          <ns3:TrackPointExtension>
            <ns3:hr>162</ns3:hr>
            <ns3:cad>87</ns3:cad>
          </ns3:TrackPointExtension>
        </extensions>
      </trkpt>
      <trkpt lat="3.91323641873896121978759765625" lon="11.49274100549519062042236328125">
        <ele>955.20001220703125</ele>
        <time>2026-06-06T06:32:01.000Z</time>
        <extensions>
          <ns3:TrackPointExtension>
            <ns3:hr>166</ns3:hr>
            <ns3:cad>87</ns3:cad>
          </ns3:TrackPointExtension>
        </extensions>
      </trkpt>
      <trkpt lat="3.913246728479862213134765625" lon="11.49279154837131500244140625">
        <ele>954.79998779296875</ele>
        <time>2026-06-06T06:32:02.000Z</time>
        <extensions>
          <ns3:TrackPointExtension>
            <ns3:hr>172</ns3:hr>
            <ns3:cad>87</ns3:cad>
          </ns3:TrackPointExtension>
        </extensions>
      </trkpt>
      <trkpt lat="3.913246728479862213134765625" lon="11.49279154837131500244140625">
        <ele>954.79998779296875</ele>
        <time>2026-06-06T06:32:03.000Z</time>
        <extensions>
          <ns3:TrackPointExtension>
            <ns3:hr>176</ns3:hr>
            <ns3:cad>87</ns3:cad>
          </ns3:TrackPointExtension>
        </extensions>
      </trkpt>
      <trkpt lat="3.9132559485733509063720703125" lon="11.49284343235194683074951171875">
        <ele>954.4000244140625</ele>
        <time>2026-06-06T06:32:05.000Z</time>
        <extensions>
          <ns3:TrackPointExtension>
            <ns3:hr>181</ns3:hr>
            <ns3:cad>87</ns3:cad>
          </ns3:TrackPointExtension>
        </extensions>
      </trkpt>
      <trkpt lat="3.913276903331279754638671875" lon="11.49291031993925571441650390625">
        <ele>954.20001220703125</ele>
        <time>2026-06-06T06:32:07.000Z</time>
        <extensions>
          <ns3:TrackPointExtension>
            <ns3:hr>178</ns3:hr>
            <ns3:cad>88</ns3:cad>
          </ns3:TrackPointExtension>
        </extensions>
      </trkpt>
      <trkpt lat="3.91328997910022735595703125" lon="11.49294099770486354827880859375">
        <ele>954.20001220703125</ele>
        <time>2026-06-06T06:32:08.000Z</time>
        <extensions>
          <ns3:TrackPointExtension>
            <ns3:hr>175</ns3:hr>
            <ns3:cad>88</ns3:cad>
          </ns3:TrackPointExtension>
        </extensions>
      </trkpt>
      <trkpt lat="3.91327296383678913116455078125" lon="11.49298978038132190704345703125">
        <ele>953.20001220703125</ele>
        <time>2026-06-06T06:32:09.000Z</time>
        <extensions>
          <ns3:TrackPointExtension>
            <ns3:hr>171</ns3:hr>
            <ns3:cad>88</ns3:cad>
          </ns3:TrackPointExtension>
        </extensions>
      </trkpt>
      <trkpt lat="3.9132807590067386627197265625" lon="11.49304107762873172760009765625">
        <ele>953</ele>
        <time>2026-06-06T06:32:12.000Z</time>
        <extensions>
          <ns3:TrackPointExtension>
            <ns3:hr>177</ns3:hr>
            <ns3:cad>87</ns3:cad>
          </ns3:TrackPointExtension>
        </extensions>
      </trkpt>
      <trkpt lat="3.91328754834830760955810546875" lon="11.4930646307766437530517578125">
        <ele>952.5999755859375</ele>
        <time>2026-06-06T06:32:13.000Z</time>
        <extensions>
          <ns3:TrackPointExtension>
            <ns3:hr>180</ns3:hr>
            <ns3:cad>88</ns3:cad>
          </ns3:TrackPointExtension>
        </extensions>
      </trkpt>
      <trkpt lat="3.91329257749021053314208984375" lon="11.49309002794325351715087890625">
        <ele>952</ele>
        <time>2026-06-06T06:32:14.000Z</time>
        <extensions>
          <ns3:TrackPointExtension>
            <ns3:hr>184</ns3:hr>
            <ns3:cad>88</ns3:cad>
          </ns3:TrackPointExtension>
        </extensions>
      </trkpt>
      <trkpt lat="3.91330179758369922637939453125" lon="11.4931119047105312347412109375">
        <ele>951.4000244140625</ele>
        <time>2026-06-06T06:32:15.000Z</time>
        <extensions>
          <ns3:TrackPointExtension>
            <ns3:hr>179</ns3:hr>
            <ns3:cad>87</ns3:cad>
          </ns3:TrackPointExtension>
        </extensions>
      </trkpt>
      <trkpt lat="3.913331888616085052490234375" lon="11.49315725080668926239013671875">
        <ele>950.79998779296875</ele>
        <time>2026-06-06T06:32:17.000Z</time>
        <extensions>
          <ns3:TrackPointExtension>
            <ns3:hr>176</ns3:hr>
            <ns3:cad>88</ns3:cad>
          </ns3:TrackPointExtension>
        </extensions>
      </trkpt>
      <trkpt lat="3.9133491553366184234619140625" lon="11.4932453446090221405029296875">
        <ele>948.20001220703125</ele>
        <time>2026-06-06T06:32:22.000Z</time>
        <extensions>
          <ns3:TrackPointExtension>
            <ns3:hr>180</ns3:hr>
            <ns3:cad>87</ns3:cad>
          </ns3:TrackPointExtension>
        </extensions>
      </trkpt>
      <trkpt lat="3.91335032880306243896484375" lon="11.49328549392521381378173828125">
        <ele>946.79998779296875</ele>
        <time>2026-06-06T06:32:25.000Z</time>
        <extensions>
          <ns3:TrackPointExtension>
            <ns3:hr>177</ns3:hr>
            <ns3:cad>87</ns3:cad>
          </ns3:TrackPointExtension>
        </extensions>
      </trkpt>
      <trkpt lat="3.91348443925380706787109375" lon="11.49342278949916362762451171875">
        <ele>944.79998779296875</ele>
        <time>2026-06-06T06:32:35.000Z</time>
        <extensions>
          <ns3:TrackPointExtension>
            <ns3:hr>176</ns3:hr>
            <ns3:cad>88</ns3:cad>
          </ns3:TrackPointExtension>
        </extensions>
      </trkpt>
      <trkpt lat="3.91353079117834568023681640625" lon="11.4934471808373928070068359375">
        <ele>944.4000244140625</ele>
        <time>2026-06-06T06:32:38.000Z</time>
        <extensions>
          <ns3:TrackPointExtension>
            <ns3:hr>179</ns3:hr>
            <ns3:cad>87</ns3:cad>
          </ns3:TrackPointExtension>
        </extensions>
      </trkpt>
      <trkpt lat="3.91357437707483768463134765625" lon="11.49347676895558834075927734375">
        <ele>944</ele>
        <time>2026-06-06T06:32:41.000Z</time>
        <extensions>
          <ns3:TrackPointExtension>
            <ns3:hr>182</ns3:hr>
            <ns3:cad>86</ns3:cad>
          </ns3:TrackPointExtension>
        </extensions>
      </trkpt>
      <trkpt lat="3.913605473935604095458984375" lon="11.49349269457161426544189453125">
        <ele>943.79998779296875</ele>
        <time>2026-06-06T06:32:43.000Z</time>
        <extensions>
          <ns3:TrackPointExtension>
            <ns3:hr>187</ns3:hr>
            <ns3:cad>85</ns3:cad>
          </ns3:TrackPointExtension>
        </extensions>
      </trkpt>
      <trkpt lat="3.9136224053800106048583984375" lon="11.49350099265575408935546875">
        <ele>943.79998779296875</ele>
        <time>2026-06-06T06:32:44.000Z</time>
        <extensions>
          <ns3:TrackPointExtension>
            <ns3:hr>187</ns3:hr>
            <ns3:cad>84</ns3:cad>
          </ns3:TrackPointExtension>
        </extensions>
      </trkpt>
      <trkpt lat="3.91381711699068546295166015625" lon="11.4935244619846343994140625">
        <ele>946</ele>
        <time>2026-06-06T06:32:53.000Z</time>
        <extensions>
          <ns3:TrackPointExtension>
            <ns3:hr>189</ns3:hr>
            <ns3:cad>86</ns3:cad>
          </ns3:TrackPointExtension>
        </extensions>
      </trkpt>
      <trkpt lat="3.91391870565712451934814453125" lon="11.49356000125408172607421875">
        <ele>945.4000244140625</ele>
        <time>2026-06-06T06:32:58.000Z</time>
        <extensions>
          <ns3:TrackPointExtension>
            <ns3:hr>186</ns3:hr>
            <ns3:cad>87</ns3:cad>
          </ns3:TrackPointExtension>
        </extensions>
      </trkpt>
      <trkpt lat="3.914066143333911895751953125" lon="11.49364474229514598846435546875">
        <ele>943.4000244140625</ele>
        <time>2026-06-06T06:33:06.000Z</time>
        <extensions>
          <ns3:TrackPointExtension>
            <ns3:hr>183</ns3:hr>
            <ns3:cad>87</ns3:cad>
          </ns3:TrackPointExtension>
        </extensions>
      </trkpt>
      <trkpt lat="3.914245180785655975341796875" lon="11.49374884553253650665283203125">
        <ele>941.79998779296875</ele>
        <time>2026-06-06T06:33:14.000Z</time>
        <extensions>
          <ns3:TrackPointExtension>
            <ns3:hr>182</ns3:hr>
            <ns3:cad>87</ns3:cad>
          </ns3:TrackPointExtension>
        </extensions>
      </trkpt>
      <trkpt lat="3.914447017014026641845703125" lon="11.49376829154789447784423828125">
        <ele>943.20001220703125</ele>
        <time>2026-06-06T06:33:22.000Z</time>
        <extensions>
          <ns3:TrackPointExtension>
            <ns3:hr>180</ns3:hr>
            <ns3:cad>86</ns3:cad>
          </ns3:TrackPointExtension>
        </extensions>
      </trkpt>
      <trkpt lat="3.91462194733321666717529296875" lon="11.4938247017562389373779296875">
        <ele>943.5999755859375</ele>
        <time>2026-06-06T06:33:30.000Z</time>
        <extensions>
          <ns3:TrackPointExtension>
            <ns3:hr>179</ns3:hr>
            <ns3:cad>84</ns3:cad>
          </ns3:TrackPointExtension>
        </extensions>
      </trkpt>
      <trkpt lat="3.9147791080176830291748046875" lon="11.49392268620431423187255859375">
        <ele>943.4000244140625</ele>
        <time>2026-06-06T06:33:38.000Z</time>
        <extensions>
          <ns3:TrackPointExtension>
            <ns3:hr>179</ns3:hr>
            <ns3:cad>87</ns3:cad>
          </ns3:TrackPointExtension>
        </extensions>
      </trkpt>
      <trkpt lat="3.91489201225340366363525390625" lon="11.4940899051725864410400390625">
        <ele>942</ele>
        <time>2026-06-06T06:33:47.000Z</time>
        <extensions>
          <ns3:TrackPointExtension>
            <ns3:hr>178</ns3:hr>
            <ns3:cad>85</ns3:cad>
          </ns3:TrackPointExtension>
        </extensions>
      </trkpt>
      <trkpt lat="3.91496904194355010986328125" lon="11.49427824653685092926025390625">
        <ele>940.20001220703125</ele>
        <time>2026-06-06T06:33:55.000Z</time>
        <extensions>
          <ns3:TrackPointExtension>
            <ns3:hr>179</ns3:hr>
            <ns3:cad>86</ns3:cad>
          </ns3:TrackPointExtension>
        </extensions>
      </trkpt>
      <trkpt lat="3.91501924954354763031005859375" lon="11.49447865784168243408203125">
        <ele>937.20001220703125</ele>
        <time>2026-06-06T06:34:03.000Z</time>
        <extensions>
          <ns3:TrackPointExtension>
            <ns3:hr>181</ns3:hr>
            <ns3:cad>85</ns3:cad>
          </ns3:TrackPointExtension>
        </extensions>
      </trkpt>
      <trkpt lat="3.91502897255122661590576171875" lon="11.49466716684401035308837890625">
        <ele>934.20001220703125</ele>
        <time>2026-06-06T06:34:10.000Z</time>
        <extensions>
          <ns3:TrackPointExtension>
            <ns3:hr>181</ns3:hr>
            <ns3:cad>86</ns3:cad>
          </ns3:TrackPointExtension>
        </extensions>
      </trkpt>
      <trkpt lat="3.914947248995304107666015625" lon="11.4948449470102787017822265625">
        <ele>930</ele>
        <time>2026-06-06T06:34:17.000Z</time>
        <extensions>
          <ns3:TrackPointExtension>
            <ns3:hr>179</ns3:hr>
            <ns3:cad>86</ns3:cad>
          </ns3:TrackPointExtension>
        </extensions>
      </trkpt>
      <trkpt lat="3.91482956707477569580078125" lon="11.4949964918196201324462890625">
        <ele>926.79998779296875</ele>
        <time>2026-06-06T06:34:24.000Z</time>
        <extensions>
          <ns3:TrackPointExtension>
            <ns3:hr>178</ns3:hr>
            <ns3:cad>87</ns3:cad>
          </ns3:TrackPointExtension>
        </extensions>
      </trkpt>
      <trkpt lat="3.914702497422695159912109375" lon="11.49513102136552333831787109375">
        <ele>924</ele>
        <time>2026-06-06T06:34:32.000Z</time>
        <extensions>
          <ns3:TrackPointExtension>
            <ns3:hr>177</ns3:hr>
            <ns3:cad>83</ns3:cad>
          </ns3:TrackPointExtension>
        </extensions>
      </trkpt>
      <trkpt lat="3.9145544730126857757568359375" lon="11.49524887092411518096923828125">
        <ele>922.5999755859375</ele>
        <time>2026-06-06T06:34:40.000Z</time>
        <extensions>
          <ns3:TrackPointExtension>
            <ns3:hr>176</ns3:hr>
            <ns3:cad>85</ns3:cad>
          </ns3:TrackPointExtension>
        </extensions>
      </trkpt>
      <trkpt lat="3.91437216661870479583740234375" lon="11.49525037966668605804443359375">
        <ele>918.5999755859375</ele>
        <time>2026-06-06T06:34:48.000Z</time>
        <extensions>
          <ns3:TrackPointExtension>
            <ns3:hr>177</ns3:hr>
            <ns3:cad>85</ns3:cad>
          </ns3:TrackPointExtension>
        </extensions>
      </trkpt>
      <trkpt lat="3.9142651297152042388916015625" lon="11.49511073715984821319580078125">
        <ele>914.20001220703125</ele>
        <time>2026-06-06T06:34:56.000Z</time>
        <extensions>
          <ns3:TrackPointExtension>
            <ns3:hr>177</ns3:hr>
            <ns3:cad>85</ns3:cad>
          </ns3:TrackPointExtension>
        </extensions>
      </trkpt>
      <trkpt lat="3.91432187519967555999755859375" lon="11.4949371479451656341552734375">
        <ele>913.20001220703125</ele>
        <time>2026-06-06T06:35:05.000Z</time>
        <extensions>
          <ns3:TrackPointExtension>
            <ns3:hr>178</ns3:hr>
            <ns3:cad>85</ns3:cad>
          </ns3:TrackPointExtension>
        </extensions>
      </trkpt>
      <trkpt lat="3.91438222490251064300537109375" lon="11.49483740329742431640625">
        <ele>913.5999755859375</ele>
        <time>2026-06-06T06:35:10.000Z</time>
        <extensions>
          <ns3:TrackPointExtension>
            <ns3:hr>174</ns3:hr>
            <ns3:cad>84</ns3:cad>
          </ns3:TrackPointExtension>
        </extensions>
      </trkpt>
      <trkpt lat="3.9143952168524265289306640625" lon="11.49482156150043010711669921875">
        <ele>913.79998779296875</ele>
        <time>2026-06-06T06:35:11.000Z</time>
        <extensions>
          <ns3:TrackPointExtension>
            <ns3:hr>165</ns3:hr>
            <ns3:cad>84</ns3:cad>
          </ns3:TrackPointExtension>
        </extensions>
      </trkpt>
      <trkpt lat="3.91441877000033855438232421875" lon="11.49478132836520671844482421875">
        <ele>914.5999755859375</ele>
        <time>2026-06-06T06:35:12.000Z</time>
        <extensions>
          <ns3:TrackPointExtension>
            <ns3:hr>165</ns3:hr>
            <ns3:cad>84</ns3:cad>
          </ns3:TrackPointExtension>
        </extensions>
      </trkpt>
      <trkpt lat="3.91444140113890171051025390625" lon="11.494738496840000152587890625">
        <ele>915.4000244140625</ele>
        <time>2026-06-06T06:35:15.000Z</time>
        <extensions>
          <ns3:TrackPointExtension>
            <ns3:hr>170</ns3:hr>
            <ns3:cad>84</ns3:cad>
          </ns3:TrackPointExtension>
        </extensions>
      </trkpt>
      <trkpt lat="3.9144455082714557647705078125" lon="11.49455267004668712615966796875">
        <ele>919.4000244140625</ele>
        <time>2026-06-06T06:35:22.000Z</time>
        <extensions>
          <ns3:TrackPointExtension>
            <ns3:hr>172</ns3:hr>
            <ns3:cad>84</ns3:cad>
          </ns3:TrackPointExtension>
        </extensions>
      </trkpt>
      <trkpt lat="3.914377279579639434814453125" lon="11.49445845745503902435302734375">
        <ele>918.79998779296875</ele>
        <time>2026-06-06T06:35:28.000Z</time>
        <extensions>
          <ns3:TrackPointExtension>
            <ns3:hr>175</ns3:hr>
            <ns3:cad>85</ns3:cad>
          </ns3:TrackPointExtension>
        </extensions>
      </trkpt>
      <trkpt lat="3.9142031036317348480224609375" lon="11.4944174699485301971435546875">
        <ele>915</ele>
        <time>2026-06-06T06:35:36.000Z</time>
        <extensions>
          <ns3:TrackPointExtension>
            <ns3:hr>177</ns3:hr>
            <ns3:cad>84</ns3:cad>
          </ns3:TrackPointExtension>
        </extensions>
      </trkpt>
      <trkpt lat="3.9140099845826625823974609375" lon="11.4944406040012836456298828125">
        <ele>908.20001220703125</ele>
        <time>2026-06-06T06:35:45.000Z</time>
        <extensions>
          <ns3:TrackPointExtension>
            <ns3:hr>174</ns3:hr>
            <ns3:cad>85</ns3:cad>
          </ns3:TrackPointExtension>
        </extensions>
      </trkpt>
      <trkpt lat="3.91389406286180019378662109375" lon="11.494449488818645477294921875">
        <ele>906.79998779296875</ele>
        <time>2026-06-06T06:35:50.000Z</time>
        <extensions>
          <ns3:TrackPointExtension>
            <ns3:hr>171</ns3:hr>
            <ns3:cad>85</ns3:cad>
          </ns3:TrackPointExtension>
        </extensions>
      </trkpt>
      <trkpt lat="3.91377990134060382843017578125" lon="11.49446466006338596343994140625">
        <ele>905.20001220703125</ele>
        <time>2026-06-06T06:35:54.000Z</time>
        <extensions>
          <ns3:TrackPointExtension>
            <ns3:hr>174</ns3:hr>
            <ns3:cad>85</ns3:cad>
          </ns3:TrackPointExtension>
        </extensions>
      </trkpt>
      <trkpt lat="3.913755007088184356689453125" lon="11.49446533061563968658447265625">
        <ele>905</ele>
        <time>2026-06-06T06:35:55.000Z</time>
        <extensions>
          <ns3:TrackPointExtension>
            <ns3:hr>178</ns3:hr>
            <ns3:cad>85</ns3:cad>
          </ns3:TrackPointExtension>
        </extensions>
      </trkpt>
      <trkpt lat="3.91373313032090663909912109375" lon="11.4944697730243206024169921875">
        <ele>904.5999755859375</ele>
        <time>2026-06-06T06:35:56.000Z</time>
        <extensions>
          <ns3:TrackPointExtension>
            <ns3:hr>178</ns3:hr>
            <ns3:cad>84</ns3:cad>
          </ns3:TrackPointExtension>
        </extensions>
      </trkpt>
      <trkpt lat="3.9136854372918605804443359375" lon="11.4944712817668914794921875">
        <ele>904</ele>
        <time>2026-06-06T06:35:57.000Z</time>
        <extensions>
          <ns3:TrackPointExtension>
            <ns3:hr>175</ns3:hr>
            <ns3:cad>84</ns3:cad>
          </ns3:TrackPointExtension>
        </extensions>
      </trkpt>
      <trkpt lat="3.9136197231709957122802734375" lon="11.49448871612548828125">
        <ele>902.79998779296875</ele>
        <time>2026-06-06T06:36:01.000Z</time>
        <extensions>
          <ns3:TrackPointExtension>
            <ns3:hr>172</ns3:hr>
            <ns3:cad>84</ns3:cad>
          </ns3:TrackPointExtension>
        </extensions>
      </trkpt>
      <trkpt lat="3.9135385863482952117919921875" lon="11.494556106626987457275390625">
        <ele>900.5999755859375</ele>
        <time>2026-06-06T06:36:06.000Z</time>
        <extensions>
          <ns3:TrackPointExtension>
            <ns3:hr>171</ns3:hr>
            <ns3:cad>84</ns3:cad>
          </ns3:TrackPointExtension>
        </extensions>
      </trkpt>
      <trkpt lat="3.91352224163711071014404296875" lon="11.49474109522998332977294921875">
        <ele>897.4000244140625</ele>
        <time>2026-06-06T06:36:13.000Z</time>
        <extensions>
          <ns3:TrackPointExtension>
            <ns3:hr>170</ns3:hr>
            <ns3:cad>83</ns3:cad>
          </ns3:TrackPointExtension>
        </extensions>
      </trkpt>
      <trkpt lat="3.91353682614862918853759765625" lon="11.4949406683444976806640625">
        <ele>896</ele>
        <time>2026-06-06T06:36:21.000Z</time>
        <extensions>
          <ns3:TrackPointExtension>
            <ns3:hr>174</ns3:hr>
            <ns3:cad>83</ns3:cad>
          </ns3:TrackPointExtension>
        </extensions>
      </trkpt>
      <trkpt lat="3.9135664142668247222900390625" lon="11.49514208547770977020263671875">
        <ele>893.20001220703125</ele>
        <time>2026-06-06T06:36:29.000Z</time>
        <extensions>
          <ns3:TrackPointExtension>
            <ns3:hr>176</ns3:hr>
            <ns3:cad>85</ns3:cad>
          </ns3:TrackPointExtension>
        </extensions>
      </trkpt>
      <trkpt lat="3.9135573618113994598388671875" lon="11.495336629450321197509765625">
        <ele>890</ele>
        <time>2026-06-06T06:36:39.000Z</time>
        <extensions>
          <ns3:TrackPointExtension>
            <ns3:hr>176</ns3:hr>
            <ns3:cad>85</ns3:cad>
          </ns3:TrackPointExtension>
        </extensions>
      </trkpt>
      <trkpt lat="3.91363858245313167572021484375" lon="11.49551357142627239227294921875">
        <ele>887</ele>
        <time>2026-06-06T06:36:49.000Z</time>
        <extensions>
          <ns3:TrackPointExtension>
            <ns3:hr>176</ns3:hr>
            <ns3:cad>84</ns3:cad>
          </ns3:TrackPointExtension>
        </extensions>
      </trkpt>
      <trkpt lat="3.9137484692037105560302734375" lon="11.49567089974880218505859375">
        <ele>885</ele>
        <time>2026-06-06T06:36:58.000Z</time>
        <extensions>
          <ns3:TrackPointExtension>
            <ns3:hr>176</ns3:hr>
            <ns3:cad>85</ns3:cad>
          </ns3:TrackPointExtension>
        </extensions>
      </trkpt>
      <trkpt lat="3.91381711699068546295166015625" lon="11.49584666825830936431884765625">
        <ele>882.20001220703125</ele>
        <time>2026-06-06T06:37:04.000Z</time>
        <extensions>
          <ns3:TrackPointExtension>
            <ns3:hr>175</ns3:hr>
            <ns3:cad>85</ns3:cad>
          </ns3:TrackPointExtension>
        </extensions>
      </trkpt>
      <trkpt lat="3.9138604514300823211669921875" lon="11.49604062549769878387451171875">
        <ele>880.20001220703125</ele>
        <time>2026-06-06T06:37:10.000Z</time>
        <extensions>
          <ns3:TrackPointExtension>
            <ns3:hr>174</ns3:hr>
            <ns3:cad>85</ns3:cad>
          </ns3:TrackPointExtension>
        </extensions>
      </trkpt>
      <trkpt lat="3.9138752035796642303466796875" lon="11.4962336607277393341064453125">
        <ele>876.4000244140625</ele>
        <time>2026-06-06T06:37:17.000Z</time>
        <extensions>
          <ns3:TrackPointExtension>
            <ns3:hr>174</ns3:hr>
            <ns3:cad>85</ns3:cad>
          </ns3:TrackPointExtension>
        </extensions>
      </trkpt>
      <trkpt lat="3.91386531293392181396484375" lon="11.4964210800826549530029296875">
        <ele>873.79998779296875</ele>
        <time>2026-06-06T06:37:24.000Z</time>
        <extensions>
          <ns3:TrackPointExtension>
            <ns3:hr>176</ns3:hr>
            <ns3:cad>86</ns3:cad>
          </ns3:TrackPointExtension>
        </extensions>
      </trkpt>
      <trkpt lat="3.91387260518968105316162109375" lon="11.49660673923790454864501953125">
        <ele>874.79998779296875</ele>
        <time>2026-06-06T06:37:33.000Z</time>
        <extensions>
          <ns3:TrackPointExtension>
            <ns3:hr>177</ns3:hr>
            <ns3:cad>85</ns3:cad>
          </ns3:TrackPointExtension>
        </extensions>
      </trkpt>
      <trkpt lat="3.91387696377933025360107421875" lon="11.4967908896505832672119140625">
        <ele>875.5999755859375</ele>
        <time>2026-06-06T06:37:42.000Z</time>
        <extensions>
          <ns3:TrackPointExtension>
            <ns3:hr>178</ns3:hr>
            <ns3:cad>85</ns3:cad>
          </ns3:TrackPointExtension>
        </extensions>
      </trkpt>
      <trkpt lat="3.9137887023389339447021484375" lon="11.49692927487194538116455078125">
        <ele>871.20001220703125</ele>
        <time>2026-06-06T06:37:52.000Z</time>
        <extensions>
          <ns3:TrackPointExtension>
            <ns3:hr>177</ns3:hr>
            <ns3:cad>85</ns3:cad>
          </ns3:TrackPointExtension>
        </extensions>
      </trkpt>
      <trkpt lat="3.91376112587749958038330078125" lon="11.496999263763427734375">
        <ele>869.79998779296875</ele>
        <time>2026-06-06T06:37:56.000Z</time>
        <extensions>
          <ns3:TrackPointExtension>
            <ns3:hr>180</ns3:hr>
            <ns3:cad>85</ns3:cad>
          </ns3:TrackPointExtension>
        </extensions>
      </trkpt>
      <trkpt lat="3.91375140286982059478759765625" lon="11.4970443584024906158447265625">
        <ele>869.79998779296875</ele>
        <time>2026-06-06T06:37:57.000Z</time>
        <extensions>
          <ns3:TrackPointExtension>
            <ns3:hr>179</ns3:hr>
            <ns3:cad>85</ns3:cad>
          </ns3:TrackPointExtension>
        </extensions>
      </trkpt>
      <trkpt lat="3.91373614780604839324951171875" lon="11.4971322007477283477783203125">
        <ele>869.79998779296875</ele>
        <time>2026-06-06T06:38:02.000Z</time>
        <extensions>
          <ns3:TrackPointExtension>
            <ns3:hr>178</ns3:hr>
            <ns3:cad>83</ns3:cad>
          </ns3:TrackPointExtension>
        </extensions>
      </trkpt>
      <trkpt lat="3.91375894658267498016357421875" lon="11.49733663536608219146728515625">
        <ele>869.5999755859375</ele>
        <time>2026-06-06T06:38:10.000Z</time>
        <extensions>
          <ns3:TrackPointExtension>
            <ns3:hr>176</ns3:hr>
            <ns3:cad>85</ns3:cad>
          </ns3:TrackPointExtension>
        </extensions>
      </trkpt>
      <trkpt lat="3.91378392465412616729736328125" lon="11.49748901836574077606201171875">
        <ele>868.4000244140625</ele>
        <time>2026-06-06T06:38:16.000Z</time>
        <extensions>
          <ns3:TrackPointExtension>
            <ns3:hr>179</ns3:hr>
            <ns3:cad>64</ns3:cad>
          </ns3:TrackPointExtension>
        </extensions>
      </trkpt>
      <trkpt lat="3.91381376422941684722900390625" lon="11.49756646715104579925537109375">
        <ele>867</ele>
        <time>2026-06-06T06:38:21.000Z</time>
        <extensions>
          <ns3:TrackPointExtension>
            <ns3:hr>182</ns3:hr>
            <ns3:cad>64</ns3:cad>
          </ns3:TrackPointExtension>
        </extensions>
      </trkpt>
      <trkpt lat="3.91382449306547641754150390625" lon="11.4976170100271701812744140625">
        <ele>865.79998779296875</ele>
        <time>2026-06-06T06:38:24.000Z</time>
        <extensions>
          <ns3:TrackPointExtension>
            <ns3:hr>179</ns3:hr>
            <ns3:cad>63</ns3:cad>
          </ns3:TrackPointExtension>
        </extensions>
      </trkpt>
      <trkpt lat="3.91384393908083438873291015625" lon="11.497715413570404052734375">
        <ele>863.20001220703125</ele>
        <time>2026-06-06T06:38:31.000Z</time>
        <extensions>
          <ns3:TrackPointExtension>
            <ns3:hr>175</ns3:hr>
            <ns3:cad>64</ns3:cad>
          </ns3:TrackPointExtension>
        </extensions>
      </trkpt>
      <trkpt lat="3.91387059353291988372802734375" lon="11.49787341244518756866455078125">
        <ele>862.20001220703125</ele>
        <time>2026-06-06T06:38:41.000Z</time>
        <extensions>
          <ns3:TrackPointExtension>
            <ns3:hr>174</ns3:hr>
            <ns3:cad>65</ns3:cad>
          </ns3:TrackPointExtension>
        </extensions>
      </trkpt>
      <trkpt lat="3.91382105648517608642578125" lon="11.49798489175736904144287109375">
        <ele>860.79998779296875</ele>
        <time>2026-06-06T06:38:47.000Z</time>
        <extensions>
          <ns3:TrackPointExtension>
            <ns3:hr>169</ns3:hr>
            <ns3:cad>65</ns3:cad>
          </ns3:TrackPointExtension>
        </extensions>
      </trkpt>
      <trkpt lat="3.9138091541826725006103515625" lon="11.49801640771329402923583984375">
        <ele>860.5999755859375</ele>
        <time>2026-06-06T06:38:49.000Z</time>
        <extensions>
          <ns3:TrackPointExtension>
            <ns3:hr>167</ns3:hr>
            <ns3:cad>66</ns3:cad>
          </ns3:TrackPointExtension>
        </extensions>
      </trkpt>
      <trkpt lat="3.91372382640838623046875" lon="11.49811715818941593170166015625">
        <ele>857.5999755859375</ele>
        <time>2026-06-06T06:38:57.000Z</time>
        <extensions>
          <ns3:TrackPointExtension>
            <ns3:hr>167</ns3:hr>
            <ns3:cad>67</ns3:cad>
          </ns3:TrackPointExtension>
        </extensions>
      </trkpt>
      <trkpt lat="3.91369306482374668121337890625" lon="11.498147584497928619384765625">
        <ele>856.4000244140625</ele>
        <time>2026-06-06T06:39:00.000Z</time>
        <extensions>
          <ns3:TrackPointExtension>
            <ns3:hr>166</ns3:hr>
            <ns3:cad>66</ns3:cad>
          </ns3:TrackPointExtension>
        </extensions>
      </trkpt>
      <trkpt lat="3.9136167056858539581298828125" lon="11.4982329122722148895263671875">
        <ele>853</ele>
        <time>2026-06-06T06:39:06.000Z</time>
        <extensions>
          <ns3:TrackPointExtension>
            <ns3:hr>163</ns3:hr>
            <ns3:cad>67</ns3:cad>
          </ns3:TrackPointExtension>
        </extensions>
      </trkpt>
      <trkpt lat="3.91354101710021495819091796875" lon="11.49840616621077060699462890625">
        <ele>850.4000244140625</ele>
        <time>2026-06-06T06:39:16.000Z</time>
        <extensions>
          <ns3:TrackPointExtension>
            <ns3:hr>160</ns3:hr>
            <ns3:cad>82</ns3:cad>
          </ns3:TrackPointExtension>
        </extensions>
      </trkpt>
      <trkpt lat="3.9135268516838550567626953125" lon="11.49858302436769008636474609375">
        <ele>850.5999755859375</ele>
        <time>2026-06-06T06:39:25.000Z</time>
        <extensions>
          <ns3:TrackPointExtension>
            <ns3:hr>162</ns3:hr>
            <ns3:cad>85</ns3:cad>
          </ns3:TrackPointExtension>
        </extensions>
      </trkpt>
      <trkpt lat="3.9135342277586460113525390625" lon="11.4986184798181056976318359375">
        <ele>850.79998779296875</ele>
        <time>2026-06-06T06:39:27.000Z</time>
        <extensions>
          <ns3:TrackPointExtension>
            <ns3:hr>165</ns3:hr>
            <ns3:cad>86</ns3:cad>
          </ns3:TrackPointExtension>
        </extensions>
      </trkpt>
      <trkpt lat="3.91357303597033023834228515625" lon="11.49872417561709880828857421875">
        <ele>850</ele>
        <time>2026-06-06T06:39:33.000Z</time>
        <extensions>
          <ns3:TrackPointExtension>
            <ns3:hr>168</ns3:hr>
            <ns3:cad>86</ns3:cad>
          </ns3:TrackPointExtension>
        </extensions>
      </trkpt>
      <trkpt lat="3.913600780069828033447265625" lon="11.49877429939806461334228515625">
        <ele>850</ele>
        <time>2026-06-06T06:39:36.000Z</time>
        <extensions>
          <ns3:TrackPointExtension>
            <ns3:hr>171</ns3:hr>
            <ns3:cad>86</ns3:cad>
          </ns3:TrackPointExtension>
        </extensions>
      </trkpt>
      <trkpt lat="3.91367780975997447967529296875" lon="11.4988853596150875091552734375">
        <ele>850</ele>
        <time>2026-06-06T06:39:42.000Z</time>
        <extensions>
          <ns3:TrackPointExtension>
            <ns3:hr>176</ns3:hr>
            <ns3:cad>86</ns3:cad>
          </ns3:TrackPointExtension>
        </extensions>
      </trkpt>
      <trkpt lat="3.91373455524444580078125" lon="11.49896197021007537841796875">
        <ele>849.5999755859375</ele>
        <time>2026-06-06T06:39:46.000Z</time>
        <extensions>
          <ns3:TrackPointExtension>
            <ns3:hr>173</ns3:hr>
            <ns3:cad>85</ns3:cad>
          </ns3:TrackPointExtension>
        </extensions>
      </trkpt>
      <trkpt lat="3.91377202235162258148193359375" lon="11.49901586584746837615966796875">
        <ele>849.20001220703125</ele>
        <time>2026-06-06T06:39:49.000Z</time>
        <extensions>
          <ns3:TrackPointExtension>
            <ns3:hr>180</ns3:hr>
            <ns3:cad>85</ns3:cad>
          </ns3:TrackPointExtension>
        </extensions>
      </trkpt>
      <trkpt lat="3.91381510533392429351806640625" lon="11.499074287712574005126953125">
        <ele>849</ele>
        <time>2026-06-06T06:39:52.000Z</time>
        <extensions>
          <ns3:TrackPointExtension>
            <ns3:hr>183</ns3:hr>
            <ns3:cad>86</ns3:cad>
          </ns3:TrackPointExtension>
        </extensions>
      </trkpt>
      <trkpt lat="3.913957178592681884765625" lon="11.4992420934140682220458984375">
        <ele>848</ele>
        <time>2026-06-06T06:40:00.000Z</time>
        <extensions>
          <ns3:TrackPointExtension>
            <ns3:hr>181</ns3:hr>
            <ns3:cad>86</ns3:cad>
          </ns3:TrackPointExtension>
        </extensions>
      </trkpt>
      <trkpt lat="3.91398643143475055694580078125" lon="11.499276123940944671630859375">
        <ele>847.79998779296875</ele>
        <time>2026-06-06T06:40:02.000Z</time>
        <extensions>
          <ns3:TrackPointExtension>
            <ns3:hr>177</ns3:hr>
            <ns3:cad>86</ns3:cad>
          </ns3:TrackPointExtension>
        </extensions>
      </trkpt>
      <trkpt lat="3.91409455798566341400146484375" lon="11.49943043477833271026611328125">
        <ele>845.5999755859375</ele>
        <time>2026-06-06T06:40:07.000Z</time>
        <extensions>
          <ns3:TrackPointExtension>
            <ns3:hr>176</ns3:hr>
            <ns3:cad>84</ns3:cad>
          </ns3:TrackPointExtension>
        </extensions>
      </trkpt>
      <trkpt lat="3.91414434649050235748291015625" lon="11.49950469844043254852294921875">
        <ele>843.4000244140625</ele>
        <time>2026-06-06T06:40:10.000Z</time>
        <extensions>
          <ns3:TrackPointExtension>
            <ns3:hr>179</ns3:hr>
            <ns3:cad>85</ns3:cad>
          </ns3:TrackPointExtension>
        </extensions>
      </trkpt>
      <trkpt lat="3.9141739346086978912353515625" lon="11.4995502121746540069580078125">
        <ele>841.79998779296875</ele>
        <time>2026-06-06T06:40:11.000Z</time>
        <extensions>
          <ns3:TrackPointExtension>
            <ns3:hr>175</ns3:hr>
            <ns3:cad>85</ns3:cad>
          </ns3:TrackPointExtension>
        </extensions>
      </trkpt>
      <trkpt lat="3.9141880162060260772705078125" lon="11.49957292713224887847900390625">
        <ele>841</ele>
        <time>2026-06-06T06:40:13.000Z</time>
        <extensions>
          <ns3:TrackPointExtension>
            <ns3:hr>181</ns3:hr>
            <ns3:cad>84</ns3:cad>
          </ns3:TrackPointExtension>
        </extensions>
      </trkpt>
      <trkpt lat="3.9142131619155406951904296875" lon="11.49962045252323150634765625">
        <ele>839.4000244140625</ele>
        <time>2026-06-06T06:40:14.000Z</time>
        <extensions>
          <ns3:TrackPointExtension>
            <ns3:hr>181</ns3:hr>
            <ns3:cad>83</ns3:cad>
          </ns3:TrackPointExtension>
        </extensions>
      </trkpt>
      <trkpt lat="3.91424124129116535186767578125" lon="11.49966328404843807220458984375">
        <ele>838</ele>
        <time>2026-06-06T06:40:17.000Z</time>
        <extensions>
          <ns3:TrackPointExtension>
            <ns3:hr>177</ns3:hr>
            <ns3:cad>83</ns3:cad>
          </ns3:TrackPointExtension>
        </extensions>
      </trkpt>
      <trkpt lat="3.91425364650785923004150390625" lon="11.4996854960918426513671875">
        <ele>837.20001220703125</ele>
        <time>2026-06-06T06:40:18.000Z</time>
        <extensions>
          <ns3:TrackPointExtension>
            <ns3:hr>173</ns3:hr>
            <ns3:cad>83</ns3:cad>
          </ns3:TrackPointExtension>
        </extensions>
      </trkpt>
      <trkpt lat="3.9142644591629505157470703125" lon="11.49970762431621551513671875">
        <ele>836.4000244140625</ele>
        <time>2026-06-06T06:40:19.000Z</time>
        <extensions>
          <ns3:TrackPointExtension>
            <ns3:hr>173</ns3:hr>
            <ns3:cad>83</ns3:cad>
          </ns3:TrackPointExtension>
        </extensions>
      </trkpt>
      <trkpt lat="3.91434517689049243927001953125" lon="11.499872915446758270263671875">
        <ele>832.4000244140625</ele>
        <time>2026-06-06T06:40:26.000Z</time>
        <extensions>
          <ns3:TrackPointExtension>
            <ns3:hr>176</ns3:hr>
            <ns3:cad>84</ns3:cad>
          </ns3:TrackPointExtension>
        </extensions>
      </trkpt>
      <trkpt lat="3.91443922184407711029052734375" lon="11.50004968978464603424072265625">
        <ele>828.4000244140625</ele>
        <time>2026-06-06T06:40:34.000Z</time>
        <extensions>
          <ns3:TrackPointExtension>
            <ns3:hr>176</ns3:hr>
            <ns3:cad>85</ns3:cad>
          </ns3:TrackPointExtension>
        </extensions>
      </trkpt>
      <trkpt lat="3.9145112223923206329345703125" lon="11.5002160705626010894775390625">
        <ele>825</ele>
        <time>2026-06-06T06:40:41.000Z</time>
        <extensions>
          <ns3:TrackPointExtension>
            <ns3:hr>177</ns3:hr>
            <ns3:cad>85</ns3:cad>
          </ns3:TrackPointExtension>
        </extensions>
      </trkpt>
      <trkpt lat="3.91457534395158290863037109375" lon="11.50039468891918659210205078125">
        <ele>820.79998779296875</ele>
        <time>2026-06-06T06:40:49.000Z</time>
        <extensions>
          <ns3:TrackPointExtension>
            <ns3:hr>177</ns3:hr>
            <ns3:cad>84</ns3:cad>
          </ns3:TrackPointExtension>
        </extensions>
      </trkpt>
      <trkpt lat="3.91466704197227954864501953125" lon="11.5005560405552387237548828125">
        <ele>816.79998779296875</ele>
        <time>2026-06-06T06:40:57.000Z</time>
        <extensions>
          <ns3:TrackPointExtension>
            <ns3:hr>176</ns3:hr>
            <ns3:cad>84</ns3:cad>
          </ns3:TrackPointExtension>
        </extensions>
      </trkpt>
      <trkpt lat="3.9147187583148479461669921875" lon="11.50072929449379444122314453125">
        <ele>816.5999755859375</ele>
        <time>2026-06-06T06:41:05.000Z</time>
        <extensions>
          <ns3:TrackPointExtension>
            <ns3:hr>173</ns3:hr>
            <ns3:cad>84</ns3:cad>
          </ns3:TrackPointExtension>
        </extensions>
      </trkpt>
      <trkpt lat="3.91471750102937221527099609375" lon="11.50081881321966648101806640625">
        <ele>816.20001220703125</ele>
        <time>2026-06-06T06:41:09.000Z</time>
        <extensions>
          <ns3:TrackPointExtension>
            <ns3:hr>170</ns3:hr>
            <ns3:cad>84</ns3:cad>
          </ns3:TrackPointExtension>
        </extensions>
      </trkpt>
      <trkpt lat="3.914719931781291961669921875" lon="11.50086994282901287078857421875">
        <ele>816.5999755859375</ele>
        <time>2026-06-06T06:41:11.000Z</time>
        <extensions>
          <ns3:TrackPointExtension>
            <ns3:hr>174</ns3:hr>
            <ns3:cad>85</ns3:cad>
          </ns3:TrackPointExtension>
        </extensions>
      </trkpt>
      <trkpt lat="3.91469520516693592071533203125" lon="11.50106012821197509765625">
        <ele>818.4000244140625</ele>
        <time>2026-06-06T06:41:18.000Z</time>
        <extensions>
          <ns3:TrackPointExtension>
            <ns3:hr>174</ns3:hr>
            <ns3:cad>85</ns3:cad>
          </ns3:TrackPointExtension>
        </extensions>
      </trkpt>
      <trkpt lat="3.9146369509398937225341796875" lon="11.5011887066066265106201171875">
        <ele>819.4000244140625</ele>
        <time>2026-06-06T06:41:23.000Z</time>
        <extensions>
          <ns3:TrackPointExtension>
            <ns3:hr>175</ns3:hr>
            <ns3:cad>85</ns3:cad>
          </ns3:TrackPointExtension>
        </extensions>
      </trkpt>
      <trkpt lat="3.91453527845442295074462890625" lon="11.501348800957202911376953125">
        <ele>819.20001220703125</ele>
        <time>2026-06-06T06:41:30.000Z</time>
        <extensions>
          <ns3:TrackPointExtension>
            <ns3:hr>177</ns3:hr>
            <ns3:cad>86</ns3:cad>
          </ns3:TrackPointExtension>
        </extensions>
      </trkpt>
      <trkpt lat="3.9144260622560977935791015625" lon="11.50151333771646022796630859375">
        <ele>819</ele>
        <time>2026-06-06T06:41:38.000Z</time>
        <extensions>
          <ns3:TrackPointExtension>
            <ns3:hr>180</ns3:hr>
            <ns3:cad>85</ns3:cad>
          </ns3:TrackPointExtension>
        </extensions>
      </trkpt>
      <trkpt lat="3.9142926223576068878173828125" lon="11.501658260822296142578125">
        <ele>817.20001220703125</ele>
        <time>2026-06-06T06:41:46.000Z</time>
        <extensions>
          <ns3:TrackPointExtension>
            <ns3:hr>182</ns3:hr>
            <ns3:cad>84</ns3:cad>
          </ns3:TrackPointExtension>
        </extensions>
      </trkpt>
      <trkpt lat="3.9141467772424221038818359375" lon="11.50179429911077022552490234375">
        <ele>816.20001220703125</ele>
        <time>2026-06-06T06:41:54.000Z</time>
        <extensions>
          <ns3:TrackPointExtension>
            <ns3:hr>182</ns3:hr>
            <ns3:cad>86</ns3:cad>
          </ns3:TrackPointExtension>
        </extensions>
      </trkpt>
      <trkpt lat="3.91399112530052661895751953125" lon="11.5019237995147705078125">
        <ele>816.20001220703125</ele>
        <time>2026-06-06T06:42:02.000Z</time>
        <extensions>
          <ns3:TrackPointExtension>
            <ns3:hr>182</ns3:hr>
            <ns3:cad>85</ns3:cad>
          </ns3:TrackPointExtension>
        </extensions>
      </trkpt>
      <trkpt lat="3.9138446934521198272705078125" lon="11.50203016586601734161376953125">
        <ele>814.20001220703125</ele>
        <time>2026-06-06T06:42:09.000Z</time>
        <extensions>
          <ns3:TrackPointExtension>
            <ns3:hr>181</ns3:hr>
            <ns3:cad>84</ns3:cad>
          </ns3:TrackPointExtension>
        </extensions>
      </trkpt>
      <trkpt lat="3.91367395408451557159423828125" lon="11.5021048486232757568359375">
        <ele>814.5999755859375</ele>
        <time>2026-06-06T06:42:17.000Z</time>
        <extensions>
          <ns3:TrackPointExtension>
            <ns3:hr>182</ns3:hr>
            <ns3:cad>84</ns3:cad>
          </ns3:TrackPointExtension>
        </extensions>
      </trkpt>
      <trkpt lat="3.91348536126315593719482421875" lon="11.50210417807102203369140625">
        <ele>813</ele>
        <time>2026-06-06T06:42:25.000Z</time>
        <extensions>
          <ns3:TrackPointExtension>
            <ns3:hr>183</ns3:hr>
            <ns3:cad>82</ns3:cad>
          </ns3:TrackPointExtension>
        </extensions>
      </trkpt>
      <trkpt lat="3.91330347396433353424072265625" lon="11.50208330713212490081787109375">
        <ele>811</ele>
        <time>2026-06-06T06:42:32.000Z</time>
        <extensions>
          <ns3:TrackPointExtension>
            <ns3:hr>185</ns3:hr>
            <ns3:cad>82</ns3:cad>
          </ns3:TrackPointExtension>
        </extensions>
      </trkpt>
      <trkpt lat="3.91312108375132083892822265625" lon="11.50205363519489765167236328125">
        <ele>809.4000244140625</ele>
        <time>2026-06-06T06:42:39.000Z</time>
        <extensions>
          <ns3:TrackPointExtension>
            <ns3:hr>186</ns3:hr>
            <ns3:cad>83</ns3:cad>
          </ns3:TrackPointExtension>
        </extensions>
      </trkpt>
      <trkpt lat="3.91291907988488674163818359375" lon="11.502029411494731903076171875">
        <ele>807.5999755859375</ele>
        <time>2026-06-06T06:42:47.000Z</time>
        <extensions>
          <ns3:TrackPointExtension>
            <ns3:hr>186</ns3:hr>
            <ns3:cad>83</ns3:cad>
          </ns3:TrackPointExtension>
        </extensions>
      </trkpt>
      <trkpt lat="3.91271506436169147491455078125" lon="11.5020165033638477325439453125">
        <ele>807</ele>
        <time>2026-06-06T06:42:55.000Z</time>
        <extensions>
          <ns3:TrackPointExtension>
            <ns3:hr>186</ns3:hr>
            <ns3:cad>86</ns3:cad>
          </ns3:TrackPointExtension>
        </extensions>
      </trkpt>
      <trkpt lat="3.912605345249176025390625" lon="11.50199982337653636932373046875">
        <ele>806.5999755859375</ele>
        <time>2026-06-06T06:42:59.000Z</time>
        <extensions>
          <ns3:TrackPointExtension>
            <ns3:hr>190</ns3:hr>
            <ns3:cad>84</ns3:cad>
          </ns3:TrackPointExtension>
        </extensions>
      </trkpt>
      <trkpt lat="3.91252278350293636322021484375" lon="11.50199060328304767608642578125">
        <ele>805.20001220703125</ele>
        <time>2026-06-06T06:43:02.000Z</time>
        <extensions>
          <ns3:TrackPointExtension>
            <ns3:hr>187</ns3:hr>
            <ns3:cad>84</ns3:cad>
          </ns3:TrackPointExtension>
        </extensions>
      </trkpt>
      <trkpt lat="3.9123295806348323822021484375" lon="11.50196931324899196624755859375">
        <ele>801.79998779296875</ele>
        <time>2026-06-06T06:43:09.000Z</time>
        <extensions>
          <ns3:TrackPointExtension>
            <ns3:hr>187</ns3:hr>
            <ns3:cad>83</ns3:cad>
          </ns3:TrackPointExtension>
        </extensions>
      </trkpt>
      <trkpt lat="3.91214593313634395599365234375" lon="11.50196713395416736602783203125">
        <ele>802.4000244140625</ele>
        <time>2026-06-06T06:43:19.000Z</time>
        <extensions>
          <ns3:TrackPointExtension>
            <ns3:hr>189</ns3:hr>
            <ns3:cad>63</ns3:cad>
          </ns3:TrackPointExtension>
        </extensions>
      </trkpt>
      <trkpt lat="3.9120090566575527191162109375" lon="11.5019732527434825897216796875">
        <ele>803.20001220703125</ele>
        <time>2026-06-06T06:43:28.000Z</time>
        <extensions>
          <ns3:TrackPointExtension>
            <ns3:hr>185</ns3:hr>
            <ns3:cad>63</ns3:cad>
          </ns3:TrackPointExtension>
        </extensions>
      </trkpt>
      <trkpt lat="3.91195398755371570587158203125" lon="11.501963026821613311767578125">
        <ele>803.5999755859375</ele>
        <time>2026-06-06T06:43:32.000Z</time>
        <extensions>
          <ns3:TrackPointExtension>
            <ns3:hr>190</ns3:hr>
            <ns3:cad>63</ns3:cad>
          </ns3:TrackPointExtension>
        </extensions>
      </trkpt>
      <trkpt lat="3.911941833794116973876953125" lon="11.50196160189807415008544921875">
        <ele>803.5999755859375</ele>
        <time>2026-06-06T06:43:33.000Z</time>
        <extensions>
          <ns3:TrackPointExtension>
            <ns3:hr>193</ns3:hr>
            <ns3:cad>63</ns3:cad>
          </ns3:TrackPointExtension>
        </extensions>
      </trkpt>
      <trkpt lat="3.91191593371331691741943359375" lon="11.50196210481226444244384765625">
        <ele>804</ele>
        <time>2026-06-06T06:43:35.000Z</time>
        <extensions>
          <ns3:TrackPointExtension>
            <ns3:hr>189</ns3:hr>
            <ns3:cad>64</ns3:cad>
          </ns3:TrackPointExtension>
        </extensions>
      </trkpt>
      <trkpt lat="3.91185960732400417327880859375" lon="11.5019517950713634490966796875">
        <ele>804.20001220703125</ele>
        <time>2026-06-06T06:43:40.000Z</time>
        <extensions>
          <ns3:TrackPointExtension>
            <ns3:hr>185</ns3:hr>
            <ns3:cad>62</ns3:cad>
          </ns3:TrackPointExtension>
        </extensions>
      </trkpt>
      <trkpt lat="3.91177645884454250335693359375" lon="11.50193025358021259307861328125">
        <ele>804.79998779296875</ele>
        <time>2026-06-06T06:43:47.000Z</time>
        <extensions>
          <ns3:TrackPointExtension>
            <ns3:hr>182</ns3:hr>
            <ns3:cad>60</ns3:cad>
          </ns3:TrackPointExtension>
        </extensions>
      </trkpt>
      <trkpt lat="3.91172164119780063629150390625" lon="11.50192874483764171600341796875">
        <ele>804.79998779296875</ele>
        <time>2026-06-06T06:43:51.000Z</time>
        <extensions>
          <ns3:TrackPointExtension>
            <ns3:hr>179</ns3:hr>
            <ns3:cad>61</ns3:cad>
          </ns3:TrackPointExtension>
        </extensions>
      </trkpt>
      <trkpt lat="3.9115876145660877227783203125" lon="11.5019095502793788909912109375">
        <ele>804.4000244140625</ele>
        <time>2026-06-06T06:43:59.000Z</time>
        <extensions>
          <ns3:TrackPointExtension>
            <ns3:hr>176</ns3:hr>
            <ns3:cad>63</ns3:cad>
          </ns3:TrackPointExtension>
        </extensions>
      </trkpt>
      <trkpt lat="3.91145694069564342498779296875" lon="11.5018924511969089508056640625">
        <ele>803.79998779296875</ele>
        <time>2026-06-06T06:44:08.000Z</time>
        <extensions>
          <ns3:TrackPointExtension>
            <ns3:hr>172</ns3:hr>
            <ns3:cad>64</ns3:cad>
          </ns3:TrackPointExtension>
        </extensions>
      </trkpt>
      <trkpt lat="3.91141301952302455902099609375" lon="11.50188197381794452667236328125">
        <ele>803.5999755859375</ele>
        <time>2026-06-06T06:44:11.000Z</time>
        <extensions>
          <ns3:TrackPointExtension>
            <ns3:hr>175</ns3:hr>
            <ns3:cad>64</ns3:cad>
          </ns3:TrackPointExtension>
        </extensions>
      </trkpt>
      <trkpt lat="3.91122979111969470977783203125" lon="11.50182464160025119781494140625">
        <ele>801.79998779296875</ele>
        <time>2026-06-06T06:44:22.000Z</time>
        <extensions>
          <ns3:TrackPointExtension>
            <ns3:hr>174</ns3:hr>
            <ns3:cad>64</ns3:cad>
          </ns3:TrackPointExtension>
        </extensions>
      </trkpt>
      <trkpt lat="3.911199867725372314453125" lon="11.501812823116779327392578125">
        <ele>801.79998779296875</ele>
        <time>2026-06-06T06:44:24.000Z</time>
        <extensions>
          <ns3:TrackPointExtension>
            <ns3:hr>171</ns3:hr>
            <ns3:cad>64</ns3:cad>
          </ns3:TrackPointExtension>
        </extensions>
      </trkpt>
      <trkpt lat="3.911116383969783782958984375" lon="11.50175054557621479034423828125">
        <ele>801.20001220703125</ele>
        <time>2026-06-06T06:44:31.000Z</time>
        <extensions>
          <ns3:TrackPointExtension>
            <ns3:hr>168</ns3:hr>
            <ns3:cad>64</ns3:cad>
          </ns3:TrackPointExtension>
        </extensions>
      </trkpt>
      <trkpt lat="3.910945393145084381103515625" lon="11.50166069157421588897705078125">
        <ele>800.79998779296875</ele>
        <time>2026-06-06T06:44:43.000Z</time>
        <extensions>
          <ns3:TrackPointExtension>
            <ns3:hr>166</ns3:hr>
            <ns3:cad>65</ns3:cad>
          </ns3:TrackPointExtension>
        </extensions>
      </trkpt>
      <trkpt lat="3.9107747375965118408203125" lon="11.50157469324767589569091796875">
        <ele>799.20001220703125</ele>
        <time>2026-06-06T06:44:55.000Z</time>
        <extensions>
          <ns3:TrackPointExtension>
            <ns3:hr>166</ns3:hr>
            <ns3:cad>66</ns3:cad>
          </ns3:TrackPointExtension>
        </extensions>
      </trkpt>
      <trkpt lat="3.91059125773608684539794921875" lon="11.50158290751278400421142578125">
        <ele>800.20001220703125</ele>
        <time>2026-06-06T06:45:08.000Z</time>
        <extensions>
          <ns3:TrackPointExtension>
            <ns3:hr>168</ns3:hr>
            <ns3:cad>64</ns3:cad>
          </ns3:TrackPointExtension>
        </extensions>
      </trkpt>
      <trkpt lat="3.910419680178165435791015625" lon="11.50165398605167865753173828125">
        <ele>800</ele>
        <time>2026-06-06T06:45:19.000Z</time>
        <extensions>
          <ns3:TrackPointExtension>
            <ns3:hr>167</ns3:hr>
            <ns3:cad>64</ns3:cad>
          </ns3:TrackPointExtension>
        </extensions>
      </trkpt>
      <trkpt lat="3.91037735156714916229248046875" lon="11.5016912855207920074462890625">
        <ele>800</ele>
        <time>2026-06-06T06:45:24.000Z</time>
        <extensions>
          <ns3:TrackPointExtension>
            <ns3:hr>164</ns3:hr>
            <ns3:cad>63</ns3:cad>
          </ns3:TrackPointExtension>
        </extensions>
      </trkpt>
      <trkpt lat="3.91022555530071258544921875" lon="11.5017791278660297393798828125">
        <ele>799.5999755859375</ele>
        <time>2026-06-06T06:45:36.000Z</time>
        <extensions>
          <ns3:TrackPointExtension>
            <ns3:hr>161</ns3:hr>
            <ns3:cad>63</ns3:cad>
          </ns3:TrackPointExtension>
        </extensions>
      </trkpt>
      <trkpt lat="3.91017115674912929534912109375" lon="11.501801423728466033935546875">
        <ele>799.4000244140625</ele>
        <time>2026-06-06T06:45:40.000Z</time>
        <extensions>
          <ns3:TrackPointExtension>
            <ns3:hr>157</ns3:hr>
            <ns3:cad>65</ns3:cad>
          </ns3:TrackPointExtension>
        </extensions>
      </trkpt>
      <trkpt lat="3.90999622642993927001953125" lon="11.50186437182128429412841796875">
        <ele>798.79998779296875</ele>
        <time>2026-06-06T06:45:52.000Z</time>
        <extensions>
          <ns3:TrackPointExtension>
            <ns3:hr>156</ns3:hr>
            <ns3:cad>64</ns3:cad>
          </ns3:TrackPointExtension>
        </extensions>
      </trkpt>
      <trkpt lat="3.909931518137454986572265625" lon="11.50188021361827850341796875">
        <ele>798.4000244140625</ele>
        <time>2026-06-06T06:45:57.000Z</time>
        <extensions>
          <ns3:TrackPointExtension>
            <ns3:hr>163</ns3:hr>
            <ns3:cad>63</ns3:cad>
          </ns3:TrackPointExtension>
        </extensions>
      </trkpt>
      <trkpt lat="3.9099149219691753387451171875" lon="11.50188415311276912689208984375">
        <ele>798.4000244140625</ele>
        <time>2026-06-06T06:45:58.000Z</time>
        <extensions>
          <ns3:TrackPointExtension>
            <ns3:hr>166</ns3:hr>
            <ns3:cad>63</ns3:cad>
          </ns3:TrackPointExtension>
        </extensions>
      </trkpt>
      <trkpt lat="3.9098976552486419677734375" lon="11.5018875896930694580078125">
        <ele>798.20001220703125</ele>
        <time>2026-06-06T06:45:59.000Z</time>
        <extensions>
          <ns3:TrackPointExtension>
            <ns3:hr>166</ns3:hr>
            <ns3:cad>63</ns3:cad>
          </ns3:TrackPointExtension>
        </extensions>
      </trkpt>
      <trkpt lat="3.90973412431776523590087890625" lon="11.50191851891577243804931640625">
        <ele>798</ele>
        <time>2026-06-06T06:46:09.000Z</time>
        <extensions>
          <ns3:TrackPointExtension>
            <ns3:hr>163</ns3:hr>
            <ns3:cad>64</ns3:cad>
          </ns3:TrackPointExtension>
        </extensions>
      </trkpt>
      <trkpt lat="3.9095622114837169647216796875" lon="11.50197350420057773590087890625">
        <ele>799.4000244140625</ele>
        <time>2026-06-06T06:46:22.000Z</time>
        <extensions>
          <ns3:TrackPointExtension>
            <ns3:hr>163</ns3:hr>
            <ns3:cad>63</ns3:cad>
          </ns3:TrackPointExtension>
        </extensions>
      </trkpt>
      <trkpt lat="3.90944369137287139892578125" lon="11.5019933693110942840576171875">
        <ele>799.5999755859375</ele>
        <time>2026-06-06T06:46:29.000Z</time>
        <extensions>
          <ns3:TrackPointExtension>
            <ns3:hr>160</ns3:hr>
            <ns3:cad>65</ns3:cad>
          </ns3:TrackPointExtension>
        </extensions>
      </trkpt>
      <trkpt lat="3.9093523286283016204833984375" lon="11.50201440788805484771728515625">
        <ele>800</ele>
        <time>2026-06-06T06:46:35.000Z</time>
        <extensions>
          <ns3:TrackPointExtension>
            <ns3:hr>160</ns3:hr>
            <ns3:cad>65</ns3:cad>
          </ns3:TrackPointExtension>
        </extensions>
      </trkpt>
      <trkpt lat="3.9092705212533473968505859375" lon="11.50200233794748783111572265625">
        <ele>799.79998779296875</ele>
        <time>2026-06-06T06:46:41.000Z</time>
        <extensions>
          <ns3:TrackPointExtension>
            <ns3:hr>159</ns3:hr>
            <ns3:cad>61</ns3:cad>
          </ns3:TrackPointExtension>
        </extensions>
      </trkpt>
      <trkpt lat="3.909224085509777069091796875" lon="11.502011977136135101318359375">
        <ele>799.79998779296875</ele>
        <time>2026-06-06T06:46:44.000Z</time>
        <extensions>
          <ns3:TrackPointExtension>
            <ns3:hr>156</ns3:hr>
            <ns3:cad>61</ns3:cad>
          </ns3:TrackPointExtension>
        </extensions>
      </trkpt>
      <trkpt lat="3.9091783203184604644775390625" lon="11.50202681310474872589111328125">
        <ele>799.79998779296875</ele>
        <time>2026-06-06T06:46:47.000Z</time>
        <extensions>
          <ns3:TrackPointExtension>
            <ns3:hr>153</ns3:hr>
            <ns3:cad>60</ns3:cad>
          </ns3:TrackPointExtension>
        </extensions>
      </trkpt>
      <trkpt lat="3.90902099199593067169189453125" lon="11.502056904137134552001953125">
        <ele>799.5999755859375</ele>
        <time>2026-06-06T06:46:57.000Z</time>
        <extensions>
          <ns3:TrackPointExtension>
            <ns3:hr>150</ns3:hr>
            <ns3:cad>61</ns3:cad>
          </ns3:TrackPointExtension>
        </extensions>
      </trkpt>
      <trkpt lat="3.90885628759860992431640625" lon="11.5020879171788692474365234375">
        <ele>799</ele>
        <time>2026-06-06T06:47:07.000Z</time>
        <extensions>
          <ns3:TrackPointExtension>
            <ns3:hr>147</ns3:hr>
            <ns3:cad>63</ns3:cad>
          </ns3:TrackPointExtension>
        </extensions>
      </trkpt>
      <trkpt lat="3.9087384380400180816650390625" lon="11.50212035514414310455322265625">
        <ele>797.4000244140625</ele>
        <time>2026-06-06T06:47:16.000Z</time>
        <extensions>
          <ns3:TrackPointExtension>
            <ns3:hr>150</ns3:hr>
            <ns3:cad>60</ns3:cad>
          </ns3:TrackPointExtension>
        </extensions>
      </trkpt>
      <trkpt lat="3.9086665213108062744140625" lon="11.5021258033812046051025390625">
        <ele>797</ele>
        <time>2026-06-06T06:47:21.000Z</time>
        <extensions>
          <ns3:TrackPointExtension>
            <ns3:hr>154</ns3:hr>
            <ns3:cad>60</ns3:cad>
          </ns3:TrackPointExtension>
        </extensions>
      </trkpt>
      <trkpt lat="3.90847918577492237091064453125" lon="11.50214533321559429168701171875">
        <ele>794.79998779296875</ele>
        <time>2026-06-06T06:47:34.000Z</time>
        <extensions>
          <ns3:TrackPointExtension>
            <ns3:hr>152</ns3:hr>
            <ns3:cad>62</ns3:cad>
          </ns3:TrackPointExtension>
        </extensions>
      </trkpt>
      <trkpt lat="3.90834867954254150390625" lon="11.50216452777385711669921875">
        <ele>794.20001220703125</ele>
        <time>2026-06-06T06:47:42.000Z</time>
        <extensions>
          <ns3:TrackPointExtension>
            <ns3:hr>155</ns3:hr>
            <ns3:cad>61</ns3:cad>
          </ns3:TrackPointExtension>
        </extensions>
      </trkpt>
      <trkpt lat="3.90831775031983852386474609375" lon="11.502167545258998870849609375">
        <ele>793.79998779296875</ele>
        <time>2026-06-06T06:47:44.000Z</time>
        <extensions>
          <ns3:TrackPointExtension>
            <ns3:hr>152</ns3:hr>
            <ns3:cad>61</ns3:cad>
          </ns3:TrackPointExtension>
        </extensions>
      </trkpt>
      <trkpt lat="3.90822823159396648406982421875" lon="11.50218472816050052642822265625">
        <ele>793</ele>
        <time>2026-06-06T06:47:50.000Z</time>
        <extensions>
          <ns3:TrackPointExtension>
            <ns3:hr>148</ns3:hr>
            <ns3:cad>61</ns3:cad>
          </ns3:TrackPointExtension>
        </extensions>
      </trkpt>
      <trkpt lat="3.90804491937160491943359375" lon="11.50221825577318668365478515625">
        <ele>792</ele>
        <time>2026-06-06T06:48:02.000Z</time>
        <extensions>
          <ns3:TrackPointExtension>
            <ns3:hr>148</ns3:hr>
            <ns3:cad>65</ns3:cad>
          </ns3:TrackPointExtension>
        </extensions>
      </trkpt>
      <trkpt lat="3.9078616909682750701904296875" lon="11.5022550523281097412109375">
        <ele>791.4000244140625</ele>
        <time>2026-06-06T06:48:15.000Z</time>
        <extensions>
          <ns3:TrackPointExtension>
            <ns3:hr>150</ns3:hr>
            <ns3:cad>63</ns3:cad>
          </ns3:TrackPointExtension>
        </extensions>
      </trkpt>
      <trkpt lat="3.90767368488013744354248046875" lon="11.50228413753211498260498046875">
        <ele>789.5999755859375</ele>
        <time>2026-06-06T06:48:27.000Z</time>
        <extensions>
          <ns3:TrackPointExtension>
            <ns3:hr>148</ns3:hr>
            <ns3:cad>62</ns3:cad>
          </ns3:TrackPointExtension>
        </extensions>
      </trkpt>
      <trkpt lat="3.90750847756862640380859375" lon="11.50232286192476749420166015625">
        <ele>786.5999755859375</ele>
        <time>2026-06-06T06:48:37.000Z</time>
        <extensions>
          <ns3:TrackPointExtension>
            <ns3:hr>145</ns3:hr>
            <ns3:cad>62</ns3:cad>
          </ns3:TrackPointExtension>
        </extensions>
      </trkpt>
      <trkpt lat="3.90731980092823505401611328125" lon="11.50235789828002452850341796875">
        <ele>783.79998779296875</ele>
        <time>2026-06-06T06:48:50.000Z</time>
        <extensions>
          <ns3:TrackPointExtension>
            <ns3:hr>147</ns3:hr>
            <ns3:cad>64</ns3:cad>
          </ns3:TrackPointExtension>
        </extensions>
      </trkpt>
      <trkpt lat="3.90712718479335308074951171875" lon="11.50237281806766986846923828125">
        <ele>781.5999755859375</ele>
        <time>2026-06-06T06:49:03.000Z</time>
        <extensions>
          <ns3:TrackPointExtension>
            <ns3:hr>148</ns3:hr>
            <ns3:cad>64</ns3:cad>
          </ns3:TrackPointExtension>
        </extensions>
      </trkpt>
      <trkpt lat="3.9070965908467769622802734375" lon="11.50238505564630031585693359375">
        <ele>781.20001220703125</ele>
        <time>2026-06-06T06:49:04.000Z</time>
        <extensions>
          <ns3:TrackPointExtension>
            <ns3:hr>151</ns3:hr>
            <ns3:cad>63</ns3:cad>
          </ns3:TrackPointExtension>
        </extensions>
      </trkpt>
      <trkpt lat="3.9069081656634807586669921875" lon="11.502412967383861541748046875">
        <ele>779.20001220703125</ele>
        <time>2026-06-06T06:49:17.000Z</time>
        <extensions>
          <ns3:TrackPointExtension>
            <ns3:hr>152</ns3:hr>
            <ns3:cad>64</ns3:cad>
          </ns3:TrackPointExtension>
        </extensions>
      </trkpt>
      <trkpt lat="3.9068645797669887542724609375" lon="11.50242210365831851959228515625">
        <ele>778.79998779296875</ele>
        <time>2026-06-06T06:49:20.000Z</time>
        <extensions>
          <ns3:TrackPointExtension>
            <ns3:hr>149</ns3:hr>
            <ns3:cad>64</ns3:cad>
          </ns3:TrackPointExtension>
        </extensions>
      </trkpt>
      <trkpt lat="3.90673843212425708770751953125" lon="11.5024557150900363922119140625">
        <ele>777.79998779296875</ele>
        <time>2026-06-06T06:49:28.000Z</time>
        <extensions>
          <ns3:TrackPointExtension>
            <ns3:hr>150</ns3:hr>
            <ns3:cad>64</ns3:cad>
          </ns3:TrackPointExtension>
        </extensions>
      </trkpt>
      <trkpt lat="3.90655905939638614654541015625" lon="11.50249150581657886505126953125">
        <ele>775.5999755859375</ele>
        <time>2026-06-06T06:49:40.000Z</time>
        <extensions>
          <ns3:TrackPointExtension>
            <ns3:hr>148</ns3:hr>
            <ns3:cad>63</ns3:cad>
          </ns3:TrackPointExtension>
        </extensions>
      </trkpt>
      <trkpt lat="3.90637348406016826629638671875" lon="11.5025197528302669525146484375">
        <ele>775</ele>
        <time>2026-06-06T06:49:52.000Z</time>
        <extensions>
          <ns3:TrackPointExtension>
            <ns3:hr>147</ns3:hr>
            <ns3:cad>61</ns3:cad>
          </ns3:TrackPointExtension>
        </extensions>
      </trkpt>
      <trkpt lat="3.90619562007486820220947265625" lon="11.502565182745456695556640625">
        <ele>775.4000244140625</ele>
        <time>2026-06-06T06:50:03.000Z</time>
        <extensions>
          <ns3:TrackPointExtension>
            <ns3:hr>147</ns3:hr>
            <ns3:cad>63</ns3:cad>
          </ns3:TrackPointExtension>
        </extensions>
      </trkpt>
      <trkpt lat="3.906098306179046630859375" lon="11.5025889873504638671875">
        <ele>776.20001220703125</ele>
        <time>2026-06-06T06:50:09.000Z</time>
        <extensions>
          <ns3:TrackPointExtension>
            <ns3:hr>147</ns3:hr>
            <ns3:cad>64</ns3:cad>
          </ns3:TrackPointExtension>
        </extensions>
      </trkpt>
      <trkpt lat="3.90595623292028903961181640625" lon="11.50260298512876033782958984375">
        <ele>776.5999755859375</ele>
        <time>2026-06-06T06:50:19.000Z</time>
        <extensions>
          <ns3:TrackPointExtension>
            <ns3:hr>150</ns3:hr>
            <ns3:cad>65</ns3:cad>
          </ns3:TrackPointExtension>
        </extensions>
      </trkpt>
      <trkpt lat="3.9057709090411663055419921875" lon="11.502634584903717041015625">
        <ele>776.4000244140625</ele>
        <time>2026-06-06T06:50:30.000Z</time>
        <extensions>
          <ns3:TrackPointExtension>
            <ns3:hr>151</ns3:hr>
            <ns3:cad>64</ns3:cad>
          </ns3:TrackPointExtension>
        </extensions>
      </trkpt>
      <trkpt lat="3.9056609384715557098388671875" lon="11.50264170952141284942626953125">
        <ele>776</ele>
        <time>2026-06-06T06:50:37.000Z</time>
        <extensions>
          <ns3:TrackPointExtension>
            <ns3:hr>148</ns3:hr>
            <ns3:cad>123</ns3:cad>
          </ns3:TrackPointExtension>
        </extensions>
      </trkpt>
      <trkpt lat="3.9055469445884227752685546875" lon="11.50268278084695339202880859375">
        <ele>775</ele>
        <time>2026-06-06T06:50:45.000Z</time>
        <extensions>
          <ns3:TrackPointExtension>
            <ns3:hr>151</ns3:hr>
            <ns3:cad>65</ns3:cad>
          </ns3:TrackPointExtension>
        </extensions>
      </trkpt>
      <trkpt lat="3.9053880237042903900146484375" lon="11.5027276240289211273193359375">
        <ele>774.20001220703125</ele>
        <time>2026-06-06T06:50:55.000Z</time>
        <extensions>
          <ns3:TrackPointExtension>
            <ns3:hr>155</ns3:hr>
            <ns3:cad>64</ns3:cad>
          </ns3:TrackPointExtension>
        </extensions>
      </trkpt>
      <trkpt lat="3.905359022319316864013671875" lon="11.50273156352341175079345703125">
        <ele>774</ele>
        <time>2026-06-06T06:50:56.000Z</time>
        <extensions>
          <ns3:TrackPointExtension>
            <ns3:hr>153</ns3:hr>
            <ns3:cad>64</ns3:cad>
          </ns3:TrackPointExtension>
        </extensions>
      </trkpt>
      <trkpt lat="3.90518090687692165374755859375" lon="11.5028054080903530120849609375">
        <ele>774</ele>
        <time>2026-06-06T06:51:10.000Z</time>
        <extensions>
          <ns3:TrackPointExtension>
            <ns3:hr>151</ns3:hr>
            <ns3:cad>64</ns3:cad>
          </ns3:TrackPointExtension>
        </extensions>
      </trkpt>
      <trkpt lat="3.90514603815972805023193359375" lon="11.50281772948801517486572265625">
        <ele>773.79998779296875</ele>
        <time>2026-06-06T06:51:12.000Z</time>
        <extensions>
          <ns3:TrackPointExtension>
            <ns3:hr>145</ns3:hr>
            <ns3:cad>62</ns3:cad>
          </ns3:TrackPointExtension>
        </extensions>
      </trkpt>
      <trkpt lat="3.905127681791782379150390625" lon="11.502824015915393829345703125">
        <ele>774</ele>
        <time>2026-06-06T06:51:13.000Z</time>
        <extensions>
          <ns3:TrackPointExtension>
            <ns3:hr>145</ns3:hr>
            <ns3:cad>62</ns3:cad>
          </ns3:TrackPointExtension>
        </extensions>
      </trkpt>
      <trkpt lat="3.904958702623844146728515625" lon="11.50288696400821208953857421875">
        <ele>774</ele>
        <time>2026-06-06T06:51:26.000Z</time>
        <extensions>
          <ns3:TrackPointExtension>
            <ns3:hr>145</ns3:hr>
            <ns3:cad>66</ns3:cad>
          </ns3:TrackPointExtension>
        </extensions>
      </trkpt>
      <trkpt lat="3.9048948325216770172119140625" lon="11.5029143728315830230712890625">
        <ele>773.79998779296875</ele>
        <time>2026-06-06T06:51:30.000Z</time>
        <extensions>
          <ns3:TrackPointExtension>
            <ns3:hr>148</ns3:hr>
            <ns3:cad>65</ns3:cad>
          </ns3:TrackPointExtension>
        </extensions>
      </trkpt>
      <trkpt lat="3.904734738171100616455078125" lon="11.50301101617515087127685546875">
        <ele>772.79998779296875</ele>
        <time>2026-06-06T06:51:42.000Z</time>
        <extensions>
          <ns3:TrackPointExtension>
            <ns3:hr>147</ns3:hr>
            <ns3:cad>64</ns3:cad>
          </ns3:TrackPointExtension>
        </extensions>
      </trkpt>
      <trkpt lat="3.90456450171768665313720703125" lon="11.503102965652942657470703125">
        <ele>771.5999755859375</ele>
        <time>2026-06-06T06:51:53.000Z</time>
        <extensions>
          <ns3:TrackPointExtension>
            <ns3:hr>147</ns3:hr>
            <ns3:cad>63</ns3:cad>
          </ns3:TrackPointExtension>
        </extensions>
      </trkpt>
      <trkpt lat="3.9044355042278766632080078125" lon="11.5031822584569454193115234375">
        <ele>770.20001220703125</ele>
        <time>2026-06-06T06:52:03.000Z</time>
        <extensions>
          <ns3:TrackPointExtension>
            <ns3:hr>150</ns3:hr>
            <ns3:cad>64</ns3:cad>
          </ns3:TrackPointExtension>
        </extensions>
      </trkpt>
      <trkpt lat="3.9042658545076847076416015625" lon="11.50327387265861034393310546875">
        <ele>767.5999755859375</ele>
        <time>2026-06-06T06:52:15.000Z</time>
        <extensions>
          <ns3:TrackPointExtension>
            <ns3:hr>151</ns3:hr>
            <ns3:cad>65</ns3:cad>
          </ns3:TrackPointExtension>
        </extensions>
      </trkpt>
      <trkpt lat="3.90410165302455425262451171875" lon="11.50336003862321376800537109375">
        <ele>767</ele>
        <time>2026-06-06T06:52:26.000Z</time>
        <extensions>
          <ns3:TrackPointExtension>
            <ns3:hr>153</ns3:hr>
            <ns3:cad>64</ns3:cad>
          </ns3:TrackPointExtension>
        </extensions>
      </trkpt>
      <trkpt lat="3.9039356075227260589599609375" lon="11.5034539997577667236328125">
        <ele>766.20001220703125</ele>
        <time>2026-06-06T06:52:38.000Z</time>
        <extensions>
          <ns3:TrackPointExtension>
            <ns3:hr>152</ns3:hr>
            <ns3:cad>63</ns3:cad>
          </ns3:TrackPointExtension>
        </extensions>
      </trkpt>
      <trkpt lat="3.90387232415378093719482421875" lon="11.50350269861519336700439453125">
        <ele>765.79998779296875</ele>
        <time>2026-06-06T06:52:43.000Z</time>
        <extensions>
          <ns3:TrackPointExtension>
            <ns3:hr>149</ns3:hr>
            <ns3:cad>64</ns3:cad>
          </ns3:TrackPointExtension>
        </extensions>
      </trkpt>
      <trkpt lat="3.90371692366898059844970703125" lon="11.5036067180335521697998046875">
        <ele>764</ele>
        <time>2026-06-06T06:52:54.000Z</time>
        <extensions>
          <ns3:TrackPointExtension>
            <ns3:hr>151</ns3:hr>
            <ns3:cad>62</ns3:cad>
          </ns3:TrackPointExtension>
        </extensions>
      </trkpt>
      <trkpt lat="3.9036700688302516937255859375" lon="11.50364108383655548095703125">
        <ele>763</ele>
        <time>2026-06-06T06:52:57.000Z</time>
        <extensions>
          <ns3:TrackPointExtension>
            <ns3:hr>148</ns3:hr>
            <ns3:cad>62</ns3:cad>
          </ns3:TrackPointExtension>
        </extensions>
      </trkpt>
      <trkpt lat="3.9035032689571380615234375" lon="11.50374124757945537567138671875">
        <ele>759.79998779296875</ele>
        <time>2026-06-06T06:53:10.000Z</time>
        <extensions>
          <ns3:TrackPointExtension>
            <ns3:hr>148</ns3:hr>
            <ns3:cad>61</ns3:cad>
          </ns3:TrackPointExtension>
        </extensions>
      </trkpt>
      <trkpt lat="3.90338885597884654998779296875" lon="11.5038013458251953125">
        <ele>758.4000244140625</ele>
        <time>2026-06-06T06:53:17.000Z</time>
        <extensions>
          <ns3:TrackPointExtension>
            <ns3:hr>144</ns3:hr>
            <ns3:cad>64</ns3:cad>
          </ns3:TrackPointExtension>
        </extensions>
      </trkpt>
      <trkpt lat="3.903295733034610748291015625" lon="11.50386412627995014190673828125">
        <ele>757.20001220703125</ele>
        <time>2026-06-06T06:53:26.000Z</time>
        <extensions>
          <ns3:TrackPointExtension>
            <ns3:hr>147</ns3:hr>
            <ns3:cad>62</ns3:cad>
          </ns3:TrackPointExtension>
        </extensions>
      </trkpt>
      <trkpt lat="3.90327385626733303070068359375" lon="11.50387904606759548187255859375">
        <ele>756.79998779296875</ele>
        <time>2026-06-06T06:53:28.000Z</time>
        <extensions>
          <ns3:TrackPointExtension>
            <ns3:hr>144</ns3:hr>
            <ns3:cad>61</ns3:cad>
          </ns3:TrackPointExtension>
        </extensions>
      </trkpt>
      <trkpt lat="3.90310764312744140625" lon="11.50398046709597110748291015625">
        <ele>757</ele>
        <time>2026-06-06T06:53:40.000Z</time>
        <extensions>
          <ns3:TrackPointExtension>
            <ns3:hr>144</ns3:hr>
            <ns3:cad>62</ns3:cad>
          </ns3:TrackPointExtension>
        </extensions>
      </trkpt>
      <trkpt lat="3.90293573029339313507080078125" lon="11.504078619182109832763671875">
        <ele>757.20001220703125</ele>
        <time>2026-06-06T06:53:51.000Z</time>
        <extensions>
          <ns3:TrackPointExtension>
            <ns3:hr>147</ns3:hr>
            <ns3:cad>64</ns3:cad>
          </ns3:TrackPointExtension>
        </extensions>
      </trkpt>
      <trkpt lat="3.90280849300324916839599609375" lon="11.50416386313736438751220703125">
        <ele>756</ele>
        <time>2026-06-06T06:54:02.000Z</time>
        <extensions>
          <ns3:TrackPointExtension>
            <ns3:hr>144</ns3:hr>
            <ns3:cad>62</ns3:cad>
          </ns3:TrackPointExtension>
        </extensions>
      </trkpt>
      <trkpt lat="3.90264429152011871337890625" lon="11.50425841100513935089111328125">
        <ele>755</ele>
        <time>2026-06-06T06:54:14.000Z</time>
        <extensions>
          <ns3:TrackPointExtension>
            <ns3:hr>144</ns3:hr>
            <ns3:cad>64</ns3:cad>
          </ns3:TrackPointExtension>
        </extensions>
      </trkpt>
      <trkpt lat="3.90247690491378307342529296875" lon="11.50433468632400035858154296875">
        <ele>752.79998779296875</ele>
        <time>2026-06-06T06:54:26.000Z</time>
        <extensions>
          <ns3:TrackPointExtension>
            <ns3:hr>146</ns3:hr>
            <ns3:cad>64</ns3:cad>
          </ns3:TrackPointExtension>
        </extensions>
      </trkpt>
      <trkpt lat="3.90233449637889862060546875" lon="11.5043979696929454803466796875">
        <ele>751.5999755859375</ele>
        <time>2026-06-06T06:54:34.000Z</time>
        <extensions>
          <ns3:TrackPointExtension>
            <ns3:hr>149</ns3:hr>
            <ns3:cad>62</ns3:cad>
          </ns3:TrackPointExtension>
        </extensions>
      </trkpt>
      <trkpt lat="3.90216727741062641143798828125" lon="11.5044573135673999786376953125">
        <ele>749.79998779296875</ele>
        <time>2026-06-06T06:54:47.000Z</time>
        <extensions>
          <ns3:TrackPointExtension>
            <ns3:hr>145</ns3:hr>
            <ns3:cad>62</ns3:cad>
          </ns3:TrackPointExtension>
        </extensions>
      </trkpt>
      <trkpt lat="3.90198237262666225433349609375" lon="11.5045293979346752166748046875">
        <ele>748.20001220703125</ele>
        <time>2026-06-06T06:54:59.000Z</time>
        <extensions>
          <ns3:TrackPointExtension>
            <ns3:hr>144</ns3:hr>
            <ns3:cad>63</ns3:cad>
          </ns3:TrackPointExtension>
        </extensions>
      </trkpt>
      <trkpt lat="3.9019346795976161956787109375" lon="11.504539288580417633056640625">
        <ele>747.79998779296875</ele>
        <time>2026-06-06T06:55:02.000Z</time>
        <extensions>
          <ns3:TrackPointExtension>
            <ns3:hr>147</ns3:hr>
            <ns3:cad>64</ns3:cad>
          </ns3:TrackPointExtension>
        </extensions>
      </trkpt>
      <trkpt lat="3.90175136737525463104248046875" lon="11.50456787087023258209228515625">
        <ele>747.20001220703125</ele>
        <time>2026-06-06T06:55:16.000Z</time>
        <extensions>
          <ns3:TrackPointExtension>
            <ns3:hr>146</ns3:hr>
            <ns3:cad>62</ns3:cad>
          </ns3:TrackPointExtension>
        </extensions>
      </trkpt>
      <trkpt lat="3.9015613496303558349609375" lon="11.504600308835506439208984375">
        <ele>747.20001220703125</ele>
        <time>2026-06-06T06:55:28.000Z</time>
        <extensions>
          <ns3:TrackPointExtension>
            <ns3:hr>145</ns3:hr>
            <ns3:cad>64</ns3:cad>
          </ns3:TrackPointExtension>
        </extensions>
      </trkpt>
      <trkpt lat="3.90144056640565395355224609375" lon="11.5046001411974430084228515625">
        <ele>747.20001220703125</ele>
        <time>2026-06-06T06:55:35.000Z</time>
        <extensions>
          <ns3:TrackPointExtension>
            <ns3:hr>148</ns3:hr>
            <ns3:cad>62</ns3:cad>
          </ns3:TrackPointExtension>
        </extensions>
      </trkpt>
      <trkpt lat="3.90141156502068042755126953125" lon="11.5045994706451892852783203125">
        <ele>747.20001220703125</ele>
        <time>2026-06-06T06:55:37.000Z</time>
        <extensions>
          <ns3:TrackPointExtension>
            <ns3:hr>145</ns3:hr>
            <ns3:cad>62</ns3:cad>
          </ns3:TrackPointExtension>
        </extensions>
      </trkpt>
      <trkpt lat="3.9013979025185108184814453125" lon="11.50460022501647472381591796875">
        <ele>747</ele>
        <time>2026-06-06T06:55:38.000Z</time>
        <extensions>
          <ns3:TrackPointExtension>
            <ns3:hr>148</ns3:hr>
            <ns3:cad>62</ns3:cad>
          </ns3:TrackPointExtension>
        </extensions>
      </trkpt>
      <trkpt lat="3.90121375210583209991455078125" lon="11.50460072793066501617431640625">
        <ele>746.4000244140625</ele>
        <time>2026-06-06T06:55:51.000Z</time>
        <extensions>
          <ns3:TrackPointExtension>
            <ns3:hr>149</ns3:hr>
            <ns3:cad>60</ns3:cad>
          </ns3:TrackPointExtension>
        </extensions>
      </trkpt>
      <trkpt lat="3.9011870138347148895263671875" lon="11.50459997355937957763671875">
        <ele>746</ele>
        <time>2026-06-06T06:55:53.000Z</time>
        <extensions>
          <ns3:TrackPointExtension>
            <ns3:hr>147</ns3:hr>
            <ns3:cad>60</ns3:cad>
          </ns3:TrackPointExtension>
        </extensions>
      </trkpt>
      <trkpt lat="3.9010535739362239837646484375" lon="11.50456602685153484344482421875">
        <ele>744.79998779296875</ele>
        <time>2026-06-06T06:56:02.000Z</time>
        <extensions>
          <ns3:TrackPointExtension>
            <ns3:hr>153</ns3:hr>
            <ns3:cad>60</ns3:cad>
          </ns3:TrackPointExtension>
        </extensions>
      </trkpt>
      <trkpt lat="3.90086472965776920318603515625" lon="11.50452931411564350128173828125">
        <ele>744.20001220703125</ele>
        <time>2026-06-06T06:56:14.000Z</time>
        <extensions>
          <ns3:TrackPointExtension>
            <ns3:hr>155</ns3:hr>
            <ns3:cad>60</ns3:cad>
          </ns3:TrackPointExtension>
        </extensions>
      </trkpt>
      <trkpt lat="3.900677226483821868896484375" lon="11.50447080843150615692138671875">
        <ele>745</ele>
        <time>2026-06-06T06:56:26.000Z</time>
        <extensions>
          <ns3:TrackPointExtension>
            <ns3:hr>156</ns3:hr>
            <ns3:cad>62</ns3:cad>
          </ns3:TrackPointExtension>
        </extensions>
      </trkpt>
      <trkpt lat="3.90048787929117679595947265625" lon="11.50443862192332744598388671875">
        <ele>746.4000244140625</ele>
        <time>2026-06-06T06:56:39.000Z</time>
        <extensions>
          <ns3:TrackPointExtension>
            <ns3:hr>158</ns3:hr>
            <ns3:cad>60</ns3:cad>
          </ns3:TrackPointExtension>
        </extensions>
      </trkpt>
      <trkpt lat="3.900474719703197479248046875" lon="11.5044358558952808380126953125">
        <ele>746.5999755859375</ele>
        <time>2026-06-06T06:56:40.000Z</time>
        <extensions>
          <ns3:TrackPointExtension>
            <ns3:hr>161</ns3:hr>
            <ns3:cad>61</ns3:cad>
          </ns3:TrackPointExtension>
        </extensions>
      </trkpt>
      <trkpt lat="3.90030414797365665435791015625" lon="11.50440811179578304290771484375">
        <ele>747.20001220703125</ele>
        <time>2026-06-06T06:56:52.000Z</time>
        <extensions>
          <ns3:TrackPointExtension>
            <ns3:hr>166</ns3:hr>
            <ns3:cad>60</ns3:cad>
          </ns3:TrackPointExtension>
        </extensions>
      </trkpt>
      <trkpt lat="3.9001939259469509124755859375" lon="11.5043734945356845855712890625">
        <ele>747.5999755859375</ele>
        <time>2026-06-06T06:56:59.000Z</time>
        <extensions>
          <ns3:TrackPointExtension>
            <ns3:hr>163</ns3:hr>
            <ns3:cad>64</ns3:cad>
          </ns3:TrackPointExtension>
        </extensions>
      </trkpt>
      <trkpt lat="3.90010767616331577301025390625" lon="11.50436184369027614593505859375">
        <ele>747.5999755859375</ele>
        <time>2026-06-06T06:57:04.000Z</time>
        <extensions>
          <ns3:TrackPointExtension>
            <ns3:hr>158</ns3:hr>
            <ns3:cad>60</ns3:cad>
          </ns3:TrackPointExtension>
        </extensions>
      </trkpt>
      <trkpt lat="3.90007699839770793914794921875" lon="11.5043605864048004150390625">
        <ele>747.5999755859375</ele>
        <time>2026-06-06T06:57:06.000Z</time>
        <extensions>
          <ns3:TrackPointExtension>
            <ns3:hr>162</ns3:hr>
            <ns3:cad>60</ns3:cad>
          </ns3:TrackPointExtension>
        </extensions>
      </trkpt>
      <trkpt lat="3.90006207861006259918212890625" lon="11.504361592233180999755859375">
        <ele>747.5999755859375</ele>
        <time>2026-06-06T06:57:07.000Z</time>
        <extensions>
          <ns3:TrackPointExtension>
            <ns3:hr>167</ns3:hr>
            <ns3:cad>60</ns3:cad>
          </ns3:TrackPointExtension>
        </extensions>
      </trkpt>
      <trkpt lat="3.89999695122241973876953125" lon="11.50436184369027614593505859375">
        <ele>747.79998779296875</ele>
        <time>2026-06-06T06:57:11.000Z</time>
        <extensions>
          <ns3:TrackPointExtension>
            <ns3:hr>162</ns3:hr>
            <ns3:cad>60</ns3:cad>
          </ns3:TrackPointExtension>
        </extensions>
      </trkpt>
      <trkpt lat="3.89998127706348896026611328125" lon="11.50435681454837322235107421875">
        <ele>748</ele>
        <time>2026-06-06T06:57:12.000Z</time>
        <extensions>
          <ns3:TrackPointExtension>
            <ns3:hr>149</ns3:hr>
            <ns3:cad>64</ns3:cad>
          </ns3:TrackPointExtension>
        </extensions>
      </trkpt>
      <trkpt lat="3.89996602199971675872802734375" lon="11.5043493546545505523681640625">
        <ele>748</ele>
        <time>2026-06-06T06:57:13.000Z</time>
        <extensions>
          <ns3:TrackPointExtension>
            <ns3:hr>144</ns3:hr>
            <ns3:cad>64</ns3:cad>
          </ns3:TrackPointExtension>
        </extensions>
      </trkpt>
      <trkpt lat="3.899953030049800872802734375" lon="11.50433938018977642059326171875">
        <ele>748.20001220703125</ele>
        <time>2026-06-06T06:57:14.000Z</time>
        <extensions>
          <ns3:TrackPointExtension>
            <ns3:hr>140</ns3:hr>
            <ns3:cad>64</ns3:cad>
          </ns3:TrackPointExtension>
        </extensions>
      </trkpt>
      <trkpt lat="3.8999280519783496856689453125" lon="11.50431700050830841064453125">
        <ele>748.4000244140625</ele>
        <time>2026-06-06T06:57:16.000Z</time>
        <extensions>
          <ns3:TrackPointExtension>
            <ns3:hr>129</ns3:hr>
            <ns3:cad>64</ns3:cad>
          </ns3:TrackPointExtension>
        </extensions>
      </trkpt>
      <trkpt lat="3.89990366064012050628662109375" lon="11.5042913518846035003662109375">
        <ele>748.4000244140625</ele>
        <time>2026-06-06T06:57:18.000Z</time>
        <extensions>
          <ns3:TrackPointExtension>
            <ns3:hr>126</ns3:hr>
            <ns3:cad>64</ns3:cad>
          </ns3:TrackPointExtension>
        </extensions>
      </trkpt>
      <trkpt lat="3.8998522795736789703369140625" lon="11.504110805690288543701171875">
        <ele>748.79998779296875</ele>
        <time>2026-06-06T06:57:31.000Z</time>
        <extensions>
          <ns3:TrackPointExtension>
            <ns3:hr>125</ns3:hr>
            <ns3:cad>63</ns3:cad>
          </ns3:TrackPointExtension>
        </extensions>
      </trkpt>
      <trkpt lat="3.89982369728386402130126953125" lon="11.50396521203219890594482421875">
        <ele>748.20001220703125</ele>
        <time>2026-06-06T06:57:41.000Z</time>
        <extensions>
          <ns3:TrackPointExtension>
            <ns3:hr>128</ns3:hr>
            <ns3:cad>60</ns3:cad>
          </ns3:TrackPointExtension>
        </extensions>
      </trkpt>
      <trkpt lat="3.89980475418269634246826171875" lon="11.503878794610500335693359375">
        <ele>748</ele>
        <time>2026-06-06T06:57:47.000Z</time>
        <extensions>
          <ns3:TrackPointExtension>
            <ns3:hr>124</ns3:hr>
            <ns3:cad>60</ns3:cad>
          </ns3:TrackPointExtension>
        </extensions>
      </trkpt>
      <trkpt lat="3.89978882856667041778564453125" lon="11.5036952309310436248779296875">
        <ele>750.4000244140625</ele>
        <time>2026-06-06T06:58:00.000Z</time>
        <extensions>
          <ns3:TrackPointExtension>
            <ns3:hr>124</ns3:hr>
            <ns3:cad>60</ns3:cad>
          </ns3:TrackPointExtension>
        </extensions>
      </trkpt>
      <trkpt lat="3.89978145249187946319580078125" lon="11.5035114996135234832763671875">
        <ele>752.4000244140625</ele>
        <time>2026-06-06T06:58:12.000Z</time>
        <extensions>
          <ns3:TrackPointExtension>
            <ns3:hr>126</ns3:hr>
            <ns3:cad>63</ns3:cad>
          </ns3:TrackPointExtension>
        </extensions>
      </trkpt>
      <trkpt lat="3.89978078193962574005126953125" lon="11.50332030840218067169189453125">
        <ele>753.79998779296875</ele>
        <time>2026-06-06T06:58:25.000Z</time>
        <extensions>
          <ns3:TrackPointExtension>
            <ns3:hr>126</ns3:hr>
            <ns3:cad>60</ns3:cad>
          </ns3:TrackPointExtension>
        </extensions>
      </trkpt>
      <trkpt lat="3.8997669517993927001953125" lon="11.50313816964626312255859375">
        <ele>756.4000244140625</ele>
        <time>2026-06-06T06:58:37.000Z</time>
        <extensions>
          <ns3:TrackPointExtension>
            <ns3:hr>126</ns3:hr>
            <ns3:cad>60</ns3:cad>
          </ns3:TrackPointExtension>
        </extensions>
      </trkpt>
      <trkpt lat="3.8997500203549861907958984375" lon="11.5029609762132167816162109375">
        <ele>759.20001220703125</ele>
        <time>2026-06-06T06:58:48.000Z</time>
        <extensions>
          <ns3:TrackPointExtension>
            <ns3:hr>125</ns3:hr>
            <ns3:cad>60</ns3:cad>
          </ns3:TrackPointExtension>
        </extensions>
      </trkpt>
      <trkpt lat="3.89972680248320102691650390625" lon="11.50282175280153751373291015625">
        <ele>761.4000244140625</ele>
        <time>2026-06-06T06:58:59.000Z</time>
        <extensions>
          <ns3:TrackPointExtension>
            <ns3:hr>128</ns3:hr>
            <ns3:cad>60</ns3:cad>
          </ns3:TrackPointExtension>
        </extensions>
      </trkpt>
      <trkpt lat="3.89972495846450328826904296875" lon="11.5027078427374362945556640625">
        <ele>763.20001220703125</ele>
        <time>2026-06-06T06:59:06.000Z</time>
        <extensions>
          <ns3:TrackPointExtension>
            <ns3:hr>125</ns3:hr>
            <ns3:cad>60</ns3:cad>
          </ns3:TrackPointExtension>
        </extensions>
      </trkpt>
      <trkpt lat="3.89972479082643985748291015625" lon="11.502516232430934906005859375">
        <ele>766</ele>
        <time>2026-06-06T06:59:19.000Z</time>
        <extensions>
          <ns3:TrackPointExtension>
            <ns3:hr>126</ns3:hr>
            <ns3:cad>60</ns3:cad>
          </ns3:TrackPointExtension>
        </extensions>
      </trkpt>
      <trkpt lat="3.89970702119171619415283203125" lon="11.50232286192476749420166015625">
        <ele>766.5999755859375</ele>
        <time>2026-06-06T06:59:32.000Z</time>
        <extensions>
          <ns3:TrackPointExtension>
            <ns3:hr>125</ns3:hr>
            <ns3:cad>60</ns3:cad>
          </ns3:TrackPointExtension>
        </extensions>
      </trkpt>
      <trkpt lat="3.8996786065399646759033203125" lon="11.50213376618921756744384765625">
        <ele>765.79998779296875</ele>
        <time>2026-06-06T06:59:45.000Z</time>
        <extensions>
          <ns3:TrackPointExtension>
            <ns3:hr>126</ns3:hr>
            <ns3:cad>64</ns3:cad>
          </ns3:TrackPointExtension>
        </extensions>
      </trkpt>
      <trkpt lat="3.89967282302677631378173828125" lon="11.501952968537807464599609375">
        <ele>764.4000244140625</ele>
        <time>2026-06-06T06:59:56.000Z</time>
        <extensions>
          <ns3:TrackPointExtension>
            <ns3:hr>127</ns3:hr>
            <ns3:cad>64</ns3:cad>
          </ns3:TrackPointExtension>
        </extensions>
      </trkpt>
      <trkpt lat="3.8996489346027374267578125" lon="11.50177024304866790771484375">
        <ele>764.4000244140625</ele>
        <time>2026-06-06T07:00:08.000Z</time>
        <extensions>
          <ns3:TrackPointExtension>
            <ns3:hr>127</ns3:hr>
            <ns3:cad>60</ns3:cad>
          </ns3:TrackPointExtension>
        </extensions>
      </trkpt>
      <trkpt lat="3.899642564356327056884765625" lon="11.5016168542206287384033203125">
        <ele>764.4000244140625</ele>
        <time>2026-06-06T07:00:19.000Z</time>
        <extensions>
          <ns3:TrackPointExtension>
            <ns3:hr>126</ns3:hr>
            <ns3:cad>63</ns3:cad>
          </ns3:TrackPointExtension>
        </extensions>
      </trkpt>
    </trkseg>
  </trk>
</gpx>
