<?xml version="1.0" encoding="UTF-8"?>
<gpx creator="Garmin Connect" version="1.1"
  xsi:schemaLocation="http://www.topografix.com/GPX/1/1 http://www.topografix.com/GPX/11.xsd"
  xmlns:ns3="http://www.garmin.com/xmlschemas/TrackPointExtension/v1"
  xmlns="http://www.topografix.com/GPX/1/1"
  xmlns:xsi="http://www.w3.org/2001/XMLSchema-instance" xmlns:ns2="http://www.garmin.com/xmlschemas/GpxExtensions/v3">
  <metadata>
    <link href="connect.garmin.com">
      <text>Garmin Connect</text>
    </link>
    <time>2026-06-13T04:55:52.000Z</time>
  </metadata>
  <trk>
    <name>Mfoundi Running</name>
    <type>running</type>
    <trkseg>
      <trkpt lat="3.89975999481976032257080078125" lon="11.5015601925551891326904296875">
        <ele>764.79998779296875</ele>
        <time>2026-06-13T04:55:52.000Z</time>
        <extensions>
          <ns3:TrackPointExtension>
            <ns3:hr>109</ns3:hr>
            <ns3:cad>60</ns3:cad>
          </ns3:TrackPointExtension>
        </extensions>
      </trkpt>
      <trkpt lat="3.89975211583077907562255859375" lon="11.50155977346003055572509765625">
        <ele>764.79998779296875</ele>
        <time>2026-06-13T04:55:53.000Z</time>
        <extensions>
          <ns3:TrackPointExtension>
            <ns3:hr>109</ns3:hr>
            <ns3:cad>60</ns3:cad>
          </ns3:TrackPointExtension>
        </extensions>
      </trkpt>
      <trkpt lat="3.8997066020965576171875" lon="11.50157989002764225006103515625">
        <ele>764.5999755859375</ele>
        <time>2026-06-13T04:55:58.000Z</time>
        <extensions>
          <ns3:TrackPointExtension>
            <ns3:hr>106</ns3:hr>
            <ns3:cad>60</ns3:cad>
          </ns3:TrackPointExtension>
        </extensions>
      </trkpt>
      <trkpt lat="3.89964063651859760284423828125" lon="11.50151954032480716705322265625">
        <ele>765</ele>
        <time>2026-06-13T04:56:05.000Z</time>
        <extensions>
          <ns3:TrackPointExtension>
            <ns3:hr>109</ns3:hr>
            <ns3:cad>60</ns3:cad>
          </ns3:TrackPointExtension>
        </extensions>
      </trkpt>
      <trkpt lat="3.8996309973299503326416015625" lon="11.5013375692069530487060546875">
        <ele>767.20001220703125</ele>
        <time>2026-06-13T04:56:19.000Z</time>
        <extensions>
          <ns3:TrackPointExtension>
            <ns3:hr>110</ns3:hr>
            <ns3:cad>60</ns3:cad>
          </ns3:TrackPointExtension>
        </extensions>
      </trkpt>
      <trkpt lat="3.89962454326450824737548828125" lon="11.50127713568508625030517578125">
        <ele>768.20001220703125</ele>
        <time>2026-06-13T04:56:23.000Z</time>
        <extensions>
          <ns3:TrackPointExtension>
            <ns3:hr>114</ns3:hr>
            <ns3:cad>60</ns3:cad>
          </ns3:TrackPointExtension>
        </extensions>
      </trkpt>
      <trkpt lat="3.899625800549983978271484375" lon="11.50116833858191967010498046875">
        <ele>770.20001220703125</ele>
        <time>2026-06-13T04:56:30.000Z</time>
        <extensions>
          <ns3:TrackPointExtension>
            <ns3:hr>111</ns3:hr>
            <ns3:cad>60</ns3:cad>
          </ns3:TrackPointExtension>
        </extensions>
      </trkpt>
      <trkpt lat="3.8996504433453083038330078125" lon="11.50102919898927211761474609375">
        <ele>771.5999755859375</ele>
        <time>2026-06-13T04:56:39.000Z</time>
        <extensions>
          <ns3:TrackPointExtension>
            <ns3:hr>108</ns3:hr>
            <ns3:cad>60</ns3:cad>
          </ns3:TrackPointExtension>
        </extensions>
      </trkpt>
      <trkpt lat="3.8996725715696811676025390625" lon="11.500853933393955230712890625">
        <ele>772.5999755859375</ele>
        <time>2026-06-13T04:56:49.000Z</time>
        <extensions>
          <ns3:TrackPointExtension>
            <ns3:hr>106</ns3:hr>
            <ns3:cad>60</ns3:cad>
          </ns3:TrackPointExtension>
        </extensions>
      </trkpt>
      <trkpt lat="3.899645246565341949462890625" lon="11.50067380629479885101318359375">
        <ele>771</ele>
        <time>2026-06-13T04:57:02.000Z</time>
        <extensions>
          <ns3:TrackPointExtension>
            <ns3:hr>106</ns3:hr>
            <ns3:cad>60</ns3:cad>
          </ns3:TrackPointExtension>
        </extensions>
      </trkpt>
      <trkpt lat="3.89962789602577686309814453125" lon="11.50048286654055118560791015625">
        <ele>769.79998779296875</ele>
        <time>2026-06-13T04:57:17.000Z</time>
        <extensions>
          <ns3:TrackPointExtension>
            <ns3:hr>106</ns3:hr>
            <ns3:cad>60</ns3:cad>
          </ns3:TrackPointExtension>
        </extensions>
      </trkpt>
      <trkpt lat="3.89961205422878265380859375" lon="11.50029997341334819793701171875">
        <ele>768.20001220703125</ele>
        <time>2026-06-13T04:57:30.000Z</time>
        <extensions>
          <ns3:TrackPointExtension>
            <ns3:hr>106</ns3:hr>
            <ns3:cad>60</ns3:cad>
          </ns3:TrackPointExtension>
        </extensions>
      </trkpt>
      <trkpt lat="3.89963326044380664825439453125" lon="11.5001104585826396942138671875">
        <ele>769.79998779296875</ele>
        <time>2026-06-13T04:57:45.000Z</time>
        <extensions>
          <ns3:TrackPointExtension>
            <ns3:hr>104</ns3:hr>
            <ns3:cad>56</ns3:cad>
          </ns3:TrackPointExtension>
        </extensions>
      </trkpt>
      <trkpt lat="3.8996088691055774688720703125" lon="11.49997710250318050384521484375">
        <ele>771</ele>
        <time>2026-06-13T04:57:59.000Z</time>
        <extensions>
          <ns3:TrackPointExtension>
            <ns3:hr>101</ns3:hr>
            <ns3:cad>0</ns3:cad>
          </ns3:TrackPointExtension>
        </extensions>
      </trkpt>
      <trkpt lat="3.8996055163443088531494140625" lon="11.49997257627546787261962890625">
        <ele>771.20001220703125</ele>
        <time>2026-06-13T04:58:00.000Z</time>
        <extensions>
          <ns3:TrackPointExtension>
            <ns3:hr>101</ns3:hr>
            <ns3:cad>0</ns3:cad>
          </ns3:TrackPointExtension>
        </extensions>
      </trkpt>
      <trkpt lat="3.8996075280010700225830078125" lon="11.49999084882438182830810546875">
        <ele>771</ele>
        <time>2026-06-13T04:58:07.000Z</time>
        <extensions>
          <ns3:TrackPointExtension>
            <ns3:hr>104</ns3:hr>
            <ns3:cad>60</ns3:cad>
          </ns3:TrackPointExtension>
        </extensions>
      </trkpt>
      <trkpt lat="3.89961716718971729278564453125" lon="11.50008472613990306854248046875">
        <ele>770</ele>
        <time>2026-06-13T04:58:19.000Z</time>
        <extensions>
          <ns3:TrackPointExtension>
            <ns3:hr>103</ns3:hr>
            <ns3:cad>60</ns3:cad>
          </ns3:TrackPointExtension>
        </extensions>
      </trkpt>
      <trkpt lat="3.8996207714080810546875" lon="11.50010316632688045501708984375">
        <ele>769.79998779296875</ele>
        <time>2026-06-13T04:58:21.000Z</time>
        <extensions>
          <ns3:TrackPointExtension>
            <ns3:hr>104</ns3:hr>
            <ns3:cad>60</ns3:cad>
          </ns3:TrackPointExtension>
        </extensions>
      </trkpt>
      <trkpt lat="3.89962588436901569366455078125" lon="11.50028656236827373504638671875">
        <ele>768</ele>
        <time>2026-06-13T04:58:41.000Z</time>
        <extensions>
          <ns3:TrackPointExtension>
            <ns3:hr>105</ns3:hr>
            <ns3:cad>48</ns3:cad>
          </ns3:TrackPointExtension>
        </extensions>
      </trkpt>
      <trkpt lat="3.89963543973863124847412109375" lon="11.5004767477512359619140625">
        <ele>769.79998779296875</ele>
        <time>2026-06-13T04:59:01.000Z</time>
        <extensions>
          <ns3:TrackPointExtension>
            <ns3:hr>104</ns3:hr>
            <ns3:cad>48</ns3:cad>
          </ns3:TrackPointExtension>
        </extensions>
      </trkpt>
      <trkpt lat="3.89966578222811222076416015625" lon="11.5006579644978046417236328125">
        <ele>770.79998779296875</ele>
        <time>2026-06-13T04:59:20.000Z</time>
        <extensions>
          <ns3:TrackPointExtension>
            <ns3:hr>104</ns3:hr>
            <ns3:cad>48</ns3:cad>
          </ns3:TrackPointExtension>
        </extensions>
      </trkpt>
      <trkpt lat="3.899673409759998321533203125" lon="11.50083892978727817535400390625">
        <ele>772.5999755859375</ele>
        <time>2026-06-13T04:59:40.000Z</time>
        <extensions>
          <ns3:TrackPointExtension>
            <ns3:hr>104</ns3:hr>
            <ns3:cad>0</ns3:cad>
          </ns3:TrackPointExtension>
        </extensions>
      </trkpt>
      <trkpt lat="3.89966435730457305908203125" lon="11.50102115236222743988037109375">
        <ele>771.5999755859375</ele>
        <time>2026-06-13T04:59:59.000Z</time>
        <extensions>
          <ns3:TrackPointExtension>
            <ns3:hr>104</ns3:hr>
            <ns3:cad>46</ns3:cad>
          </ns3:TrackPointExtension>
        </extensions>
      </trkpt>
      <trkpt lat="3.89966846443712711334228515625" lon="11.5012024529278278350830078125">
        <ele>769.5999755859375</ele>
        <time>2026-06-13T05:00:18.000Z</time>
        <extensions>
          <ns3:TrackPointExtension>
            <ns3:hr>103</ns3:hr>
            <ns3:cad>0</ns3:cad>
          </ns3:TrackPointExtension>
        </extensions>
      </trkpt>
      <trkpt lat="3.89966762624680995941162109375" lon="11.501355506479740142822265625">
        <ele>767</ele>
        <time>2026-06-13T05:00:34.000Z</time>
        <extensions>
          <ns3:TrackPointExtension>
            <ns3:hr>103</ns3:hr>
            <ns3:cad>0</ns3:cad>
          </ns3:TrackPointExtension>
        </extensions>
      </trkpt>
      <trkpt lat="3.89969897456467151641845703125" lon="11.50153747759759426116943359375">
        <ele>765</ele>
        <time>2026-06-13T05:00:56.000Z</time>
        <extensions>
          <ns3:TrackPointExtension>
            <ns3:hr>103</ns3:hr>
            <ns3:cad>0</ns3:cad>
          </ns3:TrackPointExtension>
        </extensions>
      </trkpt>
      <trkpt lat="3.89965723268687725067138671875" lon="11.5016406588256359100341796875">
        <ele>764.20001220703125</ele>
        <time>2026-06-13T05:01:33.000Z</time>
        <extensions>
          <ns3:TrackPointExtension>
            <ns3:hr>103</ns3:hr>
            <ns3:cad>0</ns3:cad>
          </ns3:TrackPointExtension>
        </extensions>
      </trkpt>
      <trkpt lat="3.89968120492994785308837890625" lon="11.5015799738466739654541015625">
        <ele>764.5999755859375</ele>
        <time>2026-06-13T05:02:23.000Z</time>
        <extensions>
          <ns3:TrackPointExtension>
            <ns3:hr>104</ns3:hr>
            <ns3:cad>0</ns3:cad>
          </ns3:TrackPointExtension>
        </extensions>
      </trkpt>
      <trkpt lat="3.89967014081776142120361328125" lon="11.50169103406369686126708984375">
        <ele>764</ele>
        <time>2026-06-13T05:02:57.000Z</time>
        <extensions>
          <ns3:TrackPointExtension>
            <ns3:hr>103</ns3:hr>
            <ns3:cad>60</ns3:cad>
          </ns3:TrackPointExtension>
        </extensions>
      </trkpt>
      <trkpt lat="3.8996759243309497833251953125" lon="11.50172724388539791107177734375">
        <ele>764.20001220703125</ele>
        <time>2026-06-13T05:03:00.000Z</time>
        <extensions>
          <ns3:TrackPointExtension>
            <ns3:hr>107</ns3:hr>
            <ns3:cad>60</ns3:cad>
          </ns3:TrackPointExtension>
        </extensions>
      </trkpt>
      <trkpt lat="3.89969830401241779327392578125" lon="11.50186370126903057098388671875">
        <ele>764.5999755859375</ele>
        <time>2026-06-13T05:03:10.000Z</time>
        <extensions>
          <ns3:TrackPointExtension>
            <ns3:hr>111</ns3:hr>
            <ns3:cad>60</ns3:cad>
          </ns3:TrackPointExtension>
        </extensions>
      </trkpt>
      <trkpt lat="3.8997235335409641265869140625" lon="11.5020533837378025054931640625">
        <ele>765.4000244140625</ele>
        <time>2026-06-13T05:03:25.000Z</time>
        <extensions>
          <ns3:TrackPointExtension>
            <ns3:hr>108</ns3:hr>
            <ns3:cad>60</ns3:cad>
          </ns3:TrackPointExtension>
        </extensions>
      </trkpt>
      <trkpt lat="3.89971892349421977996826171875" lon="11.50213795714080333709716796875">
        <ele>766</ele>
        <time>2026-06-13T05:03:31.000Z</time>
        <extensions>
          <ns3:TrackPointExtension>
            <ns3:hr>105</ns3:hr>
            <ns3:cad>60</ns3:cad>
          </ns3:TrackPointExtension>
        </extensions>
      </trkpt>
      <trkpt lat="3.8997262157499790191650390625" lon="11.5022300742566585540771484375">
        <ele>766.5999755859375</ele>
        <time>2026-06-13T05:03:38.000Z</time>
        <extensions>
          <ns3:TrackPointExtension>
            <ns3:hr>108</ns3:hr>
            <ns3:cad>57</ns3:cad>
          </ns3:TrackPointExtension>
        </extensions>
      </trkpt>
      <trkpt lat="3.89972981996834278106689453125" lon="11.50228782556951045989990234375">
        <ele>766.5999755859375</ele>
        <time>2026-06-13T05:03:42.000Z</time>
        <extensions>
          <ns3:TrackPointExtension>
            <ns3:hr>113</ns3:hr>
            <ns3:cad>56</ns3:cad>
          </ns3:TrackPointExtension>
        </extensions>
      </trkpt>
      <trkpt lat="3.8997610844671726226806640625" lon="11.50246803648769855499267578125">
        <ele>766.5999755859375</ele>
        <time>2026-06-13T05:03:54.000Z</time>
        <extensions>
          <ns3:TrackPointExtension>
            <ns3:hr>112</ns3:hr>
            <ns3:cad>60</ns3:cad>
          </ns3:TrackPointExtension>
        </extensions>
      </trkpt>
      <trkpt lat="3.89978480525314807891845703125" lon="11.5025888197124004364013671875">
        <ele>765.4000244140625</ele>
        <time>2026-06-13T05:04:02.000Z</time>
        <extensions>
          <ns3:TrackPointExtension>
            <ns3:hr>113</ns3:hr>
            <ns3:cad>62</ns3:cad>
          </ns3:TrackPointExtension>
        </extensions>
      </trkpt>
      <trkpt lat="3.8998009823262691497802734375" lon="11.50276794098317623138427734375">
        <ele>763</ele>
        <time>2026-06-13T05:04:14.000Z</time>
        <extensions>
          <ns3:TrackPointExtension>
            <ns3:hr>111</ns3:hr>
            <ns3:cad>61</ns3:cad>
          </ns3:TrackPointExtension>
        </extensions>
      </trkpt>
      <trkpt lat="3.89979268424212932586669921875" lon="11.50296558625996112823486328125">
        <ele>759.4000244140625</ele>
        <time>2026-06-13T05:04:27.000Z</time>
        <extensions>
          <ns3:TrackPointExtension>
            <ns3:hr>109</ns3:hr>
            <ns3:cad>61</ns3:cad>
          </ns3:TrackPointExtension>
        </extensions>
      </trkpt>
      <trkpt lat="3.89980919659137725830078125" lon="11.5031520836055278778076171875">
        <ele>756.4000244140625</ele>
        <time>2026-06-13T05:04:39.000Z</time>
        <extensions>
          <ns3:TrackPointExtension>
            <ns3:hr>109</ns3:hr>
            <ns3:cad>60</ns3:cad>
          </ns3:TrackPointExtension>
        </extensions>
      </trkpt>
      <trkpt lat="3.89982721768319606781005859375" lon="11.5033411793410778045654296875">
        <ele>754</ele>
        <time>2026-06-13T05:04:51.000Z</time>
        <extensions>
          <ns3:TrackPointExtension>
            <ns3:hr>108</ns3:hr>
            <ns3:cad>61</ns3:cad>
          </ns3:TrackPointExtension>
        </extensions>
      </trkpt>
      <trkpt lat="3.899843059480190277099609375" lon="11.50349984876811504364013671875">
        <ele>753</ele>
        <time>2026-06-13T05:05:01.000Z</time>
        <extensions>
          <ns3:TrackPointExtension>
            <ns3:hr>111</ns3:hr>
            <ns3:cad>62</ns3:cad>
          </ns3:TrackPointExtension>
        </extensions>
      </trkpt>
      <trkpt lat="3.89984364621341228485107421875" lon="11.50368693284690380096435546875">
        <ele>751.20001220703125</ele>
        <time>2026-06-13T05:05:14.000Z</time>
        <extensions>
          <ns3:TrackPointExtension>
            <ns3:hr>111</ns3:hr>
            <ns3:cad>62</ns3:cad>
          </ns3:TrackPointExtension>
        </extensions>
      </trkpt>
      <trkpt lat="3.89987683854997158050537109375" lon="11.50386446155607700347900390625">
        <ele>749.20001220703125</ele>
        <time>2026-06-13T05:05:25.000Z</time>
        <extensions>
          <ns3:TrackPointExtension>
            <ns3:hr>111</ns3:hr>
            <ns3:cad>60</ns3:cad>
          </ns3:TrackPointExtension>
        </extensions>
      </trkpt>
      <trkpt lat="3.89988639391958713531494140625" lon="11.5040467679500579833984375">
        <ele>748.5999755859375</ele>
        <time>2026-06-13T05:05:37.000Z</time>
        <extensions>
          <ns3:TrackPointExtension>
            <ns3:hr>110</ns3:hr>
            <ns3:cad>62</ns3:cad>
          </ns3:TrackPointExtension>
        </extensions>
      </trkpt>
      <trkpt lat="3.89991908334195613861083984375" lon="11.50422454811632633209228515625">
        <ele>748.5999755859375</ele>
        <time>2026-06-13T05:05:49.000Z</time>
        <extensions>
          <ns3:TrackPointExtension>
            <ns3:hr>108</ns3:hr>
            <ns3:cad>60</ns3:cad>
          </ns3:TrackPointExtension>
        </extensions>
      </trkpt>
      <trkpt lat="3.90006727539002895355224609375" lon="11.5043056011199951171875">
        <ele>748</ele>
        <time>2026-06-13T05:06:03.000Z</time>
        <extensions>
          <ns3:TrackPointExtension>
            <ns3:hr>107</ns3:hr>
            <ns3:cad>60</ns3:cad>
          </ns3:TrackPointExtension>
        </extensions>
      </trkpt>
      <trkpt lat="3.900238014757633209228515625" lon="11.50429948233067989349365234375">
        <ele>748</ele>
        <time>2026-06-13T05:06:16.000Z</time>
        <extensions>
          <ns3:TrackPointExtension>
            <ns3:hr>110</ns3:hr>
            <ns3:cad>62</ns3:cad>
          </ns3:TrackPointExtension>
        </extensions>
      </trkpt>
      <trkpt lat="3.9004313014447689056396484375" lon="11.5043444931507110595703125">
        <ele>748.20001220703125</ele>
        <time>2026-06-13T05:06:29.000Z</time>
        <extensions>
          <ns3:TrackPointExtension>
            <ns3:hr>109</ns3:hr>
            <ns3:cad>62</ns3:cad>
          </ns3:TrackPointExtension>
        </extensions>
      </trkpt>
      <trkpt lat="3.9006207324564456939697265625" lon="11.5043949522078037261962890625">
        <ele>746</ele>
        <time>2026-06-13T05:06:40.000Z</time>
        <extensions>
          <ns3:TrackPointExtension>
            <ns3:hr>111</ns3:hr>
            <ns3:cad>62</ns3:cad>
          </ns3:TrackPointExtension>
        </extensions>
      </trkpt>
      <trkpt lat="3.90081125311553478240966796875" lon="11.50442965328693389892578125">
        <ele>744.5999755859375</ele>
        <time>2026-06-13T05:06:53.000Z</time>
        <extensions>
          <ns3:TrackPointExtension>
            <ns3:hr>111</ns3:hr>
            <ns3:cad>62</ns3:cad>
          </ns3:TrackPointExtension>
        </extensions>
      </trkpt>
      <trkpt lat="3.900993056595325469970703125" lon="11.50447231717407703399658203125">
        <ele>744.4000244140625</ele>
        <time>2026-06-13T05:07:07.000Z</time>
        <extensions>
          <ns3:TrackPointExtension>
            <ns3:hr>108</ns3:hr>
            <ns3:cad>62</ns3:cad>
          </ns3:TrackPointExtension>
        </extensions>
      </trkpt>
      <trkpt lat="3.90111333690583705902099609375" lon="11.50448572821915149688720703125">
        <ele>745.5999755859375</ele>
        <time>2026-06-13T05:07:14.000Z</time>
        <extensions>
          <ns3:TrackPointExtension>
            <ns3:hr>107</ns3:hr>
            <ns3:cad>60</ns3:cad>
          </ns3:TrackPointExtension>
        </extensions>
      </trkpt>
      <trkpt lat="3.90130025334656238555908203125" lon="11.50454054586589336395263671875">
        <ele>747</ele>
        <time>2026-06-13T05:07:24.000Z</time>
        <extensions>
          <ns3:TrackPointExtension>
            <ns3:hr>109</ns3:hr>
            <ns3:cad>62</ns3:cad>
          </ns3:TrackPointExtension>
        </extensions>
      </trkpt>
      <trkpt lat="3.9014934562146663665771484375" lon="11.50454993359744548797607421875">
        <ele>747.5999755859375</ele>
        <time>2026-06-13T05:07:36.000Z</time>
        <extensions>
          <ns3:TrackPointExtension>
            <ns3:hr>111</ns3:hr>
            <ns3:cad>60</ns3:cad>
          </ns3:TrackPointExtension>
        </extensions>
      </trkpt>
      <trkpt lat="3.90168095938861370086669921875" lon="11.50454096496105194091796875">
        <ele>747.4000244140625</ele>
        <time>2026-06-13T05:07:48.000Z</time>
        <extensions>
          <ns3:TrackPointExtension>
            <ns3:hr>111</ns3:hr>
            <ns3:cad>59</ns3:cad>
          </ns3:TrackPointExtension>
        </extensions>
      </trkpt>
      <trkpt lat="3.901871144771575927734375" lon="11.50449092499911785125732421875">
        <ele>748</ele>
        <time>2026-06-13T05:08:02.000Z</time>
        <extensions>
          <ns3:TrackPointExtension>
            <ns3:hr>110</ns3:hr>
            <ns3:cad>60</ns3:cad>
          </ns3:TrackPointExtension>
        </extensions>
      </trkpt>
      <trkpt lat="3.90204557217657566070556640625" lon="11.504434011876583099365234375">
        <ele>749</ele>
        <time>2026-06-13T05:08:14.000Z</time>
        <extensions>
          <ns3:TrackPointExtension>
            <ns3:hr>109</ns3:hr>
            <ns3:cad>60</ns3:cad>
          </ns3:TrackPointExtension>
        </extensions>
      </trkpt>
      <trkpt lat="3.90221857465803623199462890625" lon="11.5043498575687408447265625">
        <ele>751.20001220703125</ele>
        <time>2026-06-13T05:08:27.000Z</time>
        <extensions>
          <ns3:TrackPointExtension>
            <ns3:hr>110</ns3:hr>
            <ns3:cad>60</ns3:cad>
          </ns3:TrackPointExtension>
        </extensions>
      </trkpt>
      <trkpt lat="3.9023829437792301177978515625" lon="11.50427232496440410614013671875">
        <ele>753</ele>
        <time>2026-06-13T05:08:39.000Z</time>
        <extensions>
          <ns3:TrackPointExtension>
            <ns3:hr>110</ns3:hr>
            <ns3:cad>61</ns3:cad>
          </ns3:TrackPointExtension>
        </extensions>
      </trkpt>
      <trkpt lat="3.902547396719455718994140625" lon="11.50417341850697994232177734375">
        <ele>755.4000244140625</ele>
        <time>2026-06-13T05:08:53.000Z</time>
        <extensions>
          <ns3:TrackPointExtension>
            <ns3:hr>108</ns3:hr>
            <ns3:cad>60</ns3:cad>
          </ns3:TrackPointExtension>
        </extensions>
      </trkpt>
      <trkpt lat="3.9026798307895660400390625" lon="11.50408976711332798004150390625">
        <ele>757.20001220703125</ele>
        <time>2026-06-13T05:09:05.000Z</time>
        <extensions>
          <ns3:TrackPointExtension>
            <ns3:hr>111</ns3:hr>
            <ns3:cad>60</ns3:cad>
          </ns3:TrackPointExtension>
        </extensions>
      </trkpt>
      <trkpt lat="3.90281285159289836883544921875" lon="11.5040137432515621185302734375">
        <ele>758.20001220703125</ele>
        <time>2026-06-13T05:09:17.000Z</time>
        <extensions>
          <ns3:TrackPointExtension>
            <ns3:hr>119</ns3:hr>
            <ns3:cad>60</ns3:cad>
          </ns3:TrackPointExtension>
        </extensions>
      </trkpt>
      <trkpt lat="3.90282668173313140869140625" lon="11.5040080435574054718017578125">
        <ele>758.4000244140625</ele>
        <time>2026-06-13T05:09:18.000Z</time>
        <extensions>
          <ns3:TrackPointExtension>
            <ns3:hr>120</ns3:hr>
            <ns3:cad>60</ns3:cad>
          </ns3:TrackPointExtension>
        </extensions>
      </trkpt>
      <trkpt lat="3.902853839099407196044921875" lon="11.503998823463916778564453125">
        <ele>758.4000244140625</ele>
        <time>2026-06-13T05:09:20.000Z</time>
        <extensions>
          <ns3:TrackPointExtension>
            <ns3:hr>124</ns3:hr>
            <ns3:cad>60</ns3:cad>
          </ns3:TrackPointExtension>
        </extensions>
      </trkpt>
      <trkpt lat="3.90287772752344608306884765625" lon="11.50397744961082935333251953125">
        <ele>758.79998779296875</ele>
        <time>2026-06-13T05:09:22.000Z</time>
        <extensions>
          <ns3:TrackPointExtension>
            <ns3:hr>127</ns3:hr>
            <ns3:cad>60</ns3:cad>
          </ns3:TrackPointExtension>
        </extensions>
      </trkpt>
      <trkpt lat="3.90292416326701641082763671875" lon="11.503938138484954833984375">
        <ele>759.20001220703125</ele>
        <time>2026-06-13T05:09:26.000Z</time>
        <extensions>
          <ns3:TrackPointExtension>
            <ns3:hr>130</ns3:hr>
            <ns3:cad>60</ns3:cad>
          </ns3:TrackPointExtension>
        </extensions>
      </trkpt>
      <trkpt lat="3.9029673300683498382568359375" lon="11.50389446876943111419677734375">
        <ele>759.20001220703125</ele>
        <time>2026-06-13T05:09:30.000Z</time>
        <extensions>
          <ns3:TrackPointExtension>
            <ns3:hr>137</ns3:hr>
            <ns3:cad>60</ns3:cad>
          </ns3:TrackPointExtension>
        </extensions>
      </trkpt>
      <trkpt lat="3.90298099257051944732666015625" lon="11.5038853324949741363525390625">
        <ele>759</ele>
        <time>2026-06-13T05:09:31.000Z</time>
        <extensions>
          <ns3:TrackPointExtension>
            <ns3:hr>142</ns3:hr>
            <ns3:cad>60</ns3:cad>
          </ns3:TrackPointExtension>
        </extensions>
      </trkpt>
      <trkpt lat="3.90299356542527675628662109375" lon="11.50387753732502460479736328125">
        <ele>759</ele>
        <time>2026-06-13T05:09:32.000Z</time>
        <extensions>
          <ns3:TrackPointExtension>
            <ns3:hr>146</ns3:hr>
            <ns3:cad>60</ns3:cad>
          </ns3:TrackPointExtension>
        </extensions>
      </trkpt>
      <trkpt lat="3.90300613828003406524658203125" lon="11.50386898778378963470458984375">
        <ele>759</ele>
        <time>2026-06-13T05:09:33.000Z</time>
        <extensions>
          <ns3:TrackPointExtension>
            <ns3:hr>151</ns3:hr>
            <ns3:cad>60</ns3:cad>
          </ns3:TrackPointExtension>
        </extensions>
      </trkpt>
      <trkpt lat="3.90304553322494029998779296875" lon="11.503832526504993438720703125">
        <ele>759.20001220703125</ele>
        <time>2026-06-13T05:09:37.000Z</time>
        <extensions>
          <ns3:TrackPointExtension>
            <ns3:hr>147</ns3:hr>
            <ns3:cad>60</ns3:cad>
          </ns3:TrackPointExtension>
        </extensions>
      </trkpt>
      <trkpt lat="3.9030571840703487396240234375" lon="11.5038256533443927764892578125">
        <ele>759.20001220703125</ele>
        <time>2026-06-13T05:09:38.000Z</time>
        <extensions>
          <ns3:TrackPointExtension>
            <ns3:hr>147</ns3:hr>
            <ns3:cad>60</ns3:cad>
          </ns3:TrackPointExtension>
        </extensions>
      </trkpt>
      <trkpt lat="3.90322825871407985687255859375" lon="11.50373018346726894378662109375">
        <ele>760.79998779296875</ele>
        <time>2026-06-13T05:09:51.000Z</time>
        <extensions>
          <ns3:TrackPointExtension>
            <ns3:hr>147</ns3:hr>
            <ns3:cad>60</ns3:cad>
          </ns3:TrackPointExtension>
        </extensions>
      </trkpt>
      <trkpt lat="3.90327536500990390777587890625" lon="11.503711156547069549560546875">
        <ele>761</ele>
        <time>2026-06-13T05:09:54.000Z</time>
        <extensions>
          <ns3:TrackPointExtension>
            <ns3:hr>144</ns3:hr>
            <ns3:cad>60</ns3:cad>
          </ns3:TrackPointExtension>
        </extensions>
      </trkpt>
      <trkpt lat="3.90330679714679718017578125" lon="11.50369766168296337127685546875">
        <ele>761.20001220703125</ele>
        <time>2026-06-13T05:09:56.000Z</time>
        <extensions>
          <ns3:TrackPointExtension>
            <ns3:hr>141</ns3:hr>
            <ns3:cad>60</ns3:cad>
          </ns3:TrackPointExtension>
        </extensions>
      </trkpt>
      <trkpt lat="3.90334032475948333740234375" lon="11.5036818198859691619873046875">
        <ele>761.20001220703125</ele>
        <time>2026-06-13T05:09:58.000Z</time>
        <extensions>
          <ns3:TrackPointExtension>
            <ns3:hr>138</ns3:hr>
            <ns3:cad>60</ns3:cad>
          </ns3:TrackPointExtension>
        </extensions>
      </trkpt>
      <trkpt lat="3.90340142883360385894775390625" lon="11.50364954955875873565673828125">
        <ele>761.5999755859375</ele>
        <time>2026-06-13T05:10:02.000Z</time>
        <extensions>
          <ns3:TrackPointExtension>
            <ns3:hr>131</ns3:hr>
            <ns3:cad>60</ns3:cad>
          </ns3:TrackPointExtension>
        </extensions>
      </trkpt>
      <trkpt lat="3.90341785736382007598876953125" lon="11.50364032946527004241943359375">
        <ele>761.5999755859375</ele>
        <time>2026-06-13T05:10:03.000Z</time>
        <extensions>
          <ns3:TrackPointExtension>
            <ns3:hr>126</ns3:hr>
            <ns3:cad>60</ns3:cad>
          </ns3:TrackPointExtension>
        </extensions>
      </trkpt>
      <trkpt lat="3.90343286097049713134765625" lon="11.50363027118146419525146484375">
        <ele>761.5999755859375</ele>
        <time>2026-06-13T05:10:04.000Z</time>
        <extensions>
          <ns3:TrackPointExtension>
            <ns3:hr>122</ns3:hr>
            <ns3:cad>60</ns3:cad>
          </ns3:TrackPointExtension>
        </extensions>
      </trkpt>
      <trkpt lat="3.9034471102058887481689453125" lon="11.50361937470734119415283203125">
        <ele>761.79998779296875</ele>
        <time>2026-06-13T05:10:05.000Z</time>
        <extensions>
          <ns3:TrackPointExtension>
            <ns3:hr>134</ns3:hr>
            <ns3:cad>60</ns3:cad>
          </ns3:TrackPointExtension>
        </extensions>
      </trkpt>
      <trkpt lat="3.90347451902925968170166015625" lon="11.5036020241677761077880859375">
        <ele>762.4000244140625</ele>
        <time>2026-06-13T05:10:07.000Z</time>
        <extensions>
          <ns3:TrackPointExtension>
            <ns3:hr>137</ns3:hr>
            <ns3:cad>60</ns3:cad>
          </ns3:TrackPointExtension>
        </extensions>
      </trkpt>
      <trkpt lat="3.90348650515079498291015625" lon="11.50359238497912883758544921875">
        <ele>762.5999755859375</ele>
        <time>2026-06-13T05:10:08.000Z</time>
        <extensions>
          <ns3:TrackPointExtension>
            <ns3:hr>141</ns3:hr>
            <ns3:cad>60</ns3:cad>
          </ns3:TrackPointExtension>
        </extensions>
      </trkpt>
      <trkpt lat="3.90350083820521831512451171875" lon="11.5035832487046718597412109375">
        <ele>763</ele>
        <time>2026-06-13T05:10:09.000Z</time>
        <extensions>
          <ns3:TrackPointExtension>
            <ns3:hr>146</ns3:hr>
            <ns3:cad>60</ns3:cad>
          </ns3:TrackPointExtension>
        </extensions>
      </trkpt>
      <trkpt lat="3.9035166800022125244140625" lon="11.5035762079060077667236328125">
        <ele>763.20001220703125</ele>
        <time>2026-06-13T05:10:10.000Z</time>
        <extensions>
          <ns3:TrackPointExtension>
            <ns3:hr>146</ns3:hr>
            <ns3:cad>60</ns3:cad>
          </ns3:TrackPointExtension>
        </extensions>
      </trkpt>
      <trkpt lat="3.903679959475994110107421875" lon="11.50349012576043605804443359375">
        <ele>765.4000244140625</ele>
        <time>2026-06-13T05:10:22.000Z</time>
        <extensions>
          <ns3:TrackPointExtension>
            <ns3:hr>149</ns3:hr>
            <ns3:cad>61</ns3:cad>
          </ns3:TrackPointExtension>
        </extensions>
      </trkpt>
      <trkpt lat="3.9038481004536151885986328125" lon="11.50339440442621707916259765625">
        <ele>766.5999755859375</ele>
        <time>2026-06-13T05:10:36.000Z</time>
        <extensions>
          <ns3:TrackPointExtension>
            <ns3:hr>148</ns3:hr>
            <ns3:cad>60</ns3:cad>
          </ns3:TrackPointExtension>
        </extensions>
      </trkpt>
      <trkpt lat="3.90394440852105617523193359375" lon="11.5033378265798091888427734375">
        <ele>767</ele>
        <time>2026-06-13T05:10:44.000Z</time>
        <extensions>
          <ns3:TrackPointExtension>
            <ns3:hr>144</ns3:hr>
            <ns3:cad>60</ns3:cad>
          </ns3:TrackPointExtension>
        </extensions>
      </trkpt>
      <trkpt lat="3.90396838076412677764892578125" lon="11.50332014076411724090576171875">
        <ele>767.20001220703125</ele>
        <time>2026-06-13T05:10:46.000Z</time>
        <extensions>
          <ns3:TrackPointExtension>
            <ns3:hr>147</ns3:hr>
            <ns3:cad>60</ns3:cad>
          </ns3:TrackPointExtension>
        </extensions>
      </trkpt>
      <trkpt lat="3.90399402938783168792724609375" lon="11.503303460776805877685546875">
        <ele>767.20001220703125</ele>
        <time>2026-06-13T05:10:48.000Z</time>
        <extensions>
          <ns3:TrackPointExtension>
            <ns3:hr>150</ns3:hr>
            <ns3:cad>60</ns3:cad>
          </ns3:TrackPointExtension>
        </extensions>
      </trkpt>
      <trkpt lat="3.904152698814868927001953125" lon="11.50321067310869693756103515625">
        <ele>767.79998779296875</ele>
        <time>2026-06-13T05:11:00.000Z</time>
        <extensions>
          <ns3:TrackPointExtension>
            <ns3:hr>150</ns3:hr>
            <ns3:cad>60</ns3:cad>
          </ns3:TrackPointExtension>
        </extensions>
      </trkpt>
      <trkpt lat="3.90431472100317478179931640625" lon="11.50312903337180614471435546875">
        <ele>769.5999755859375</ele>
        <time>2026-06-13T05:11:10.000Z</time>
        <extensions>
          <ns3:TrackPointExtension>
            <ns3:hr>147</ns3:hr>
            <ns3:cad>60</ns3:cad>
          </ns3:TrackPointExtension>
        </extensions>
      </trkpt>
      <trkpt lat="3.90443391166627407073974609375" lon="11.5030677616596221923828125">
        <ele>771</ele>
        <time>2026-06-13T05:11:18.000Z</time>
        <extensions>
          <ns3:TrackPointExtension>
            <ns3:hr>151</ns3:hr>
            <ns3:cad>60</ns3:cad>
          </ns3:TrackPointExtension>
        </extensions>
      </trkpt>
      <trkpt lat="3.904599957168102264404296875" lon="11.50298905558884143829345703125">
        <ele>772.4000244140625</ele>
        <time>2026-06-13T05:11:31.000Z</time>
        <extensions>
          <ns3:TrackPointExtension>
            <ns3:hr>152</ns3:hr>
            <ns3:cad>60</ns3:cad>
          </ns3:TrackPointExtension>
        </extensions>
      </trkpt>
      <trkpt lat="3.90461781062185764312744140625" lon="11.5029727108776569366455078125">
        <ele>772.5999755859375</ele>
        <time>2026-06-13T05:11:32.000Z</time>
        <extensions>
          <ns3:TrackPointExtension>
            <ns3:hr>149</ns3:hr>
            <ns3:cad>60</ns3:cad>
          </ns3:TrackPointExtension>
        </extensions>
      </trkpt>
      <trkpt lat="3.90475393272936344146728515625" lon="11.50288796983659267425537109375">
        <ele>773.4000244140625</ele>
        <time>2026-06-13T05:11:45.000Z</time>
        <extensions>
          <ns3:TrackPointExtension>
            <ns3:hr>149</ns3:hr>
            <ns3:cad>62</ns3:cad>
          </ns3:TrackPointExtension>
        </extensions>
      </trkpt>
      <trkpt lat="3.90478494577109813690185546875" lon="11.50286466814577579498291015625">
        <ele>773.5999755859375</ele>
        <time>2026-06-13T05:11:48.000Z</time>
        <extensions>
          <ns3:TrackPointExtension>
            <ns3:hr>149</ns3:hr>
            <ns3:cad>63</ns3:cad>
          </ns3:TrackPointExtension>
        </extensions>
      </trkpt>
      <trkpt lat="3.904964067041873931884765625" lon="11.5027966909110546112060546875">
        <ele>774</ele>
        <time>2026-06-13T05:12:01.000Z</time>
        <extensions>
          <ns3:TrackPointExtension>
            <ns3:hr>148</ns3:hr>
            <ns3:cad>60</ns3:cad>
          </ns3:TrackPointExtension>
        </extensions>
      </trkpt>
      <trkpt lat="3.9050509035587310791015625" lon="11.5027685277163982391357421875">
        <ele>774</ele>
        <time>2026-06-13T05:12:07.000Z</time>
        <extensions>
          <ns3:TrackPointExtension>
            <ns3:hr>144</ns3:hr>
            <ns3:cad>62</ns3:cad>
          </ns3:TrackPointExtension>
        </extensions>
      </trkpt>
      <trkpt lat="3.90511569567024707794189453125" lon="11.50275486521422863006591796875">
        <ele>774</ele>
        <time>2026-06-13T05:12:11.000Z</time>
        <extensions>
          <ns3:TrackPointExtension>
            <ns3:hr>141</ns3:hr>
            <ns3:cad>60</ns3:cad>
          </ns3:TrackPointExtension>
        </extensions>
      </trkpt>
      <trkpt lat="3.90524712391197681427001953125" lon="11.50271345861256122589111328125">
        <ele>773.79998779296875</ele>
        <time>2026-06-13T05:12:20.000Z</time>
        <extensions>
          <ns3:TrackPointExtension>
            <ns3:hr>144</ns3:hr>
            <ns3:cad>62</ns3:cad>
          </ns3:TrackPointExtension>
        </extensions>
      </trkpt>
      <trkpt lat="3.90532624907791614532470703125" lon="11.50267121382057666778564453125">
        <ele>774</ele>
        <time>2026-06-13T05:12:26.000Z</time>
        <extensions>
          <ns3:TrackPointExtension>
            <ns3:hr>144</ns3:hr>
            <ns3:cad>63</ns3:cad>
          </ns3:TrackPointExtension>
        </extensions>
      </trkpt>
      <trkpt lat="3.9053558371961116790771484375" lon="11.5026652626693248748779296875">
        <ele>774.20001220703125</ele>
        <time>2026-06-13T05:12:28.000Z</time>
        <extensions>
          <ns3:TrackPointExtension>
            <ns3:hr>147</ns3:hr>
            <ns3:cad>62</ns3:cad>
          </ns3:TrackPointExtension>
        </extensions>
      </trkpt>
      <trkpt lat="3.9055281691253185272216796875" lon="11.50261522270739078521728515625">
        <ele>775.20001220703125</ele>
        <time>2026-06-13T05:12:40.000Z</time>
        <extensions>
          <ns3:TrackPointExtension>
            <ns3:hr>150</ns3:hr>
            <ns3:cad>64</ns3:cad>
          </ns3:TrackPointExtension>
        </extensions>
      </trkpt>
      <trkpt lat="3.90558759681880474090576171875" lon="11.502608098089694976806640625">
        <ele>775.5999755859375</ele>
        <time>2026-06-13T05:12:44.000Z</time>
        <extensions>
          <ns3:TrackPointExtension>
            <ns3:hr>151</ns3:hr>
            <ns3:cad>60</ns3:cad>
          </ns3:TrackPointExtension>
        </extensions>
      </trkpt>
      <trkpt lat="3.9057813026010990142822265625" lon="11.50256685912609100341796875">
        <ele>776.79998779296875</ele>
        <time>2026-06-13T05:12:57.000Z</time>
        <extensions>
          <ns3:TrackPointExtension>
            <ns3:hr>151</ns3:hr>
            <ns3:cad>62</ns3:cad>
          </ns3:TrackPointExtension>
        </extensions>
      </trkpt>
      <trkpt lat="3.90591256320476531982421875" lon="11.50255235843360424041748046875">
        <ele>776.79998779296875</ele>
        <time>2026-06-13T05:13:04.000Z</time>
        <extensions>
          <ns3:TrackPointExtension>
            <ns3:hr>147</ns3:hr>
            <ns3:cad>62</ns3:cad>
          </ns3:TrackPointExtension>
        </extensions>
      </trkpt>
      <trkpt lat="3.90600820071995258331298828125" lon="11.5025460720062255859375">
        <ele>776.79998779296875</ele>
        <time>2026-06-13T05:13:10.000Z</time>
        <extensions>
          <ns3:TrackPointExtension>
            <ns3:hr>150</ns3:hr>
            <ns3:cad>63</ns3:cad>
          </ns3:TrackPointExtension>
        </extensions>
      </trkpt>
      <trkpt lat="3.9061889983713626861572265625" lon="11.50250206701457500457763671875">
        <ele>775.20001220703125</ele>
        <time>2026-06-13T05:13:21.000Z</time>
        <extensions>
          <ns3:TrackPointExtension>
            <ns3:hr>151</ns3:hr>
            <ns3:cad>60</ns3:cad>
          </ns3:TrackPointExtension>
        </extensions>
      </trkpt>
      <trkpt lat="3.906366527080535888671875" lon="11.50245697237551212310791015625">
        <ele>775.20001220703125</ele>
        <time>2026-06-13T05:13:33.000Z</time>
        <extensions>
          <ns3:TrackPointExtension>
            <ns3:hr>151</ns3:hr>
            <ns3:cad>64</ns3:cad>
          </ns3:TrackPointExtension>
        </extensions>
      </trkpt>
      <trkpt lat="3.90642545185983180999755859375" lon="11.502443812787532806396484375">
        <ele>775.20001220703125</ele>
        <time>2026-06-13T05:13:37.000Z</time>
        <extensions>
          <ns3:TrackPointExtension>
            <ns3:hr>155</ns3:hr>
            <ns3:cad>63</ns3:cad>
          </ns3:TrackPointExtension>
        </extensions>
      </trkpt>
      <trkpt lat="3.90655671246349811553955078125" lon="11.5024106204509735107421875">
        <ele>776.20001220703125</ele>
        <time>2026-06-13T05:13:46.000Z</time>
        <extensions>
          <ns3:TrackPointExtension>
            <ns3:hr>152</ns3:hr>
            <ns3:cad>60</ns3:cad>
          </ns3:TrackPointExtension>
        </extensions>
      </trkpt>
      <trkpt lat="3.90674279071390628814697265625" lon="11.5023608319461345672607421875">
        <ele>778.20001220703125</ele>
        <time>2026-06-13T05:13:58.000Z</time>
        <extensions>
          <ns3:TrackPointExtension>
            <ns3:hr>153</ns3:hr>
            <ns3:cad>60</ns3:cad>
          </ns3:TrackPointExtension>
        </extensions>
      </trkpt>
      <trkpt lat="3.90693456865847110748291015625" lon="11.50235169567167758941650390625">
        <ele>779.79998779296875</ele>
        <time>2026-06-13T05:14:09.000Z</time>
        <extensions>
          <ns3:TrackPointExtension>
            <ns3:hr>154</ns3:hr>
            <ns3:cad>60</ns3:cad>
          </ns3:TrackPointExtension>
        </extensions>
      </trkpt>
      <trkpt lat="3.9071170426905155181884765625" lon="11.50231515057384967803955078125">
        <ele>782</ele>
        <time>2026-06-13T05:14:21.000Z</time>
        <extensions>
          <ns3:TrackPointExtension>
            <ns3:hr>155</ns3:hr>
            <ns3:cad>60</ns3:cad>
          </ns3:TrackPointExtension>
        </extensions>
      </trkpt>
      <trkpt lat="3.907305300235748291015625" lon="11.50226913392543792724609375">
        <ele>784.4000244140625</ele>
        <time>2026-06-13T05:14:34.000Z</time>
        <extensions>
          <ns3:TrackPointExtension>
            <ns3:hr>154</ns3:hr>
            <ns3:cad>60</ns3:cad>
          </ns3:TrackPointExtension>
        </extensions>
      </trkpt>
      <trkpt lat="3.9074945636093616485595703125" lon="11.50223317556083202362060546875">
        <ele>787.79998779296875</ele>
        <time>2026-06-13T05:14:46.000Z</time>
        <extensions>
          <ns3:TrackPointExtension>
            <ns3:hr>155</ns3:hr>
            <ns3:cad>60</ns3:cad>
          </ns3:TrackPointExtension>
        </extensions>
      </trkpt>
      <trkpt lat="3.90751174651086330413818359375" lon="11.50223149918019771575927734375">
        <ele>788</ele>
        <time>2026-06-13T05:14:47.000Z</time>
        <extensions>
          <ns3:TrackPointExtension>
            <ns3:hr>155</ns3:hr>
            <ns3:cad>60</ns3:cad>
          </ns3:TrackPointExtension>
        </extensions>
      </trkpt>
      <trkpt lat="3.9077074639499187469482421875" lon="11.50220350362360477447509765625">
        <ele>790.79998779296875</ele>
        <time>2026-06-13T05:14:59.000Z</time>
        <extensions>
          <ns3:TrackPointExtension>
            <ns3:hr>156</ns3:hr>
            <ns3:cad>60</ns3:cad>
          </ns3:TrackPointExtension>
        </extensions>
      </trkpt>
      <trkpt lat="3.907887004315853118896484375" lon="11.5021744184195995330810546875">
        <ele>792.4000244140625</ele>
        <time>2026-06-13T05:15:11.000Z</time>
        <extensions>
          <ns3:TrackPointExtension>
            <ns3:hr>157</ns3:hr>
            <ns3:cad>60</ns3:cad>
          </ns3:TrackPointExtension>
        </extensions>
      </trkpt>
      <trkpt lat="3.90806562267243862152099609375" lon="11.50212957523763179779052734375">
        <ele>793</ele>
        <time>2026-06-13T05:15:22.000Z</time>
        <extensions>
          <ns3:TrackPointExtension>
            <ns3:hr>156</ns3:hr>
            <ns3:cad>60</ns3:cad>
          </ns3:TrackPointExtension>
        </extensions>
      </trkpt>
      <trkpt lat="3.90824466012418270111083984375" lon="11.5020791999995708465576171875">
        <ele>794.5999755859375</ele>
        <time>2026-06-13T05:15:35.000Z</time>
        <extensions>
          <ns3:TrackPointExtension>
            <ns3:hr>156</ns3:hr>
            <ns3:cad>60</ns3:cad>
          </ns3:TrackPointExtension>
        </extensions>
      </trkpt>
      <trkpt lat="3.90837223269045352935791015625" lon="11.5020590834319591522216796875">
        <ele>794.79998779296875</ele>
        <time>2026-06-13T05:15:43.000Z</time>
        <extensions>
          <ns3:TrackPointExtension>
            <ns3:hr>159</ns3:hr>
            <ns3:cad>60</ns3:cad>
          </ns3:TrackPointExtension>
        </extensions>
      </trkpt>
      <trkpt lat="3.908570967614650726318359375" lon="11.50203871540725231170654296875">
        <ele>796.20001220703125</ele>
        <time>2026-06-13T05:15:55.000Z</time>
        <extensions>
          <ns3:TrackPointExtension>
            <ns3:hr>159</ns3:hr>
            <ns3:cad>60</ns3:cad>
          </ns3:TrackPointExtension>
        </extensions>
      </trkpt>
      <trkpt lat="3.9087568782269954681396484375" lon="11.50201155804097652435302734375">
        <ele>797</ele>
        <time>2026-06-13T05:16:07.000Z</time>
        <extensions>
          <ns3:TrackPointExtension>
            <ns3:hr>159</ns3:hr>
            <ns3:cad>60</ns3:cad>
          </ns3:TrackPointExtension>
        </extensions>
      </trkpt>
      <trkpt lat="3.90881580300629138946533203125" lon="11.501992531120777130126953125">
        <ele>797.4000244140625</ele>
        <time>2026-06-13T05:16:11.000Z</time>
        <extensions>
          <ns3:TrackPointExtension>
            <ns3:hr>159</ns3:hr>
            <ns3:cad>60</ns3:cad>
          </ns3:TrackPointExtension>
        </extensions>
      </trkpt>
      <trkpt lat="3.909010179340839385986328125" lon="11.50196797214448451995849609375">
        <ele>798.4000244140625</ele>
        <time>2026-06-13T05:16:23.000Z</time>
        <extensions>
          <ns3:TrackPointExtension>
            <ns3:hr>160</ns3:hr>
            <ns3:cad>64</ns3:cad>
          </ns3:TrackPointExtension>
        </extensions>
      </trkpt>
      <trkpt lat="3.90919215045869350433349609375" lon="11.5019487775862216949462890625">
        <ele>798.79998779296875</ele>
        <time>2026-06-13T05:16:34.000Z</time>
        <extensions>
          <ns3:TrackPointExtension>
            <ns3:hr>158</ns3:hr>
            <ns3:cad>65</ns3:cad>
          </ns3:TrackPointExtension>
        </extensions>
      </trkpt>
      <trkpt lat="3.90925048850476741790771484375" lon="11.501936875283718109130859375">
        <ele>798.79998779296875</ele>
        <time>2026-06-13T05:16:38.000Z</time>
        <extensions>
          <ns3:TrackPointExtension>
            <ns3:hr>155</ns3:hr>
            <ns3:cad>64</ns3:cad>
          </ns3:TrackPointExtension>
        </extensions>
      </trkpt>
      <trkpt lat="3.90943539328873157501220703125" lon="11.50190376676619052886962890625">
        <ele>798.5999755859375</ele>
        <time>2026-06-13T05:16:48.000Z</time>
        <extensions>
          <ns3:TrackPointExtension>
            <ns3:hr>154</ns3:hr>
            <ns3:cad>64</ns3:cad>
          </ns3:TrackPointExtension>
        </extensions>
      </trkpt>
      <trkpt lat="3.90950731001794338226318359375" lon="11.5018867515027523040771484375">
        <ele>798.4000244140625</ele>
        <time>2026-06-13T05:16:53.000Z</time>
        <extensions>
          <ns3:TrackPointExtension>
            <ns3:hr>157</ns3:hr>
            <ns3:cad>62</ns3:cad>
          </ns3:TrackPointExtension>
        </extensions>
      </trkpt>
      <trkpt lat="3.90969238243997097015380859375" lon="11.5018488653004169464111328125">
        <ele>797.4000244140625</ele>
        <time>2026-06-13T05:17:05.000Z</time>
        <extensions>
          <ns3:TrackPointExtension>
            <ns3:hr>156</ns3:hr>
            <ns3:cad>65</ns3:cad>
          </ns3:TrackPointExtension>
        </extensions>
      </trkpt>
      <trkpt lat="3.90985541045665740966796875" lon="11.5017965622246265411376953125">
        <ele>797.5999755859375</ele>
        <time>2026-06-13T05:17:17.000Z</time>
        <extensions>
          <ns3:TrackPointExtension>
            <ns3:hr>154</ns3:hr>
            <ns3:cad>62</ns3:cad>
          </ns3:TrackPointExtension>
        </extensions>
      </trkpt>
      <trkpt lat="3.91003352589905261993408203125" lon="11.5017315186560153961181640625">
        <ele>798.20001220703125</ele>
        <time>2026-06-13T05:17:27.000Z</time>
        <extensions>
          <ns3:TrackPointExtension>
            <ns3:hr>152</ns3:hr>
            <ns3:cad>61</ns3:cad>
          </ns3:TrackPointExtension>
        </extensions>
      </trkpt>
      <trkpt lat="3.91006034798920154571533203125" lon="11.5017130784690380096435546875">
        <ele>798.20001220703125</ele>
        <time>2026-06-13T05:17:29.000Z</time>
        <extensions>
          <ns3:TrackPointExtension>
            <ns3:hr>149</ns3:hr>
            <ns3:cad>61</ns3:cad>
          </ns3:TrackPointExtension>
        </extensions>
      </trkpt>
      <trkpt lat="3.91020837239921092987060546875" lon="11.50160453282296657562255859375">
        <ele>798.20001220703125</ele>
        <time>2026-06-13T05:17:41.000Z</time>
        <extensions>
          <ns3:TrackPointExtension>
            <ns3:hr>147</ns3:hr>
            <ns3:cad>65</ns3:cad>
          </ns3:TrackPointExtension>
        </extensions>
      </trkpt>
      <trkpt lat="3.91026453115046024322509765625" lon="11.501554660499095916748046875">
        <ele>798.20001220703125</ele>
        <time>2026-06-13T05:17:46.000Z</time>
        <extensions>
          <ns3:TrackPointExtension>
            <ns3:hr>144</ns3:hr>
            <ns3:cad>66</ns3:cad>
          </ns3:TrackPointExtension>
        </extensions>
      </trkpt>
      <trkpt lat="3.91042462550103664398193359375" lon="11.50146053172647953033447265625">
        <ele>797.20001220703125</ele>
        <time>2026-06-13T05:17:57.000Z</time>
        <extensions>
          <ns3:TrackPointExtension>
            <ns3:hr>145</ns3:hr>
            <ns3:cad>66</ns3:cad>
          </ns3:TrackPointExtension>
        </extensions>
      </trkpt>
      <trkpt lat="3.910617828369140625" lon="11.50146053172647953033447265625">
        <ele>797</ele>
        <time>2026-06-13T05:18:09.000Z</time>
        <extensions>
          <ns3:TrackPointExtension>
            <ns3:hr>145</ns3:hr>
            <ns3:cad>66</ns3:cad>
          </ns3:TrackPointExtension>
        </extensions>
      </trkpt>
      <trkpt lat="3.91074732877314090728759765625" lon="11.5015015192329883575439453125">
        <ele>797.5999755859375</ele>
        <time>2026-06-13T05:18:16.000Z</time>
        <extensions>
          <ns3:TrackPointExtension>
            <ns3:hr>149</ns3:hr>
            <ns3:cad>66</ns3:cad>
          </ns3:TrackPointExtension>
        </extensions>
      </trkpt>
      <trkpt lat="3.910915888845920562744140625" lon="11.50156882591545581817626953125">
        <ele>798.5999755859375</ele>
        <time>2026-06-13T05:18:25.000Z</time>
        <extensions>
          <ns3:TrackPointExtension>
            <ns3:hr>145</ns3:hr>
            <ns3:cad>64</ns3:cad>
          </ns3:TrackPointExtension>
        </extensions>
      </trkpt>
      <trkpt lat="3.91108361072838306427001953125" lon="11.50166773237287998199462890625">
        <ele>800</ele>
        <time>2026-06-13T05:18:36.000Z</time>
        <extensions>
          <ns3:TrackPointExtension>
            <ns3:hr>145</ns3:hr>
            <ns3:cad>60</ns3:cad>
          </ns3:TrackPointExtension>
        </extensions>
      </trkpt>
      <trkpt lat="3.91116156242787837982177734375" lon="11.50170327164232730865478515625">
        <ele>800.20001220703125</ele>
        <time>2026-06-13T05:18:41.000Z</time>
        <extensions>
          <ns3:TrackPointExtension>
            <ns3:hr>142</ns3:hr>
            <ns3:cad>60</ns3:cad>
          </ns3:TrackPointExtension>
        </extensions>
      </trkpt>
      <trkpt lat="3.91133523546159267425537109375" lon="11.5017767809331417083740234375">
        <ele>801.4000244140625</ele>
        <time>2026-06-13T05:18:51.000Z</time>
        <extensions>
          <ns3:TrackPointExtension>
            <ns3:hr>142</ns3:hr>
            <ns3:cad>60</ns3:cad>
          </ns3:TrackPointExtension>
        </extensions>
      </trkpt>
      <trkpt lat="3.9115198887884616851806640625" lon="11.50180779397487640380859375">
        <ele>802.5999755859375</ele>
        <time>2026-06-13T05:19:03.000Z</time>
        <extensions>
          <ns3:TrackPointExtension>
            <ns3:hr>144</ns3:hr>
            <ns3:cad>60</ns3:cad>
          </ns3:TrackPointExtension>
        </extensions>
      </trkpt>
      <trkpt lat="3.911564648151397705078125" lon="11.50180469267070293426513671875">
        <ele>802.4000244140625</ele>
        <time>2026-06-13T05:19:07.000Z</time>
        <extensions>
          <ns3:TrackPointExtension>
            <ns3:hr>143</ns3:hr>
            <ns3:cad>60</ns3:cad>
          </ns3:TrackPointExtension>
        </extensions>
      </trkpt>
      <trkpt lat="3.91172700561583042144775390625" lon="11.50183570571243762969970703125">
        <ele>803</ele>
        <time>2026-06-13T05:19:16.000Z</time>
        <extensions>
          <ns3:TrackPointExtension>
            <ns3:hr>146</ns3:hr>
            <ns3:cad>60</ns3:cad>
          </ns3:TrackPointExtension>
        </extensions>
      </trkpt>
      <trkpt lat="3.91190822236239910125732421875" lon="11.50185548700392246246337890625">
        <ele>802</ele>
        <time>2026-06-13T05:19:27.000Z</time>
        <extensions>
          <ns3:TrackPointExtension>
            <ns3:hr>147</ns3:hr>
            <ns3:cad>60</ns3:cad>
          </ns3:TrackPointExtension>
        </extensions>
      </trkpt>
      <trkpt lat="3.91208834946155548095703125" lon="11.501888595521450042724609375">
        <ele>800.79998779296875</ele>
        <time>2026-06-13T05:19:39.000Z</time>
        <extensions>
          <ns3:TrackPointExtension>
            <ns3:hr>146</ns3:hr>
            <ns3:cad>60</ns3:cad>
          </ns3:TrackPointExtension>
        </extensions>
      </trkpt>
      <trkpt lat="3.91227400861680507659912109375" lon="11.501910388469696044921875">
        <ele>800.5999755859375</ele>
        <time>2026-06-13T05:19:51.000Z</time>
        <extensions>
          <ns3:TrackPointExtension>
            <ns3:hr>146</ns3:hr>
            <ns3:cad>60</ns3:cad>
          </ns3:TrackPointExtension>
        </extensions>
      </trkpt>
      <trkpt lat="3.912463523447513580322265625" lon="11.50192690081894397735595703125">
        <ele>802.5999755859375</ele>
        <time>2026-06-13T05:20:03.000Z</time>
        <extensions>
          <ns3:TrackPointExtension>
            <ns3:hr>148</ns3:hr>
            <ns3:cad>60</ns3:cad>
          </ns3:TrackPointExtension>
        </extensions>
      </trkpt>
      <trkpt lat="3.912649936974048614501953125" lon="11.501969397068023681640625">
        <ele>805.79998779296875</ele>
        <time>2026-06-13T05:20:14.000Z</time>
        <extensions>
          <ns3:TrackPointExtension>
            <ns3:hr>150</ns3:hr>
            <ns3:cad>66</ns3:cad>
          </ns3:TrackPointExtension>
        </extensions>
      </trkpt>
      <trkpt lat="3.9126951992511749267578125" lon="11.50196780450642108917236328125">
        <ele>805.5999755859375</ele>
        <time>2026-06-13T05:20:17.000Z</time>
        <extensions>
          <ns3:TrackPointExtension>
            <ns3:hr>153</ns3:hr>
            <ns3:cad>66</ns3:cad>
          </ns3:TrackPointExtension>
        </extensions>
      </trkpt>
      <trkpt lat="3.91289024613797664642333984375" lon="11.5019739232957363128662109375">
        <ele>805.79998779296875</ele>
        <time>2026-06-13T05:20:29.000Z</time>
        <extensions>
          <ns3:TrackPointExtension>
            <ns3:hr>155</ns3:hr>
            <ns3:cad>60</ns3:cad>
          </ns3:TrackPointExtension>
        </extensions>
      </trkpt>
      <trkpt lat="3.91305335797369480133056640625" lon="11.5019809640944004058837890625">
        <ele>806.79998779296875</ele>
        <time>2026-06-13T05:20:39.000Z</time>
        <extensions>
          <ns3:TrackPointExtension>
            <ns3:hr>158</ns3:hr>
            <ns3:cad>60</ns3:cad>
          </ns3:TrackPointExtension>
        </extensions>
      </trkpt>
      <trkpt lat="3.91323926858603954315185546875" lon="11.502001583576202392578125">
        <ele>808.20001220703125</ele>
        <time>2026-06-13T05:20:50.000Z</time>
        <extensions>
          <ns3:TrackPointExtension>
            <ns3:hr>159</ns3:hr>
            <ns3:cad>60</ns3:cad>
          </ns3:TrackPointExtension>
        </extensions>
      </trkpt>
      <trkpt lat="3.9134215749800205230712890625" lon="11.502028740942478179931640625">
        <ele>810.20001220703125</ele>
        <time>2026-06-13T05:21:01.000Z</time>
        <extensions>
          <ns3:TrackPointExtension>
            <ns3:hr>158</ns3:hr>
            <ns3:cad>63</ns3:cad>
          </ns3:TrackPointExtension>
        </extensions>
      </trkpt>
      <trkpt lat="3.91359281726181507110595703125" lon="11.50202932767570018768310546875">
        <ele>811.5999755859375</ele>
        <time>2026-06-13T05:21:11.000Z</time>
        <extensions>
          <ns3:TrackPointExtension>
            <ns3:hr>155</ns3:hr>
            <ns3:cad>66</ns3:cad>
          </ns3:TrackPointExtension>
        </extensions>
      </trkpt>
      <trkpt lat="3.91373178921639919281005859375" lon="11.50197140872478485107421875">
        <ele>810</ele>
        <time>2026-06-13T05:21:21.000Z</time>
        <extensions>
          <ns3:TrackPointExtension>
            <ns3:hr>152</ns3:hr>
            <ns3:cad>60</ns3:cad>
          </ns3:TrackPointExtension>
        </extensions>
      </trkpt>
      <trkpt lat="3.9138872735202312469482421875" lon="11.5018683113157749176025390625">
        <ele>812.5999755859375</ele>
        <time>2026-06-13T05:21:32.000Z</time>
        <extensions>
          <ns3:TrackPointExtension>
            <ns3:hr>152</ns3:hr>
            <ns3:cad>64</ns3:cad>
          </ns3:TrackPointExtension>
        </extensions>
      </trkpt>
      <trkpt lat="3.9139585196971893310546875" lon="11.50181852281093597412109375">
        <ele>812.4000244140625</ele>
        <time>2026-06-13T05:21:38.000Z</time>
        <extensions>
          <ns3:TrackPointExtension>
            <ns3:hr>147</ns3:hr>
            <ns3:cad>62</ns3:cad>
          </ns3:TrackPointExtension>
        </extensions>
      </trkpt>
      <trkpt lat="3.9140153490006923675537109375" lon="11.5017663873732089996337890625">
        <ele>811.5999755859375</ele>
        <time>2026-06-13T05:21:46.000Z</time>
        <extensions>
          <ns3:TrackPointExtension>
            <ns3:hr>148</ns3:hr>
            <ns3:cad>0</ns3:cad>
          </ns3:TrackPointExtension>
        </extensions>
      </trkpt>
      <trkpt lat="3.9140106551349163055419921875" lon="11.5017653815448284149169921875">
        <ele>811.4000244140625</ele>
        <time>2026-06-13T05:21:49.000Z</time>
        <extensions>
          <ns3:TrackPointExtension>
            <ns3:hr>145</ns3:hr>
            <ns3:cad>0</ns3:cad>
          </ns3:TrackPointExtension>
        </extensions>
      </trkpt>
      <trkpt lat="3.91400939784944057464599609375" lon="11.50176881812512874603271484375">
        <ele>811.4000244140625</ele>
        <time>2026-06-13T05:21:59.000Z</time>
        <extensions>
          <ns3:TrackPointExtension>
            <ns3:hr>142</ns3:hr>
            <ns3:cad>0</ns3:cad>
          </ns3:TrackPointExtension>
        </extensions>
      </trkpt>
      <trkpt lat="3.91400956548750400543212890625" lon="11.5017687343060970306396484375">
        <ele>811.4000244140625</ele>
        <time>2026-06-13T05:22:03.000Z</time>
        <extensions>
          <ns3:TrackPointExtension>
            <ns3:hr>139</ns3:hr>
            <ns3:cad>0</ns3:cad>
          </ns3:TrackPointExtension>
        </extensions>
      </trkpt>
      <trkpt lat="3.9140210486948490142822265625" lon="11.5017620287835597991943359375">
        <ele>811.5999755859375</ele>
        <time>2026-06-13T05:22:07.000Z</time>
        <extensions>
          <ns3:TrackPointExtension>
            <ns3:hr>136</ns3:hr>
            <ns3:cad>60</ns3:cad>
          </ns3:TrackPointExtension>
        </extensions>
      </trkpt>
      <trkpt lat="3.914160020649433135986328125" lon="11.50164392776787281036376953125">
        <ele>812.5999755859375</ele>
        <time>2026-06-13T05:22:18.000Z</time>
        <extensions>
          <ns3:TrackPointExtension>
            <ns3:hr>134</ns3:hr>
            <ns3:cad>62</ns3:cad>
          </ns3:TrackPointExtension>
        </extensions>
      </trkpt>
      <trkpt lat="3.91422917135059833526611328125" lon="11.50157050229609012603759765625">
        <ele>813.79998779296875</ele>
        <time>2026-06-13T05:22:25.000Z</time>
        <extensions>
          <ns3:TrackPointExtension>
            <ns3:hr>131</ns3:hr>
            <ns3:cad>62</ns3:cad>
          </ns3:TrackPointExtension>
        </extensions>
      </trkpt>
      <trkpt lat="3.91435607336461544036865234375" lon="11.501437313854694366455078125">
        <ele>816.20001220703125</ele>
        <time>2026-06-13T05:22:37.000Z</time>
        <extensions>
          <ns3:TrackPointExtension>
            <ns3:hr>130</ns3:hr>
            <ns3:cad>60</ns3:cad>
          </ns3:TrackPointExtension>
        </extensions>
      </trkpt>
      <trkpt lat="3.914405442774295806884765625" lon="11.501379646360874176025390625">
        <ele>816.5999755859375</ele>
        <time>2026-06-13T05:22:41.000Z</time>
        <extensions>
          <ns3:TrackPointExtension>
            <ns3:hr>133</ns3:hr>
            <ns3:cad>60</ns3:cad>
          </ns3:TrackPointExtension>
        </extensions>
      </trkpt>
      <trkpt lat="3.91444944776594638824462890625" lon="11.5013238228857517242431640625">
        <ele>817.4000244140625</ele>
        <time>2026-06-13T05:22:45.000Z</time>
        <extensions>
          <ns3:TrackPointExtension>
            <ns3:hr>136</ns3:hr>
            <ns3:cad>60</ns3:cad>
          </ns3:TrackPointExtension>
        </extensions>
      </trkpt>
      <trkpt lat="3.914487250149250030517578125" lon="11.501254253089427947998046875">
        <ele>817.79998779296875</ele>
        <time>2026-06-13T05:22:50.000Z</time>
        <extensions>
          <ns3:TrackPointExtension>
            <ns3:hr>139</ns3:hr>
            <ns3:cad>60</ns3:cad>
          </ns3:TrackPointExtension>
        </extensions>
      </trkpt>
      <trkpt lat="3.9144976437091827392578125" lon="11.501236148178577423095703125">
        <ele>817.79998779296875</ele>
        <time>2026-06-13T05:22:51.000Z</time>
        <extensions>
          <ns3:TrackPointExtension>
            <ns3:hr>143</ns3:hr>
            <ns3:cad>60</ns3:cad>
          </ns3:TrackPointExtension>
        </extensions>
      </trkpt>
      <trkpt lat="3.91450393013656139373779296875" lon="11.50122181512415409088134765625">
        <ele>817.79998779296875</ele>
        <time>2026-06-13T05:22:52.000Z</time>
        <extensions>
          <ns3:TrackPointExtension>
            <ns3:hr>146</ns3:hr>
            <ns3:cad>60</ns3:cad>
          </ns3:TrackPointExtension>
        </extensions>
      </trkpt>
      <trkpt lat="3.91450979746878147125244140625" lon="11.50120723061263561248779296875">
        <ele>817.79998779296875</ele>
        <time>2026-06-13T05:22:53.000Z</time>
        <extensions>
          <ns3:TrackPointExtension>
            <ns3:hr>146</ns3:hr>
            <ns3:cad>60</ns3:cad>
          </ns3:TrackPointExtension>
        </extensions>
      </trkpt>
      <trkpt lat="3.91459219157695770263671875" lon="11.50103825144469738006591796875">
        <ele>817.4000244140625</ele>
        <time>2026-06-13T05:23:06.000Z</time>
        <extensions>
          <ns3:TrackPointExtension>
            <ns3:hr>145</ns3:hr>
            <ns3:cad>57</ns3:cad>
          </ns3:TrackPointExtension>
        </extensions>
      </trkpt>
      <trkpt lat="3.91463686712086200714111328125" lon="11.5009040571749210357666015625">
        <ele>816.4000244140625</ele>
        <time>2026-06-13T05:23:16.000Z</time>
        <extensions>
          <ns3:TrackPointExtension>
            <ns3:hr>152</ns3:hr>
            <ns3:cad>60</ns3:cad>
          </ns3:TrackPointExtension>
        </extensions>
      </trkpt>
      <trkpt lat="3.91463820822536945343017578125" lon="11.50089181959629058837890625">
        <ele>816.20001220703125</ele>
        <time>2026-06-13T05:23:17.000Z</time>
        <extensions>
          <ns3:TrackPointExtension>
            <ns3:hr>157</ns3:hr>
            <ns3:cad>60</ns3:cad>
          </ns3:TrackPointExtension>
        </extensions>
      </trkpt>
      <trkpt lat="3.9146597497165203094482421875" lon="11.50070406496524810791015625">
        <ele>816.20001220703125</ele>
        <time>2026-06-13T05:23:30.000Z</time>
        <extensions>
          <ns3:TrackPointExtension>
            <ns3:hr>158</ns3:hr>
            <ns3:cad>60</ns3:cad>
          </ns3:TrackPointExtension>
        </extensions>
      </trkpt>
      <trkpt lat="3.91463250853121280670166015625" lon="11.50060071609914302825927734375">
        <ele>816.4000244140625</ele>
        <time>2026-06-13T05:23:37.000Z</time>
        <extensions>
          <ns3:TrackPointExtension>
            <ns3:hr>161</ns3:hr>
            <ns3:cad>60</ns3:cad>
          </ns3:TrackPointExtension>
        </extensions>
      </trkpt>
      <trkpt lat="3.9145968854427337646484375" lon="11.500446237623691558837890625">
        <ele>819.4000244140625</ele>
        <time>2026-06-13T05:23:49.000Z</time>
        <extensions>
          <ns3:TrackPointExtension>
            <ns3:hr>164</ns3:hr>
            <ns3:cad>60</ns3:cad>
          </ns3:TrackPointExtension>
        </extensions>
      </trkpt>
      <trkpt lat="3.914505355060100555419921875" lon="11.50027616880834102630615234375">
        <ele>823.4000244140625</ele>
        <time>2026-06-13T05:24:03.000Z</time>
        <extensions>
          <ns3:TrackPointExtension>
            <ns3:hr>166</ns3:hr>
            <ns3:cad>61</ns3:cad>
          </ns3:TrackPointExtension>
        </extensions>
      </trkpt>
      <trkpt lat="3.91444693319499492645263671875" lon="11.5001620911061763763427734375">
        <ele>825.79998779296875</ele>
        <time>2026-06-13T05:24:12.000Z</time>
        <extensions>
          <ns3:TrackPointExtension>
            <ns3:hr>169</ns3:hr>
            <ns3:cad>60</ns3:cad>
          </ns3:TrackPointExtension>
        </extensions>
      </trkpt>
      <trkpt lat="3.91434735618531703948974609375" lon="11.499998308718204498291015625">
        <ele>828.79998779296875</ele>
        <time>2026-06-13T05:24:25.000Z</time>
        <extensions>
          <ns3:TrackPointExtension>
            <ns3:hr>170</ns3:hr>
            <ns3:cad>60</ns3:cad>
          </ns3:TrackPointExtension>
        </extensions>
      </trkpt>
      <trkpt lat="3.91428105533123016357421875" lon="11.4998472668230533599853515625">
        <ele>832.4000244140625</ele>
        <time>2026-06-13T05:24:37.000Z</time>
        <extensions>
          <ns3:TrackPointExtension>
            <ns3:hr>173</ns3:hr>
            <ns3:cad>62</ns3:cad>
          </ns3:TrackPointExtension>
        </extensions>
      </trkpt>
      <trkpt lat="3.91419933177530765533447265625" lon="11.49967275559902191162109375">
        <ele>836.79998779296875</ele>
        <time>2026-06-13T05:24:52.000Z</time>
        <extensions>
          <ns3:TrackPointExtension>
            <ns3:hr>174</ns3:hr>
            <ns3:cad>60</ns3:cad>
          </ns3:TrackPointExtension>
        </extensions>
      </trkpt>
      <trkpt lat="3.9141813106834888458251953125" lon="11.4996390603482723236083984375">
        <ele>838</ele>
        <time>2026-06-13T05:24:55.000Z</time>
        <extensions>
          <ns3:TrackPointExtension>
            <ns3:hr>177</ns3:hr>
            <ns3:cad>60</ns3:cad>
          </ns3:TrackPointExtension>
        </extensions>
      </trkpt>
      <trkpt lat="3.91413579694926738739013671875" lon="11.49954979307949542999267578125">
        <ele>841.4000244140625</ele>
        <time>2026-06-13T05:25:03.000Z</time>
        <extensions>
          <ns3:TrackPointExtension>
            <ns3:hr>174</ns3:hr>
            <ns3:cad>60</ns3:cad>
          </ns3:TrackPointExtension>
        </extensions>
      </trkpt>
      <trkpt lat="3.914043009281158447265625" lon="11.49937947280704975128173828125">
        <ele>846.20001220703125</ele>
        <time>2026-06-13T05:25:18.000Z</time>
        <extensions>
          <ns3:TrackPointExtension>
            <ns3:hr>177</ns3:hr>
            <ns3:cad>60</ns3:cad>
          </ns3:TrackPointExtension>
        </extensions>
      </trkpt>
      <trkpt lat="3.91398073174059391021728515625" lon="11.4992840029299259185791015625">
        <ele>847.5999755859375</ele>
        <time>2026-06-13T05:25:27.000Z</time>
        <extensions>
          <ns3:TrackPointExtension>
            <ns3:hr>169</ns3:hr>
            <ns3:cad>60</ns3:cad>
          </ns3:TrackPointExtension>
        </extensions>
      </trkpt>
      <trkpt lat="3.913957513868808746337890625" lon="11.4992430992424488067626953125">
        <ele>848</ele>
        <time>2026-06-13T05:25:31.000Z</time>
        <extensions>
          <ns3:TrackPointExtension>
            <ns3:hr>178</ns3:hr>
            <ns3:cad>60</ns3:cad>
          </ns3:TrackPointExtension>
        </extensions>
      </trkpt>
      <trkpt lat="3.91395005397498607635498046875" lon="11.49923379532992839813232421875">
        <ele>848.20001220703125</ele>
        <time>2026-06-13T05:25:32.000Z</time>
        <extensions>
          <ns3:TrackPointExtension>
            <ns3:hr>178</ns3:hr>
            <ns3:cad>60</ns3:cad>
          </ns3:TrackPointExtension>
        </extensions>
      </trkpt>
      <trkpt lat="3.9138477109372615814208984375" lon="11.49908292107284069061279296875">
        <ele>849.4000244140625</ele>
        <time>2026-06-13T05:25:49.000Z</time>
        <extensions>
          <ns3:TrackPointExtension>
            <ns3:hr>177</ns3:hr>
            <ns3:cad>60</ns3:cad>
          </ns3:TrackPointExtension>
        </extensions>
      </trkpt>
      <trkpt lat="3.9137940667569637298583984375" lon="11.49903832934796810150146484375">
        <ele>849.20001220703125</ele>
        <time>2026-06-13T05:25:54.000Z</time>
        <extensions>
          <ns3:TrackPointExtension>
            <ns3:hr>173</ns3:hr>
            <ns3:cad>54</ns3:cad>
          </ns3:TrackPointExtension>
        </extensions>
      </trkpt>
      <trkpt lat="3.91364931128919124603271484375" lon="11.498912014067173004150390625">
        <ele>848.79998779296875</ele>
        <time>2026-06-13T05:26:09.000Z</time>
        <extensions>
          <ns3:TrackPointExtension>
            <ns3:hr>174</ns3:hr>
            <ns3:cad>60</ns3:cad>
          </ns3:TrackPointExtension>
        </extensions>
      </trkpt>
      <trkpt lat="3.91354638151824474334716796875" lon="11.49882324971258640289306640625">
        <ele>848</ele>
        <time>2026-06-13T05:26:18.000Z</time>
        <extensions>
          <ns3:TrackPointExtension>
            <ns3:hr>171</ns3:hr>
            <ns3:cad>60</ns3:cad>
          </ns3:TrackPointExtension>
        </extensions>
      </trkpt>
      <trkpt lat="3.91350799240171909332275390625" lon="11.498782597482204437255859375">
        <ele>847.79998779296875</ele>
        <time>2026-06-13T05:26:22.000Z</time>
        <extensions>
          <ns3:TrackPointExtension>
            <ns3:hr>178</ns3:hr>
            <ns3:cad>60</ns3:cad>
          </ns3:TrackPointExtension>
        </extensions>
      </trkpt>
      <trkpt lat="3.9135023765265941619873046875" lon="11.4987695217132568359375">
        <ele>847.79998779296875</ele>
        <time>2026-06-13T05:26:23.000Z</time>
        <extensions>
          <ns3:TrackPointExtension>
            <ns3:hr>178</ns3:hr>
            <ns3:cad>60</ns3:cad>
          </ns3:TrackPointExtension>
        </extensions>
      </trkpt>
      <trkpt lat="3.91347647644579410552978515625" lon="11.4987120218575000762939453125">
        <ele>848.20001220703125</ele>
        <time>2026-06-13T05:26:27.000Z</time>
        <extensions>
          <ns3:TrackPointExtension>
            <ns3:hr>175</ns3:hr>
            <ns3:cad>62</ns3:cad>
          </ns3:TrackPointExtension>
        </extensions>
      </trkpt>
      <trkpt lat="3.9134594611823558807373046875" lon="11.4985792525112628936767578125">
        <ele>849.20001220703125</ele>
        <time>2026-06-13T05:26:37.000Z</time>
        <extensions>
          <ns3:TrackPointExtension>
            <ns3:hr>172</ns3:hr>
            <ns3:cad>60</ns3:cad>
          </ns3:TrackPointExtension>
        </extensions>
      </trkpt>
      <trkpt lat="3.91349558718502521514892578125" lon="11.49839736521244049072265625">
        <ele>849.20001220703125</ele>
        <time>2026-06-13T05:26:50.000Z</time>
        <extensions>
          <ns3:TrackPointExtension>
            <ns3:hr>174</ns3:hr>
            <ns3:cad>59</ns3:cad>
          </ns3:TrackPointExtension>
        </extensions>
      </trkpt>
      <trkpt lat="3.91360136680305004119873046875" lon="11.49823240935802459716796875">
        <ele>852.5999755859375</ele>
        <time>2026-06-13T05:27:03.000Z</time>
        <extensions>
          <ns3:TrackPointExtension>
            <ns3:hr>173</ns3:hr>
            <ns3:cad>60</ns3:cad>
          </ns3:TrackPointExtension>
        </extensions>
      </trkpt>
      <trkpt lat="3.91373245976865291595458984375" lon="11.4981056749820709228515625">
        <ele>858</ele>
        <time>2026-06-13T05:27:15.000Z</time>
        <extensions>
          <ns3:TrackPointExtension>
            <ns3:hr>174</ns3:hr>
            <ns3:cad>60</ns3:cad>
          </ns3:TrackPointExtension>
        </extensions>
      </trkpt>
      <trkpt lat="3.91379616223275661468505859375" lon="11.49804071523249149322509765625">
        <ele>860.20001220703125</ele>
        <time>2026-06-13T05:27:22.000Z</time>
        <extensions>
          <ns3:TrackPointExtension>
            <ns3:hr>175</ns3:hr>
            <ns3:cad>0</ns3:cad>
          </ns3:TrackPointExtension>
        </extensions>
      </trkpt>
      <trkpt lat="3.9138745330274105072021484375" lon="11.49800584651529788970947265625">
        <ele>862.5999755859375</ele>
        <time>2026-06-13T05:27:30.000Z</time>
        <extensions>
          <ns3:TrackPointExtension>
            <ns3:hr>175</ns3:hr>
            <ns3:cad>62</ns3:cad>
          </ns3:TrackPointExtension>
        </extensions>
      </trkpt>
      <trkpt lat="3.91391535289585590362548828125" lon="11.4979328401386737823486328125">
        <ele>863.79998779296875</ele>
        <time>2026-06-13T05:27:39.000Z</time>
        <extensions>
          <ns3:TrackPointExtension>
            <ns3:hr>176</ns3:hr>
            <ns3:cad>60</ns3:cad>
          </ns3:TrackPointExtension>
        </extensions>
      </trkpt>
      <trkpt lat="3.913935720920562744140625" lon="11.49793443270027637481689453125">
        <ele>864.5999755859375</ele>
        <time>2026-06-13T05:27:41.000Z</time>
        <extensions>
          <ns3:TrackPointExtension>
            <ns3:hr>178</ns3:hr>
            <ns3:cad>0</ns3:cad>
          </ns3:TrackPointExtension>
        </extensions>
      </trkpt>
      <trkpt lat="3.91395491547882556915283203125" lon="11.49792152456939220428466796875">
        <ele>865.20001220703125</ele>
        <time>2026-06-13T05:27:44.000Z</time>
        <extensions>
          <ns3:TrackPointExtension>
            <ns3:hr>178</ns3:hr>
            <ns3:cad>63</ns3:cad>
          </ns3:TrackPointExtension>
        </extensions>
      </trkpt>
      <trkpt lat="3.91397654078900814056396484375" lon="11.49787592701613903045654296875">
        <ele>866</ele>
        <time>2026-06-13T05:27:51.000Z</time>
        <extensions>
          <ns3:TrackPointExtension>
            <ns3:hr>175</ns3:hr>
            <ns3:cad>0</ns3:cad>
          </ns3:TrackPointExtension>
        </extensions>
      </trkpt>
      <trkpt lat="3.914051391184329986572265625" lon="11.4978335984051227569580078125">
        <ele>868.20001220703125</ele>
        <time>2026-06-13T05:28:03.000Z</time>
        <extensions>
          <ns3:TrackPointExtension>
            <ns3:hr>178</ns3:hr>
            <ns3:cad>0</ns3:cad>
          </ns3:TrackPointExtension>
        </extensions>
      </trkpt>
      <trkpt lat="3.9140914566814899444580078125" lon="11.4978144876658916473388671875">
        <ele>870.20001220703125</ele>
        <time>2026-06-13T05:28:11.000Z</time>
        <extensions>
          <ns3:TrackPointExtension>
            <ns3:hr>181</ns3:hr>
            <ns3:cad>60</ns3:cad>
          </ns3:TrackPointExtension>
        </extensions>
      </trkpt>
      <trkpt lat="3.91423637978732585906982421875" lon="11.4977853186428546905517578125">
        <ele>876.79998779296875</ele>
        <time>2026-06-13T05:28:44.000Z</time>
        <extensions>
          <ns3:TrackPointExtension>
            <ns3:hr>184</ns3:hr>
            <ns3:cad>60</ns3:cad>
          </ns3:TrackPointExtension>
        </extensions>
      </trkpt>
      <trkpt lat="3.91436931677162647247314453125" lon="11.49766989983618259429931640625">
        <ele>885.20001220703125</ele>
        <time>2026-06-13T05:29:10.000Z</time>
        <extensions>
          <ns3:TrackPointExtension>
            <ns3:hr>185</ns3:hr>
            <ns3:cad>55</ns3:cad>
          </ns3:TrackPointExtension>
        </extensions>
      </trkpt>
      <trkpt lat="3.91445917077362537384033203125" lon="11.497729159891605377197265625">
        <ele>886.79998779296875</ele>
        <time>2026-06-13T05:29:20.000Z</time>
        <extensions>
          <ns3:TrackPointExtension>
            <ns3:hr>184</ns3:hr>
            <ns3:cad>53</ns3:cad>
          </ns3:TrackPointExtension>
        </extensions>
      </trkpt>
      <trkpt lat="3.91463066451251506805419921875" lon="11.49779227562248706817626953125">
        <ele>890.4000244140625</ele>
        <time>2026-06-13T05:29:35.000Z</time>
        <extensions>
          <ns3:TrackPointExtension>
            <ns3:hr>185</ns3:hr>
            <ns3:cad>60</ns3:cad>
          </ns3:TrackPointExtension>
        </extensions>
      </trkpt>
      <trkpt lat="3.91481213271617889404296875" lon="11.49781390093266963958740234375">
        <ele>894.4000244140625</ele>
        <time>2026-06-13T05:29:50.000Z</time>
        <extensions>
          <ns3:TrackPointExtension>
            <ns3:hr>185</ns3:hr>
            <ns3:cad>60</ns3:cad>
          </ns3:TrackPointExtension>
        </extensions>
      </trkpt>
      <trkpt lat="3.91492051072418689727783203125" lon="11.497785151004791259765625">
        <ele>896.4000244140625</ele>
        <time>2026-06-13T05:29:57.000Z</time>
        <extensions>
          <ns3:TrackPointExtension>
            <ns3:hr>184</ns3:hr>
            <ns3:cad>60</ns3:cad>
          </ns3:TrackPointExtension>
        </extensions>
      </trkpt>
      <trkpt lat="3.91492084600031375885009765625" lon="11.49774600751698017120361328125">
        <ele>897.20001220703125</ele>
        <time>2026-06-13T05:30:03.000Z</time>
        <extensions>
          <ns3:TrackPointExtension>
            <ns3:hr>185</ns3:hr>
            <ns3:cad>60</ns3:cad>
          </ns3:TrackPointExtension>
        </extensions>
      </trkpt>
      <trkpt lat="3.91484188847243785858154296875" lon="11.49763301946222782135009765625">
        <ele>898.5999755859375</ele>
        <time>2026-06-13T05:30:15.000Z</time>
        <extensions>
          <ns3:TrackPointExtension>
            <ns3:hr>182</ns3:hr>
            <ns3:cad>60</ns3:cad>
          </ns3:TrackPointExtension>
        </extensions>
      </trkpt>
      <trkpt lat="3.914754800498485565185546875" lon="11.4975616894662380218505859375">
        <ele>898</ele>
        <time>2026-06-13T05:30:24.000Z</time>
        <extensions>
          <ns3:TrackPointExtension>
            <ns3:hr>179</ns3:hr>
            <ns3:cad>60</ns3:cad>
          </ns3:TrackPointExtension>
        </extensions>
      </trkpt>
      <trkpt lat="3.91473342664539813995361328125" lon="11.4975424110889434814453125">
        <ele>898</ele>
        <time>2026-06-13T05:30:26.000Z</time>
        <extensions>
          <ns3:TrackPointExtension>
            <ns3:hr>176</ns3:hr>
            <ns3:cad>60</ns3:cad>
          </ns3:TrackPointExtension>
        </extensions>
      </trkpt>
      <trkpt lat="3.91459663398563861846923828125" lon="11.49740494787693023681640625">
        <ele>896.20001220703125</ele>
        <time>2026-06-13T05:30:42.000Z</time>
        <extensions>
          <ns3:TrackPointExtension>
            <ns3:hr>176</ns3:hr>
            <ns3:cad>60</ns3:cad>
          </ns3:TrackPointExtension>
        </extensions>
      </trkpt>
      <trkpt lat="3.9145273156464099884033203125" lon="11.497226245701313018798828125">
        <ele>895.4000244140625</ele>
        <time>2026-06-13T05:30:55.000Z</time>
        <extensions>
          <ns3:TrackPointExtension>
            <ns3:hr>176</ns3:hr>
            <ns3:cad>60</ns3:cad>
          </ns3:TrackPointExtension>
        </extensions>
      </trkpt>
      <trkpt lat="3.9145356975495815277099609375" lon="11.49713211692869663238525390625">
        <ele>897.20001220703125</ele>
        <time>2026-06-13T05:31:03.000Z</time>
        <extensions>
          <ns3:TrackPointExtension>
            <ns3:hr>173</ns3:hr>
            <ns3:cad>60</ns3:cad>
          </ns3:TrackPointExtension>
        </extensions>
      </trkpt>
      <trkpt lat="3.914551623165607452392578125" lon="11.4970798976719379425048828125">
        <ele>898.79998779296875</ele>
        <time>2026-06-13T05:31:08.000Z</time>
        <extensions>
          <ns3:TrackPointExtension>
            <ns3:hr>176</ns3:hr>
            <ns3:cad>60</ns3:cad>
          </ns3:TrackPointExtension>
        </extensions>
      </trkpt>
      <trkpt lat="3.9145727455615997314453125" lon="11.49701661430299282073974609375">
        <ele>900.79998779296875</ele>
        <time>2026-06-13T05:31:13.000Z</time>
        <extensions>
          <ns3:TrackPointExtension>
            <ns3:hr>178</ns3:hr>
            <ns3:cad>57</ns3:cad>
          </ns3:TrackPointExtension>
        </extensions>
      </trkpt>
      <trkpt lat="3.91457132063806056976318359375" lon="11.496990211308002471923828125">
        <ele>901.4000244140625</ele>
        <time>2026-06-13T05:31:15.000Z</time>
        <extensions>
          <ns3:TrackPointExtension>
            <ns3:hr>178</ns3:hr>
            <ns3:cad>57</ns3:cad>
          </ns3:TrackPointExtension>
        </extensions>
      </trkpt>
      <trkpt lat="3.914567716419696807861328125" lon="11.49696280248463153839111328125">
        <ele>901.79998779296875</ele>
        <time>2026-06-13T05:31:17.000Z</time>
        <extensions>
          <ns3:TrackPointExtension>
            <ns3:hr>179</ns3:hr>
            <ns3:cad>60</ns3:cad>
          </ns3:TrackPointExtension>
        </extensions>
      </trkpt>
      <trkpt lat="3.91451767645776271820068359375" lon="11.496780328452587127685546875">
        <ele>903.4000244140625</ele>
        <time>2026-06-13T05:31:31.000Z</time>
        <extensions>
          <ns3:TrackPointExtension>
            <ns3:hr>180</ns3:hr>
            <ns3:cad>61</ns3:cad>
          </ns3:TrackPointExtension>
        </extensions>
      </trkpt>
      <trkpt lat="3.91448557376861572265625" lon="11.49674554355442523956298828125">
        <ele>903</ele>
        <time>2026-06-13T05:31:35.000Z</time>
        <extensions>
          <ns3:TrackPointExtension>
            <ns3:hr>176</ns3:hr>
            <ns3:cad>62</ns3:cad>
          </ns3:TrackPointExtension>
        </extensions>
      </trkpt>
      <trkpt lat="3.914377950131893157958984375" lon="11.4965991117060184478759765625">
        <ele>901</ele>
        <time>2026-06-13T05:31:47.000Z</time>
        <extensions>
          <ns3:TrackPointExtension>
            <ns3:hr>175</ns3:hr>
            <ns3:cad>62</ns3:cad>
          </ns3:TrackPointExtension>
        </extensions>
      </trkpt>
      <trkpt lat="3.9143519662320613861083984375" lon="11.496567428112030029296875">
        <ele>900.20001220703125</ele>
        <time>2026-06-13T05:31:50.000Z</time>
        <extensions>
          <ns3:TrackPointExtension>
            <ns3:hr>171</ns3:hr>
            <ns3:cad>63</ns3:cad>
          </ns3:TrackPointExtension>
        </extensions>
      </trkpt>
      <trkpt lat="3.91430963762104511260986328125" lon="11.49650263600051403045654296875">
        <ele>899.20001220703125</ele>
        <time>2026-06-13T05:31:55.000Z</time>
        <extensions>
          <ns3:TrackPointExtension>
            <ns3:hr>168</ns3:hr>
            <ns3:cad>63</ns3:cad>
          </ns3:TrackPointExtension>
        </extensions>
      </trkpt>
      <trkpt lat="3.91429714858531951904296875" lon="11.49647816084325313568115234375">
        <ele>899</ele>
        <time>2026-06-13T05:31:57.000Z</time>
        <extensions>
          <ns3:TrackPointExtension>
            <ns3:hr>165</ns3:hr>
            <ns3:cad>60</ns3:cad>
          </ns3:TrackPointExtension>
        </extensions>
      </trkpt>
      <trkpt lat="3.9142771996557712554931640625" lon="11.49635310284793376922607421875">
        <ele>899.20001220703125</ele>
        <time>2026-06-13T05:32:05.000Z</time>
        <extensions>
          <ns3:TrackPointExtension>
            <ns3:hr>162</ns3:hr>
            <ns3:cad>62</ns3:cad>
          </ns3:TrackPointExtension>
        </extensions>
      </trkpt>
      <trkpt lat="3.914277367293834686279296875" lon="11.49630381725728511810302734375">
        <ele>900</ele>
        <time>2026-06-13T05:32:08.000Z</time>
        <extensions>
          <ns3:TrackPointExtension>
            <ns3:hr>159</ns3:hr>
            <ns3:cad>62</ns3:cad>
          </ns3:TrackPointExtension>
        </extensions>
      </trkpt>
      <trkpt lat="3.9142725057899951934814453125" lon="11.49618680588901042938232421875">
        <ele>901.4000244140625</ele>
        <time>2026-06-13T05:32:16.000Z</time>
        <extensions>
          <ns3:TrackPointExtension>
            <ns3:hr>156</ns3:hr>
            <ns3:cad>64</ns3:cad>
          </ns3:TrackPointExtension>
        </extensions>
      </trkpt>
      <trkpt lat="3.9142366312444210052490234375" lon="11.4960264600813388824462890625">
        <ele>901.4000244140625</ele>
        <time>2026-06-13T05:32:27.000Z</time>
        <extensions>
          <ns3:TrackPointExtension>
            <ns3:hr>155</ns3:hr>
            <ns3:cad>63</ns3:cad>
          </ns3:TrackPointExtension>
        </extensions>
      </trkpt>
      <trkpt lat="3.914225734770298004150390625" lon="11.49599276483058929443359375">
        <ele>901.20001220703125</ele>
        <time>2026-06-13T05:32:29.000Z</time>
        <extensions>
          <ns3:TrackPointExtension>
            <ns3:hr>152</ns3:hr>
            <ns3:cad>62</ns3:cad>
          </ns3:TrackPointExtension>
        </extensions>
      </trkpt>
      <trkpt lat="3.91416731290519237518310546875" lon="11.49584733881056308746337890625">
        <ele>899.5999755859375</ele>
        <time>2026-06-13T05:32:38.000Z</time>
        <extensions>
          <ns3:TrackPointExtension>
            <ns3:hr>149</ns3:hr>
            <ns3:cad>63</ns3:cad>
          </ns3:TrackPointExtension>
        </extensions>
      </trkpt>
      <trkpt lat="3.91408701427280902862548828125" lon="11.49574005044996738433837890625">
        <ele>897.79998779296875</ele>
        <time>2026-06-13T05:32:47.000Z</time>
        <extensions>
          <ns3:TrackPointExtension>
            <ns3:hr>145</ns3:hr>
            <ns3:cad>63</ns3:cad>
          </ns3:TrackPointExtension>
        </extensions>
      </trkpt>
      <trkpt lat="3.9139759540557861328125" lon="11.49558632634580135345458984375">
        <ele>896.4000244140625</ele>
        <time>2026-06-13T05:32:59.000Z</time>
        <extensions>
          <ns3:TrackPointExtension>
            <ns3:hr>143</ns3:hr>
            <ns3:cad>62</ns3:cad>
          </ns3:TrackPointExtension>
        </extensions>
      </trkpt>
      <trkpt lat="3.91388635151088237762451171875" lon="11.49544986896216869354248046875">
        <ele>895.5999755859375</ele>
        <time>2026-06-13T05:33:12.000Z</time>
        <extensions>
          <ns3:TrackPointExtension>
            <ns3:hr>140</ns3:hr>
            <ns3:cad>64</ns3:cad>
          </ns3:TrackPointExtension>
        </extensions>
      </trkpt>
      <trkpt lat="3.91378241591155529022216796875" lon="11.495287008583545684814453125">
        <ele>895.20001220703125</ele>
        <time>2026-06-13T05:33:24.000Z</time>
        <extensions>
          <ns3:TrackPointExtension>
            <ns3:hr>140</ns3:hr>
            <ns3:cad>62</ns3:cad>
          </ns3:TrackPointExtension>
        </extensions>
      </trkpt>
      <trkpt lat="3.9136991836130619049072265625" lon="11.4951373077929019927978515625">
        <ele>895.20001220703125</ele>
        <time>2026-06-13T05:33:35.000Z</time>
        <extensions>
          <ns3:TrackPointExtension>
            <ns3:hr>137</ns3:hr>
            <ns3:cad>63</ns3:cad>
          </ns3:TrackPointExtension>
        </extensions>
      </trkpt>
      <trkpt lat="3.91360807232558727264404296875" lon="11.49497394450008869171142578125">
        <ele>896.5999755859375</ele>
        <time>2026-06-13T05:33:45.000Z</time>
        <extensions>
          <ns3:TrackPointExtension>
            <ns3:hr>136</ns3:hr>
            <ns3:cad>63</ns3:cad>
          </ns3:TrackPointExtension>
        </extensions>
      </trkpt>
      <trkpt lat="3.91351503320038318634033203125" lon="11.49481259286403656005859375">
        <ele>897</ele>
        <time>2026-06-13T05:33:58.000Z</time>
        <extensions>
          <ns3:TrackPointExtension>
            <ns3:hr>136</ns3:hr>
            <ns3:cad>60</ns3:cad>
          </ns3:TrackPointExtension>
        </extensions>
      </trkpt>
      <trkpt lat="3.91348351724445819854736328125" lon="11.49470270611345767974853515625">
        <ele>897.5999755859375</ele>
        <time>2026-06-13T05:34:06.000Z</time>
        <extensions>
          <ns3:TrackPointExtension>
            <ns3:hr>139</ns3:hr>
            <ns3:cad>60</ns3:cad>
          </ns3:TrackPointExtension>
        </extensions>
      </trkpt>
      <trkpt lat="3.913476057350635528564453125" lon="11.49464436806738376617431640625">
        <ele>898.5999755859375</ele>
        <time>2026-06-13T05:34:10.000Z</time>
        <extensions>
          <ns3:TrackPointExtension>
            <ns3:hr>142</ns3:hr>
            <ns3:cad>60</ns3:cad>
          </ns3:TrackPointExtension>
        </extensions>
      </trkpt>
      <trkpt lat="3.91348217613995075225830078125" lon="11.4946072362363338470458984375">
        <ele>899.20001220703125</ele>
        <time>2026-06-13T05:34:13.000Z</time>
        <extensions>
          <ns3:TrackPointExtension>
            <ns3:hr>145</ns3:hr>
            <ns3:cad>60</ns3:cad>
          </ns3:TrackPointExtension>
        </extensions>
      </trkpt>
      <trkpt lat="3.91348754055798053741455078125" lon="11.49458326399326324462890625">
        <ele>899.79998779296875</ele>
        <time>2026-06-13T05:34:15.000Z</time>
        <extensions>
          <ns3:TrackPointExtension>
            <ns3:hr>148</ns3:hr>
            <ns3:cad>60</ns3:cad>
          </ns3:TrackPointExtension>
        </extensions>
      </trkpt>
      <trkpt lat="3.91349424608051776885986328125" lon="11.4945716969668865203857421875">
        <ele>900</ele>
        <time>2026-06-13T05:34:16.000Z</time>
        <extensions>
          <ns3:TrackPointExtension>
            <ns3:hr>149</ns3:hr>
            <ns3:cad>60</ns3:cad>
          </ns3:TrackPointExtension>
        </extensions>
      </trkpt>
      <trkpt lat="3.91357270069420337677001953125" lon="11.4945059828460216522216796875">
        <ele>902</ele>
        <time>2026-06-13T05:34:23.000Z</time>
        <extensions>
          <ns3:TrackPointExtension>
            <ns3:hr>153</ns3:hr>
            <ns3:cad>60</ns3:cad>
          </ns3:TrackPointExtension>
        </extensions>
      </trkpt>
      <trkpt lat="3.91360111534595489501953125" lon="11.4944996125996112823486328125">
        <ele>902.4000244140625</ele>
        <time>2026-06-13T05:34:24.000Z</time>
        <extensions>
          <ns3:TrackPointExtension>
            <ns3:hr>155</ns3:hr>
            <ns3:cad>60</ns3:cad>
          </ns3:TrackPointExtension>
        </extensions>
      </trkpt>
      <trkpt lat="3.91373463906347751617431640625" lon="11.4944831840693950653076171875">
        <ele>904.20001220703125</ele>
        <time>2026-06-13T05:34:35.000Z</time>
        <extensions>
          <ns3:TrackPointExtension>
            <ns3:hr>158</ns3:hr>
            <ns3:cad>60</ns3:cad>
          </ns3:TrackPointExtension>
        </extensions>
      </trkpt>
      <trkpt lat="3.91378895379602909088134765625" lon="11.49446968920528888702392578125">
        <ele>905.20001220703125</ele>
        <time>2026-06-13T05:34:39.000Z</time>
        <extensions>
          <ns3:TrackPointExtension>
            <ns3:hr>161</ns3:hr>
            <ns3:cad>60</ns3:cad>
          </ns3:TrackPointExtension>
        </extensions>
      </trkpt>
      <trkpt lat="3.91384159214794635772705078125" lon="11.49446398951113224029541015625">
        <ele>906</ele>
        <time>2026-06-13T05:34:43.000Z</time>
        <extensions>
          <ns3:TrackPointExtension>
            <ns3:hr>164</ns3:hr>
            <ns3:cad>60</ns3:cad>
          </ns3:TrackPointExtension>
        </extensions>
      </trkpt>
      <trkpt lat="3.91396111808717250823974609375" lon="11.49443917907774448394775390625">
        <ele>907.5999755859375</ele>
        <time>2026-06-13T05:34:52.000Z</time>
        <extensions>
          <ns3:TrackPointExtension>
            <ns3:hr>167</ns3:hr>
            <ns3:cad>60</ns3:cad>
          </ns3:TrackPointExtension>
        </extensions>
      </trkpt>
      <trkpt lat="3.91405918635427951812744140625" lon="11.49443599395453929901123046875">
        <ele>910</ele>
        <time>2026-06-13T05:34:59.000Z</time>
        <extensions>
          <ns3:TrackPointExtension>
            <ns3:hr>170</ns3:hr>
            <ns3:cad>60</ns3:cad>
          </ns3:TrackPointExtension>
        </extensions>
      </trkpt>
      <trkpt lat="3.9141038618981838226318359375" lon="11.49443767033517360687255859375">
        <ele>911.20001220703125</ele>
        <time>2026-06-13T05:35:02.000Z</time>
        <extensions>
          <ns3:TrackPointExtension>
            <ns3:hr>173</ns3:hr>
            <ns3:cad>60</ns3:cad>
          </ns3:TrackPointExtension>
        </extensions>
      </trkpt>
      <trkpt lat="3.91416010446846485137939453125" lon="11.49443448521196842193603515625">
        <ele>912.79998779296875</ele>
        <time>2026-06-13T05:35:07.000Z</time>
        <extensions>
          <ns3:TrackPointExtension>
            <ns3:hr>176</ns3:hr>
            <ns3:cad>59</ns3:cad>
          </ns3:TrackPointExtension>
        </extensions>
      </trkpt>
      <trkpt lat="3.91422296874225139617919921875" lon="11.4944281987845897674560546875">
        <ele>915</ele>
        <time>2026-06-13T05:35:13.000Z</time>
        <extensions>
          <ns3:TrackPointExtension>
            <ns3:hr>179</ns3:hr>
            <ns3:cad>60</ns3:cad>
          </ns3:TrackPointExtension>
        </extensions>
      </trkpt>
      <trkpt lat="3.91433981247246265411376953125" lon="11.494428701698780059814453125">
        <ele>918.5999755859375</ele>
        <time>2026-06-13T05:35:25.000Z</time>
        <extensions>
          <ns3:TrackPointExtension>
            <ns3:hr>175</ns3:hr>
            <ns3:cad>56</ns3:cad>
          </ns3:TrackPointExtension>
        </extensions>
      </trkpt>
      <trkpt lat="3.91435959376394748687744140625" lon="11.49445527233183383941650390625">
        <ele>918.4000244140625</ele>
        <time>2026-06-13T05:35:28.000Z</time>
        <extensions>
          <ns3:TrackPointExtension>
            <ns3:hr>178</ns3:hr>
            <ns3:cad>56</ns3:cad>
          </ns3:TrackPointExtension>
        </extensions>
      </trkpt>
      <trkpt lat="3.9144252240657806396484375" lon="11.49460547603666782379150390625">
        <ele>917.5999755859375</ele>
        <time>2026-06-13T05:35:39.000Z</time>
        <extensions>
          <ns3:TrackPointExtension>
            <ns3:hr>178</ns3:hr>
            <ns3:cad>56</ns3:cad>
          </ns3:TrackPointExtension>
        </extensions>
      </trkpt>
      <trkpt lat="3.9143623597919940948486328125" lon="11.4947775565087795257568359375">
        <ele>912.4000244140625</ele>
        <time>2026-06-13T05:35:51.000Z</time>
        <extensions>
          <ns3:TrackPointExtension>
            <ns3:hr>179</ns3:hr>
            <ns3:cad>57</ns3:cad>
          </ns3:TrackPointExtension>
        </extensions>
      </trkpt>
      <trkpt lat="3.9142959751188755035400390625" lon="11.4949515648186206817626953125">
        <ele>912.79998779296875</ele>
        <time>2026-06-13T05:36:07.000Z</time>
        <extensions>
          <ns3:TrackPointExtension>
            <ns3:hr>181</ns3:hr>
            <ns3:cad>60</ns3:cad>
          </ns3:TrackPointExtension>
        </extensions>
      </trkpt>
      <trkpt lat="3.91429538838565349578857421875" lon="11.49497796781361103057861328125">
        <ele>913</ele>
        <time>2026-06-13T05:36:09.000Z</time>
        <extensions>
          <ns3:TrackPointExtension>
            <ns3:hr>178</ns3:hr>
            <ns3:cad>60</ns3:cad>
          </ns3:TrackPointExtension>
        </extensions>
      </trkpt>
      <trkpt lat="3.91428885050117969512939453125" lon="11.49500512517988681793212890625">
        <ele>913.20001220703125</ele>
        <time>2026-06-13T05:36:11.000Z</time>
        <extensions>
          <ns3:TrackPointExtension>
            <ns3:hr>175</ns3:hr>
            <ns3:cad>60</ns3:cad>
          </ns3:TrackPointExtension>
        </extensions>
      </trkpt>
      <trkpt lat="3.914278037846088409423828125" lon="11.49502851068973541259765625">
        <ele>913.4000244140625</ele>
        <time>2026-06-13T05:36:13.000Z</time>
        <extensions>
          <ns3:TrackPointExtension>
            <ns3:hr>172</ns3:hr>
            <ns3:cad>60</ns3:cad>
          </ns3:TrackPointExtension>
        </extensions>
      </trkpt>
      <trkpt lat="3.91427309252321720123291015625" lon="11.49504125118255615234375">
        <ele>913.4000244140625</ele>
        <time>2026-06-13T05:36:14.000Z</time>
        <extensions>
          <ns3:TrackPointExtension>
            <ns3:hr>169</ns3:hr>
            <ns3:cad>60</ns3:cad>
          </ns3:TrackPointExtension>
        </extensions>
      </trkpt>
      <trkpt lat="3.91426940448582172393798828125" lon="11.4950601942837238311767578125">
        <ele>913.5999755859375</ele>
        <time>2026-06-13T05:36:16.000Z</time>
        <extensions>
          <ns3:TrackPointExtension>
            <ns3:hr>163</ns3:hr>
            <ns3:cad>60</ns3:cad>
          </ns3:TrackPointExtension>
        </extensions>
      </trkpt>
      <trkpt lat="3.91427258960902690887451171875" lon="11.49507167749106884002685546875">
        <ele>913.79998779296875</ele>
        <time>2026-06-13T05:36:17.000Z</time>
        <extensions>
          <ns3:TrackPointExtension>
            <ns3:hr>159</ns3:hr>
            <ns3:cad>60</ns3:cad>
          </ns3:TrackPointExtension>
        </extensions>
      </trkpt>
      <trkpt lat="3.91428298316895961761474609375" lon="11.495095230638980865478515625">
        <ele>914.4000244140625</ele>
        <time>2026-06-13T05:36:19.000Z</time>
        <extensions>
          <ns3:TrackPointExtension>
            <ns3:hr>155</ns3:hr>
            <ns3:cad>60</ns3:cad>
          </ns3:TrackPointExtension>
        </extensions>
      </trkpt>
      <trkpt lat="3.91428600065410137176513671875" lon="11.49510495364665985107421875">
        <ele>914.5999755859375</ele>
        <time>2026-06-13T05:36:20.000Z</time>
        <extensions>
          <ns3:TrackPointExtension>
            <ns3:hr>151</ns3:hr>
            <ns3:cad>60</ns3:cad>
          </ns3:TrackPointExtension>
        </extensions>
      </trkpt>
      <trkpt lat="3.9142919518053531646728515625" lon="11.495128758251667022705078125">
        <ele>915</ele>
        <time>2026-06-13T05:36:22.000Z</time>
        <extensions>
          <ns3:TrackPointExtension>
            <ns3:hr>148</ns3:hr>
            <ns3:cad>60</ns3:cad>
          </ns3:TrackPointExtension>
        </extensions>
      </trkpt>
      <trkpt lat="3.914294801652431488037109375" lon="11.4951406605541706085205078125">
        <ele>915.4000244140625</ele>
        <time>2026-06-13T05:36:23.000Z</time>
        <extensions>
          <ns3:TrackPointExtension>
            <ns3:hr>145</ns3:hr>
            <ns3:cad>60</ns3:cad>
          </ns3:TrackPointExtension>
        </extensions>
      </trkpt>
      <trkpt lat="3.91429706476628780364990234375" lon="11.49514895863831043243408203125">
        <ele>915.4000244140625</ele>
        <time>2026-06-13T05:36:24.000Z</time>
        <extensions>
          <ns3:TrackPointExtension>
            <ns3:hr>141</ns3:hr>
            <ns3:cad>60</ns3:cad>
          </ns3:TrackPointExtension>
        </extensions>
      </trkpt>
      <trkpt lat="3.9142989926040172576904296875" lon="11.49515817873179912567138671875">
        <ele>915.5999755859375</ele>
        <time>2026-06-13T05:36:25.000Z</time>
        <extensions>
          <ns3:TrackPointExtension>
            <ns3:hr>135</ns3:hr>
            <ns3:cad>60</ns3:cad>
          </ns3:TrackPointExtension>
        </extensions>
      </trkpt>
      <trkpt lat="3.91430460847914218902587890625" lon="11.49517142213881015777587890625">
        <ele>916</ele>
        <time>2026-06-13T05:36:27.000Z</time>
        <extensions>
          <ns3:TrackPointExtension>
            <ns3:hr>138</ns3:hr>
            <ns3:cad>60</ns3:cad>
          </ns3:TrackPointExtension>
        </extensions>
      </trkpt>
      <trkpt lat="3.9143093861639499664306640625" lon="11.49517536163330078125">
        <ele>916.20001220703125</ele>
        <time>2026-06-13T05:36:28.000Z</time>
        <extensions>
          <ns3:TrackPointExtension>
            <ns3:hr>144</ns3:hr>
            <ns3:cad>60</ns3:cad>
          </ns3:TrackPointExtension>
        </extensions>
      </trkpt>
      <trkpt lat="3.9143152534961700439453125" lon="11.49518231861293315887451171875">
        <ele>916.4000244140625</ele>
        <time>2026-06-13T05:36:29.000Z</time>
        <extensions>
          <ns3:TrackPointExtension>
            <ns3:hr>149</ns3:hr>
            <ns3:cad>60</ns3:cad>
          </ns3:TrackPointExtension>
        </extensions>
      </trkpt>
      <trkpt lat="3.9143234677612781524658203125" lon="11.495192460715770721435546875">
        <ele>916.5999755859375</ele>
        <time>2026-06-13T05:36:30.000Z</time>
        <extensions>
          <ns3:TrackPointExtension>
            <ns3:hr>154</ns3:hr>
            <ns3:cad>60</ns3:cad>
          </ns3:TrackPointExtension>
        </extensions>
      </trkpt>
      <trkpt lat="3.9143325202167034149169921875" lon="11.49519975297152996063232421875">
        <ele>917</ele>
        <time>2026-06-13T05:36:31.000Z</time>
        <extensions>
          <ns3:TrackPointExtension>
            <ns3:hr>159</ns3:hr>
            <ns3:cad>60</ns3:cad>
          </ns3:TrackPointExtension>
        </extensions>
      </trkpt>
      <trkpt lat="3.9143435843288898468017578125" lon="11.49520394392311573028564453125">
        <ele>917.20001220703125</ele>
        <time>2026-06-13T05:36:32.000Z</time>
        <extensions>
          <ns3:TrackPointExtension>
            <ns3:hr>164</ns3:hr>
            <ns3:cad>60</ns3:cad>
          </ns3:TrackPointExtension>
        </extensions>
      </trkpt>
      <trkpt lat="3.91435615718364715576171875" lon="11.49520746432244777679443359375">
        <ele>917.5999755859375</ele>
        <time>2026-06-13T05:36:33.000Z</time>
        <extensions>
          <ns3:TrackPointExtension>
            <ns3:hr>169</ns3:hr>
            <ns3:cad>60</ns3:cad>
          </ns3:TrackPointExtension>
        </extensions>
      </trkpt>
      <trkpt lat="3.9143704064190387725830078125" lon="11.49521383456885814666748046875">
        <ele>918</ele>
        <time>2026-06-13T05:36:34.000Z</time>
        <extensions>
          <ns3:TrackPointExtension>
            <ns3:hr>174</ns3:hr>
            <ns3:cad>60</ns3:cad>
          </ns3:TrackPointExtension>
        </extensions>
      </trkpt>
      <trkpt lat="3.91438205726444721221923828125" lon="11.49521433748304843902587890625">
        <ele>918.20001220703125</ele>
        <time>2026-06-13T05:36:35.000Z</time>
        <extensions>
          <ns3:TrackPointExtension>
            <ns3:hr>179</ns3:hr>
            <ns3:cad>60</ns3:cad>
          </ns3:TrackPointExtension>
        </extensions>
      </trkpt>
      <trkpt lat="3.91439630649983882904052734375" lon="11.4952167682349681854248046875">
        <ele>918.5999755859375</ele>
        <time>2026-06-13T05:36:36.000Z</time>
        <extensions>
          <ns3:TrackPointExtension>
            <ns3:hr>179</ns3:hr>
            <ns3:cad>60</ns3:cad>
          </ns3:TrackPointExtension>
        </extensions>
      </trkpt>
      <trkpt lat="3.9145635254681110382080078125" lon="11.49515985511243343353271484375">
        <ele>922.20001220703125</ele>
        <time>2026-06-13T05:36:49.000Z</time>
        <extensions>
          <ns3:TrackPointExtension>
            <ns3:hr>180</ns3:hr>
            <ns3:cad>60</ns3:cad>
          </ns3:TrackPointExtension>
        </extensions>
      </trkpt>
      <trkpt lat="3.91469067893922328948974609375" lon="11.4950199611485004425048828125">
        <ele>923.79998779296875</ele>
        <time>2026-06-13T05:37:02.000Z</time>
        <extensions>
          <ns3:TrackPointExtension>
            <ns3:hr>183</ns3:hr>
            <ns3:cad>60</ns3:cad>
          </ns3:TrackPointExtension>
        </extensions>
      </trkpt>
      <trkpt lat="3.9148009009659290313720703125" lon="11.49486380629241466522216796875">
        <ele>926.4000244140625</ele>
        <time>2026-06-13T05:37:18.000Z</time>
        <extensions>
          <ns3:TrackPointExtension>
            <ns3:hr>183</ns3:hr>
            <ns3:cad>60</ns3:cad>
          </ns3:TrackPointExtension>
        </extensions>
      </trkpt>
      <trkpt lat="3.9148431457579135894775390625" lon="11.49472366087138652801513671875">
        <ele>928.20001220703125</ele>
        <time>2026-06-13T05:37:31.000Z</time>
        <extensions>
          <ns3:TrackPointExtension>
            <ns3:hr>180</ns3:hr>
            <ns3:cad>62</ns3:cad>
          </ns3:TrackPointExtension>
        </extensions>
      </trkpt>
      <trkpt lat="3.9148729853332042694091796875" lon="11.49462324567139148712158203125">
        <ele>930.4000244140625</ele>
        <time>2026-06-13T05:37:40.000Z</time>
        <extensions>
          <ns3:TrackPointExtension>
            <ns3:hr>177</ns3:hr>
            <ns3:cad>61</ns3:cad>
          </ns3:TrackPointExtension>
        </extensions>
      </trkpt>
      <trkpt lat="3.9149018190801143646240234375" lon="11.494449488818645477294921875">
        <ele>934</ele>
        <time>2026-06-13T05:37:57.000Z</time>
        <extensions>
          <ns3:TrackPointExtension>
            <ns3:hr>172</ns3:hr>
            <ns3:cad>60</ns3:cad>
          </ns3:TrackPointExtension>
        </extensions>
      </trkpt>
      <trkpt lat="3.914903663098812103271484375" lon="11.494406573474407196044921875">
        <ele>935</ele>
        <time>2026-06-13T05:38:00.000Z</time>
        <extensions>
          <ns3:TrackPointExtension>
            <ns3:hr>178</ns3:hr>
            <ns3:cad>60</ns3:cad>
          </ns3:TrackPointExtension>
        </extensions>
      </trkpt>
      <trkpt lat="3.91489603556692600250244140625" lon="11.49432552047073841094970703125">
        <ele>936.79998779296875</ele>
        <time>2026-06-13T05:38:05.000Z</time>
        <extensions>
          <ns3:TrackPointExtension>
            <ns3:hr>175</ns3:hr>
            <ns3:cad>60</ns3:cad>
          </ns3:TrackPointExtension>
        </extensions>
      </trkpt>
      <trkpt lat="3.91488530673086643218994140625" lon="11.49424086324870586395263671875">
        <ele>938.5999755859375</ele>
        <time>2026-06-13T05:38:10.000Z</time>
        <extensions>
          <ns3:TrackPointExtension>
            <ns3:hr>172</ns3:hr>
            <ns3:cad>61</ns3:cad>
          </ns3:TrackPointExtension>
        </extensions>
      </trkpt>
      <trkpt lat="3.9148521982133388519287109375" lon="11.49404958821833133697509765625">
        <ele>941.79998779296875</ele>
        <time>2026-06-13T05:38:24.000Z</time>
        <extensions>
          <ns3:TrackPointExtension>
            <ns3:hr>173</ns3:hr>
            <ns3:cad>60</ns3:cad>
          </ns3:TrackPointExtension>
        </extensions>
      </trkpt>
      <trkpt lat="3.91473644413053989410400390625" lon="11.49390826933085918426513671875">
        <ele>943</ele>
        <time>2026-06-13T05:38:38.000Z</time>
        <extensions>
          <ns3:TrackPointExtension>
            <ns3:hr>173</ns3:hr>
            <ns3:cad>60</ns3:cad>
          </ns3:TrackPointExtension>
        </extensions>
      </trkpt>
      <trkpt lat="3.9146470092236995697021484375" lon="11.49389603175222873687744140625">
        <ele>942</ele>
        <time>2026-06-13T05:38:45.000Z</time>
        <extensions>
          <ns3:TrackPointExtension>
            <ns3:hr>176</ns3:hr>
            <ns3:cad>60</ns3:cad>
          </ns3:TrackPointExtension>
        </extensions>
      </trkpt>
      <trkpt lat="3.9145263098180294036865234375" lon="11.49388647638261318206787109375">
        <ele>940.5999755859375</ele>
        <time>2026-06-13T05:38:52.000Z</time>
        <extensions>
          <ns3:TrackPointExtension>
            <ns3:hr>180</ns3:hr>
            <ns3:cad>63</ns3:cad>
          </ns3:TrackPointExtension>
        </extensions>
      </trkpt>
      <trkpt lat="3.9144944585859775543212890625" lon="11.49388597346842288970947265625">
        <ele>940.4000244140625</ele>
        <time>2026-06-13T05:38:54.000Z</time>
        <extensions>
          <ns3:TrackPointExtension>
            <ns3:hr>177</ns3:hr>
            <ns3:cad>63</ns3:cad>
          </ns3:TrackPointExtension>
        </extensions>
      </trkpt>
      <trkpt lat="3.91446302644908428192138671875" lon="11.49388781748712062835693359375">
        <ele>940</ele>
        <time>2026-06-13T05:38:56.000Z</time>
        <extensions>
          <ns3:TrackPointExtension>
            <ns3:hr>180</ns3:hr>
            <ns3:cad>63</ns3:cad>
          </ns3:TrackPointExtension>
        </extensions>
      </trkpt>
      <trkpt lat="3.914282061159610748291015625" lon="11.493865437805652618408203125">
        <ele>938.5999755859375</ele>
        <time>2026-06-13T05:39:08.000Z</time>
        <extensions>
          <ns3:TrackPointExtension>
            <ns3:hr>179</ns3:hr>
            <ns3:cad>60</ns3:cad>
          </ns3:TrackPointExtension>
        </extensions>
      </trkpt>
      <trkpt lat="3.91412640921771526336669921875" lon="11.49375672452151775360107421875">
        <ele>940.4000244140625</ele>
        <time>2026-06-13T05:39:21.000Z</time>
        <extensions>
          <ns3:TrackPointExtension>
            <ns3:hr>178</ns3:hr>
            <ns3:cad>62</ns3:cad>
          </ns3:TrackPointExtension>
        </extensions>
      </trkpt>
      <trkpt lat="3.91398995183408260345458984375" lon="11.493630744516849517822265625">
        <ele>943</ele>
        <time>2026-06-13T05:39:32.000Z</time>
        <extensions>
          <ns3:TrackPointExtension>
            <ns3:hr>179</ns3:hr>
            <ns3:cad>63</ns3:cad>
          </ns3:TrackPointExtension>
        </extensions>
      </trkpt>
      <trkpt lat="3.913892805576324462890625" lon="11.49357601068913936614990234375">
        <ele>944.4000244140625</ele>
        <time>2026-06-13T05:39:40.000Z</time>
        <extensions>
          <ns3:TrackPointExtension>
            <ns3:hr>176</ns3:hr>
            <ns3:cad>62</ns3:cad>
          </ns3:TrackPointExtension>
        </extensions>
      </trkpt>
      <trkpt lat="3.91372047364711761474609375" lon="11.49352052249014377593994140625">
        <ele>945</ele>
        <time>2026-06-13T05:39:51.000Z</time>
        <extensions>
          <ns3:TrackPointExtension>
            <ns3:hr>174</ns3:hr>
            <ns3:cad>64</ns3:cad>
          </ns3:TrackPointExtension>
        </extensions>
      </trkpt>
      <trkpt lat="3.91354420222342014312744140625" lon="11.493458412587642669677734375">
        <ele>944.20001220703125</ele>
        <time>2026-06-13T05:40:04.000Z</time>
        <extensions>
          <ns3:TrackPointExtension>
            <ns3:hr>172</ns3:hr>
            <ns3:cad>63</ns3:cad>
          </ns3:TrackPointExtension>
        </extensions>
      </trkpt>
      <trkpt lat="3.91337756998836994171142578125" lon="11.493355818092823028564453125">
        <ele>945</ele>
        <time>2026-06-13T05:40:17.000Z</time>
        <extensions>
          <ns3:TrackPointExtension>
            <ns3:hr>171</ns3:hr>
            <ns3:cad>60</ns3:cad>
          </ns3:TrackPointExtension>
        </extensions>
      </trkpt>
      <trkpt lat="3.91328503377735614776611328125" lon="11.4932942949235439300537109375">
        <ele>944.5999755859375</ele>
        <time>2026-06-13T05:40:25.000Z</time>
        <extensions>
          <ns3:TrackPointExtension>
            <ns3:hr>168</ns3:hr>
            <ns3:cad>60</ns3:cad>
          </ns3:TrackPointExtension>
        </extensions>
      </trkpt>
      <trkpt lat="3.9131704531610012054443359375" lon="11.49315205402672290802001953125">
        <ele>946.4000244140625</ele>
        <time>2026-06-13T05:40:38.000Z</time>
        <extensions>
          <ns3:TrackPointExtension>
            <ns3:hr>166</ns3:hr>
            <ns3:cad>60</ns3:cad>
          </ns3:TrackPointExtension>
        </extensions>
      </trkpt>
      <trkpt lat="3.91309359110891819000244140625" lon="11.49299078620970249176025390625">
        <ele>948.4000244140625</ele>
        <time>2026-06-13T05:40:50.000Z</time>
        <extensions>
          <ns3:TrackPointExtension>
            <ns3:hr>166</ns3:hr>
            <ns3:cad>60</ns3:cad>
          </ns3:TrackPointExtension>
        </extensions>
      </trkpt>
      <trkpt lat="3.91303575597703456878662109375" lon="11.49281694553792476654052734375">
        <ele>948.5999755859375</ele>
        <time>2026-06-13T05:41:03.000Z</time>
        <extensions>
          <ns3:TrackPointExtension>
            <ns3:hr>166</ns3:hr>
            <ns3:cad>60</ns3:cad>
          </ns3:TrackPointExtension>
        </extensions>
      </trkpt>
      <trkpt lat="3.9129759930074214935302734375" lon="11.492636315524578094482421875">
        <ele>949.4000244140625</ele>
        <time>2026-06-13T05:41:16.000Z</time>
        <extensions>
          <ns3:TrackPointExtension>
            <ns3:hr>165</ns3:hr>
            <ns3:cad>62</ns3:cad>
          </ns3:TrackPointExtension>
        </extensions>
      </trkpt>
      <trkpt lat="3.912927210330963134765625" lon="11.49245752952992916107177734375">
        <ele>950.5999755859375</ele>
        <time>2026-06-13T05:41:31.000Z</time>
        <extensions>
          <ns3:TrackPointExtension>
            <ns3:hr>167</ns3:hr>
            <ns3:cad>63</ns3:cad>
          </ns3:TrackPointExtension>
        </extensions>
      </trkpt>
      <trkpt lat="3.91290399245917797088623046875" lon="11.4922656677663326263427734375">
        <ele>951.79998779296875</ele>
        <time>2026-06-13T05:41:42.000Z</time>
        <extensions>
          <ns3:TrackPointExtension>
            <ns3:hr>170</ns3:hr>
            <ns3:cad>62</ns3:cad>
          </ns3:TrackPointExtension>
        </extensions>
      </trkpt>
      <trkpt lat="3.912914805114269256591796875" lon="11.49214320816099643707275390625">
        <ele>953</ele>
        <time>2026-06-13T05:41:50.000Z</time>
        <extensions>
          <ns3:TrackPointExtension>
            <ns3:hr>173</ns3:hr>
            <ns3:cad>60</ns3:cad>
          </ns3:TrackPointExtension>
        </extensions>
      </trkpt>
      <trkpt lat="3.91292226500809192657470703125" lon="11.4921369217336177825927734375">
        <ele>953.20001220703125</ele>
        <time>2026-06-13T05:41:51.000Z</time>
        <extensions>
          <ns3:TrackPointExtension>
            <ns3:hr>173</ns3:hr>
            <ns3:cad>60</ns3:cad>
          </ns3:TrackPointExtension>
        </extensions>
      </trkpt>
      <trkpt lat="3.91298596747219562530517578125" lon="11.49213700555264949798583984375">
        <ele>955</ele>
        <time>2026-06-13T05:41:58.000Z</time>
        <extensions>
          <ns3:TrackPointExtension>
            <ns3:hr>174</ns3:hr>
            <ns3:cad>60</ns3:cad>
          </ns3:TrackPointExtension>
        </extensions>
      </trkpt>
      <trkpt lat="3.913042545318603515625" lon="11.4921902306377887725830078125">
        <ele>956.4000244140625</ele>
        <time>2026-06-13T05:42:04.000Z</time>
        <extensions>
          <ns3:TrackPointExtension>
            <ns3:hr>177</ns3:hr>
            <ns3:cad>60</ns3:cad>
          </ns3:TrackPointExtension>
        </extensions>
      </trkpt>
      <trkpt lat="3.91309375874698162078857421875" lon="11.492249071598052978515625">
        <ele>957.5999755859375</ele>
        <time>2026-06-13T05:42:09.000Z</time>
        <extensions>
          <ns3:TrackPointExtension>
            <ns3:hr>180</ns3:hr>
            <ns3:cad>61</ns3:cad>
          </ns3:TrackPointExtension>
        </extensions>
      </trkpt>
      <trkpt lat="3.91321378760039806365966796875" lon="11.49239198304712772369384765625">
        <ele>959.79998779296875</ele>
        <time>2026-06-13T05:42:24.000Z</time>
        <extensions>
          <ns3:TrackPointExtension>
            <ns3:hr>181</ns3:hr>
            <ns3:cad>62</ns3:cad>
          </ns3:TrackPointExtension>
        </extensions>
      </trkpt>
      <trkpt lat="3.91328101046383380889892578125" lon="11.49246004410088062286376953125">
        <ele>961</ele>
        <time>2026-06-13T05:42:31.000Z</time>
        <extensions>
          <ns3:TrackPointExtension>
            <ns3:hr>178</ns3:hr>
            <ns3:cad>63</ns3:cad>
          </ns3:TrackPointExtension>
        </extensions>
      </trkpt>
      <trkpt lat="3.91333549283444881439208984375" lon="11.49249776266515254974365234375">
        <ele>962.20001220703125</ele>
        <time>2026-06-13T05:42:35.000Z</time>
        <extensions>
          <ns3:TrackPointExtension>
            <ns3:hr>181</ns3:hr>
            <ns3:cad>60</ns3:cad>
          </ns3:TrackPointExtension>
        </extensions>
      </trkpt>
      <trkpt lat="3.91347764991223812103271484375" lon="11.49255425669252872467041015625">
        <ele>964.5999755859375</ele>
        <time>2026-06-13T05:42:45.000Z</time>
        <extensions>
          <ns3:TrackPointExtension>
            <ns3:hr>178</ns3:hr>
            <ns3:cad>63</ns3:cad>
          </ns3:TrackPointExtension>
        </extensions>
      </trkpt>
      <trkpt lat="3.9136039651930332183837890625" lon="11.49262818507850170135498046875">
        <ele>966</ele>
        <time>2026-06-13T05:42:58.000Z</time>
        <extensions>
          <ns3:TrackPointExtension>
            <ns3:hr>174</ns3:hr>
            <ns3:cad>60</ns3:cad>
          </ns3:TrackPointExtension>
        </extensions>
      </trkpt>
      <trkpt lat="3.91363196074962615966796875" lon="11.49263505823910236358642578125">
        <ele>966.4000244140625</ele>
        <time>2026-06-13T05:43:00.000Z</time>
        <extensions>
          <ns3:TrackPointExtension>
            <ns3:hr>167</ns3:hr>
            <ns3:cad>61</ns3:cad>
          </ns3:TrackPointExtension>
        </extensions>
      </trkpt>
      <trkpt lat="3.913662135601043701171875" lon="11.49263941682875156402587890625">
        <ele>966.79998779296875</ele>
        <time>2026-06-13T05:43:02.000Z</time>
        <extensions>
          <ns3:TrackPointExtension>
            <ns3:hr>162</ns3:hr>
            <ns3:cad>62</ns3:cad>
          </ns3:TrackPointExtension>
        </extensions>
      </trkpt>
      <trkpt lat="3.91367948614060878753662109375" lon="11.49264025501906871795654296875">
        <ele>967.20001220703125</ele>
        <time>2026-06-13T05:43:03.000Z</time>
        <extensions>
          <ns3:TrackPointExtension>
            <ns3:hr>159</ns3:hr>
            <ns3:cad>63</ns3:cad>
          </ns3:TrackPointExtension>
        </extensions>
      </trkpt>
      <trkpt lat="3.91369624994695186614990234375" lon="11.49264193139970302581787109375">
        <ele>967.4000244140625</ele>
        <time>2026-06-13T05:43:04.000Z</time>
        <extensions>
          <ns3:TrackPointExtension>
            <ns3:hr>154</ns3:hr>
            <ns3:cad>63</ns3:cad>
          </ns3:TrackPointExtension>
        </extensions>
      </trkpt>
      <trkpt lat="3.91371184028685092926025390625" lon="11.4926455356180667877197265625">
        <ele>967.5999755859375</ele>
        <time>2026-06-13T05:43:05.000Z</time>
        <extensions>
          <ns3:TrackPointExtension>
            <ns3:hr>149</ns3:hr>
            <ns3:cad>63</ns3:cad>
          </ns3:TrackPointExtension>
        </extensions>
      </trkpt>
      <trkpt lat="3.91372625716030597686767578125" lon="11.49264729581773281097412109375">
        <ele>967.79998779296875</ele>
        <time>2026-06-13T05:43:06.000Z</time>
        <extensions>
          <ns3:TrackPointExtension>
            <ns3:hr>143</ns3:hr>
            <ns3:cad>60</ns3:cad>
          </ns3:TrackPointExtension>
        </extensions>
      </trkpt>
      <trkpt lat="3.91374050639569759368896484375" lon="11.492648385465145111083984375">
        <ele>968</ele>
        <time>2026-06-13T05:43:07.000Z</time>
        <extensions>
          <ns3:TrackPointExtension>
            <ns3:hr>138</ns3:hr>
            <ns3:cad>60</ns3:cad>
          </ns3:TrackPointExtension>
        </extensions>
      </trkpt>
      <trkpt lat="3.91375207342207431793212890625" lon="11.49264997802674770355224609375">
        <ele>968</ele>
        <time>2026-06-13T05:43:08.000Z</time>
        <extensions>
          <ns3:TrackPointExtension>
            <ns3:hr>133</ns3:hr>
            <ns3:cad>60</ns3:cad>
          </ns3:TrackPointExtension>
        </extensions>
      </trkpt>
      <trkpt lat="3.91376531682908535003662109375" lon="11.49265031330287456512451171875">
        <ele>968.20001220703125</ele>
        <time>2026-06-13T05:43:09.000Z</time>
        <extensions>
          <ns3:TrackPointExtension>
            <ns3:hr>122</ns3:hr>
            <ns3:cad>60</ns3:cad>
          </ns3:TrackPointExtension>
        </extensions>
      </trkpt>
      <trkpt lat="3.913777805864810943603515625" lon="11.49265148676931858062744140625">
        <ele>968.4000244140625</ele>
        <time>2026-06-13T05:43:10.000Z</time>
        <extensions>
          <ns3:TrackPointExtension>
            <ns3:hr>122</ns3:hr>
            <ns3:cad>60</ns3:cad>
          </ns3:TrackPointExtension>
        </extensions>
      </trkpt>
      <trkpt lat="3.91389071010053157806396484375" lon="11.49264897219836711883544921875">
        <ele>969.5999755859375</ele>
        <time>2026-06-13T05:43:18.000Z</time>
        <extensions>
          <ns3:TrackPointExtension>
            <ns3:hr>125</ns3:hr>
            <ns3:cad>0</ns3:cad>
          </ns3:TrackPointExtension>
        </extensions>
      </trkpt>
      <trkpt lat="3.9140773750841617584228515625" lon="11.49263195693492889404296875">
        <ele>971.5999755859375</ele>
        <time>2026-06-13T05:43:30.000Z</time>
        <extensions>
          <ns3:TrackPointExtension>
            <ns3:hr>125</ns3:hr>
            <ns3:cad>60</ns3:cad>
          </ns3:TrackPointExtension>
        </extensions>
      </trkpt>
      <trkpt lat="3.91426554881036281585693359375" lon="11.49260018952190876007080078125">
        <ele>972.20001220703125</ele>
        <time>2026-06-13T05:43:42.000Z</time>
        <extensions>
          <ns3:TrackPointExtension>
            <ns3:hr>123</ns3:hr>
            <ns3:cad>64</ns3:cad>
          </ns3:TrackPointExtension>
        </extensions>
      </trkpt>
      <trkpt lat="3.9144354499876499176025390625" lon="11.49249809794127941131591796875">
        <ele>973.4000244140625</ele>
        <time>2026-06-13T05:43:55.000Z</time>
        <extensions>
          <ns3:TrackPointExtension>
            <ns3:hr>126</ns3:hr>
            <ns3:cad>60</ns3:cad>
          </ns3:TrackPointExtension>
        </extensions>
      </trkpt>
      <trkpt lat="3.91455640085041522979736328125" lon="11.49235971271991729736328125">
        <ele>974.5999755859375</ele>
        <time>2026-06-13T05:44:08.000Z</time>
        <extensions>
          <ns3:TrackPointExtension>
            <ns3:hr>128</ns3:hr>
            <ns3:cad>60</ns3:cad>
          </ns3:TrackPointExtension>
        </extensions>
      </trkpt>
      <trkpt lat="3.91458288766443729400634765625" lon="11.492295004427433013916015625">
        <ele>975</ele>
        <time>2026-06-13T05:44:13.000Z</time>
        <extensions>
          <ns3:TrackPointExtension>
            <ns3:hr>125</ns3:hr>
            <ns3:cad>60</ns3:cad>
          </ns3:TrackPointExtension>
        </extensions>
      </trkpt>
      <trkpt lat="3.9145834743976593017578125" lon="11.492143459618091583251953125">
        <ele>977.4000244140625</ele>
        <time>2026-06-13T05:44:25.000Z</time>
        <extensions>
          <ns3:TrackPointExtension>
            <ns3:hr>125</ns3:hr>
            <ns3:cad>64</ns3:cad>
          </ns3:TrackPointExtension>
        </extensions>
      </trkpt>
      <trkpt lat="3.91453511081635951995849609375" lon="11.49202854372560977935791015625">
        <ele>979.20001220703125</ele>
        <time>2026-06-13T05:44:34.000Z</time>
        <extensions>
          <ns3:TrackPointExtension>
            <ns3:hr>128</ns3:hr>
            <ns3:cad>60</ns3:cad>
          </ns3:TrackPointExtension>
        </extensions>
      </trkpt>
      <trkpt lat="3.9144746772944927215576171875" lon="11.49194640107452869415283203125">
        <ele>980.4000244140625</ele>
        <time>2026-06-13T05:44:42.000Z</time>
        <extensions>
          <ns3:TrackPointExtension>
            <ns3:hr>134</ns3:hr>
            <ns3:cad>60</ns3:cad>
          </ns3:TrackPointExtension>
        </extensions>
      </trkpt>
      <trkpt lat="3.9144636131823062896728515625" lon="11.4919370971620082855224609375">
        <ele>980.4000244140625</ele>
        <time>2026-06-13T05:44:43.000Z</time>
        <extensions>
          <ns3:TrackPointExtension>
            <ns3:hr>139</ns3:hr>
            <ns3:cad>60</ns3:cad>
          </ns3:TrackPointExtension>
        </extensions>
      </trkpt>
      <trkpt lat="3.91445632092654705047607421875" lon="11.49192611686885356903076171875">
        <ele>980.5999755859375</ele>
        <time>2026-06-13T05:44:44.000Z</time>
        <extensions>
          <ns3:TrackPointExtension>
            <ns3:hr>144</ns3:hr>
            <ns3:cad>60</ns3:cad>
          </ns3:TrackPointExtension>
        </extensions>
      </trkpt>
      <trkpt lat="3.91444928012788295745849609375" lon="11.4919151365756988525390625">
        <ele>980.5999755859375</ele>
        <time>2026-06-13T05:44:45.000Z</time>
        <extensions>
          <ns3:TrackPointExtension>
            <ns3:hr>149</ns3:hr>
            <ns3:cad>60</ns3:cad>
          </ns3:TrackPointExtension>
        </extensions>
      </trkpt>
      <trkpt lat="3.91444240696728229522705078125" lon="11.49190264753997325897216796875">
        <ele>980.79998779296875</ele>
        <time>2026-06-13T05:44:46.000Z</time>
        <extensions>
          <ns3:TrackPointExtension>
            <ns3:hr>154</ns3:hr>
            <ns3:cad>60</ns3:cad>
          </ns3:TrackPointExtension>
        </extensions>
      </trkpt>
      <trkpt lat="3.91443637199699878692626953125" lon="11.491892002522945404052734375">
        <ele>981</ele>
        <time>2026-06-13T05:44:47.000Z</time>
        <extensions>
          <ns3:TrackPointExtension>
            <ns3:hr>159</ns3:hr>
            <ns3:cad>60</ns3:cad>
          </ns3:TrackPointExtension>
        </extensions>
      </trkpt>
      <trkpt lat="3.91442899592220783233642578125" lon="11.49188093841075897216796875">
        <ele>981.20001220703125</ele>
        <time>2026-06-13T05:44:48.000Z</time>
        <extensions>
          <ns3:TrackPointExtension>
            <ns3:hr>164</ns3:hr>
            <ns3:cad>60</ns3:cad>
          </ns3:TrackPointExtension>
        </extensions>
      </trkpt>
      <trkpt lat="3.91442161984741687774658203125" lon="11.49186794646084308624267578125">
        <ele>981.4000244140625</ele>
        <time>2026-06-13T05:44:49.000Z</time>
        <extensions>
          <ns3:TrackPointExtension>
            <ns3:hr>169</ns3:hr>
            <ns3:cad>60</ns3:cad>
          </ns3:TrackPointExtension>
        </extensions>
      </trkpt>
      <trkpt lat="3.914414159953594207763671875" lon="11.491855792701244354248046875">
        <ele>981.5999755859375</ele>
        <time>2026-06-13T05:44:50.000Z</time>
        <extensions>
          <ns3:TrackPointExtension>
            <ns3:hr>174</ns3:hr>
            <ns3:cad>60</ns3:cad>
          </ns3:TrackPointExtension>
        </extensions>
      </trkpt>
      <trkpt lat="3.91434609889984130859375" lon="11.49167901836335659027099609375">
        <ele>983.79998779296875</ele>
        <time>2026-06-13T05:45:02.000Z</time>
        <extensions>
          <ns3:TrackPointExtension>
            <ns3:hr>175</ns3:hr>
            <ns3:cad>60</ns3:cad>
          </ns3:TrackPointExtension>
        </extensions>
      </trkpt>
      <trkpt lat="3.91430712305009365081787109375" lon="11.4916133880615234375">
        <ele>984.5999755859375</ele>
        <time>2026-06-13T05:45:07.000Z</time>
        <extensions>
          <ns3:TrackPointExtension>
            <ns3:hr>172</ns3:hr>
            <ns3:cad>62</ns3:cad>
          </ns3:TrackPointExtension>
        </extensions>
      </trkpt>
      <trkpt lat="3.91425314359366893768310546875" lon="11.49150299839675426483154296875">
        <ele>986</ele>
        <time>2026-06-13T05:45:18.000Z</time>
        <extensions>
          <ns3:TrackPointExtension>
            <ns3:hr>173</ns3:hr>
            <ns3:cad>60</ns3:cad>
          </ns3:TrackPointExtension>
        </extensions>
      </trkpt>
      <trkpt lat="3.914285413920879364013671875" lon="11.4915304072201251983642578125">
        <ele>985.4000244140625</ele>
        <time>2026-06-13T05:45:21.000Z</time>
        <extensions>
          <ns3:TrackPointExtension>
            <ns3:hr>169</ns3:hr>
            <ns3:cad>60</ns3:cad>
          </ns3:TrackPointExtension>
        </extensions>
      </trkpt>
      <trkpt lat="3.91438289545476436614990234375" lon="11.49168857373297214508056640625">
        <ele>983.79998779296875</ele>
        <time>2026-06-13T05:45:33.000Z</time>
        <extensions>
          <ns3:TrackPointExtension>
            <ns3:hr>170</ns3:hr>
            <ns3:cad>63</ns3:cad>
          </ns3:TrackPointExtension>
        </extensions>
      </trkpt>
      <trkpt lat="3.9145051874220371246337890625" lon="11.491827629506587982177734375">
        <ele>982.20001220703125</ele>
        <time>2026-06-13T05:45:45.000Z</time>
        <extensions>
          <ns3:TrackPointExtension>
            <ns3:hr>169</ns3:hr>
            <ns3:cad>61</ns3:cad>
          </ns3:TrackPointExtension>
        </extensions>
      </trkpt>
      <trkpt lat="3.9145444147288799285888671875" lon="11.491891331970691680908203125">
        <ele>981.5999755859375</ele>
        <time>2026-06-13T05:45:50.000Z</time>
        <extensions>
          <ns3:TrackPointExtension>
            <ns3:hr>165</ns3:hr>
            <ns3:cad>60</ns3:cad>
          </ns3:TrackPointExtension>
        </extensions>
      </trkpt>
      <trkpt lat="3.9145598374307155609130859375" lon="11.4919223450124263763427734375">
        <ele>981.20001220703125</ele>
        <time>2026-06-13T05:45:52.000Z</time>
        <extensions>
          <ns3:TrackPointExtension>
            <ns3:hr>162</ns3:hr>
            <ns3:cad>59</ns3:cad>
          </ns3:TrackPointExtension>
        </extensions>
      </trkpt>
      <trkpt lat="3.91463820822536945343017578125" lon="11.49205955676734447479248046875">
        <ele>978.79998779296875</ele>
        <time>2026-06-13T05:46:02.000Z</time>
        <extensions>
          <ns3:TrackPointExtension>
            <ns3:hr>159</ns3:hr>
            <ns3:cad>64</ns3:cad>
          </ns3:TrackPointExtension>
        </extensions>
      </trkpt>
      <trkpt lat="3.91467123292386531829833984375" lon="11.492256112396717071533203125">
        <ele>975.4000244140625</ele>
        <time>2026-06-13T05:46:11.000Z</time>
        <extensions>
          <ns3:TrackPointExtension>
            <ns3:hr>158</ns3:hr>
            <ns3:cad>82</ns3:cad>
          </ns3:TrackPointExtension>
        </extensions>
      </trkpt>
      <trkpt lat="3.91464709304273128509521484375" lon="11.49235107935965061187744140625">
        <ele>974</ele>
        <time>2026-06-13T05:46:15.000Z</time>
        <extensions>
          <ns3:TrackPointExtension>
            <ns3:hr>155</ns3:hr>
            <ns3:cad>83</ns3:cad>
          </ns3:TrackPointExtension>
        </extensions>
      </trkpt>
      <trkpt lat="3.91463871113955974578857421875" lon="11.49237337522208690643310546875">
        <ele>973.79998779296875</ele>
        <time>2026-06-13T05:46:16.000Z</time>
        <extensions>
          <ns3:TrackPointExtension>
            <ns3:hr>150</ns3:hr>
            <ns3:cad>83</ns3:cad>
          </ns3:TrackPointExtension>
        </extensions>
      </trkpt>
      <trkpt lat="3.91462898813188076019287109375" lon="11.4923937432467937469482421875">
        <ele>973.5999755859375</ele>
        <time>2026-06-13T05:46:17.000Z</time>
        <extensions>
          <ns3:TrackPointExtension>
            <ns3:hr>151</ns3:hr>
            <ns3:cad>82</ns3:cad>
          </ns3:TrackPointExtension>
        </extensions>
      </trkpt>
      <trkpt lat="3.9146183431148529052734375" lon="11.49241360835731029510498046875">
        <ele>973.4000244140625</ele>
        <time>2026-06-13T05:46:18.000Z</time>
        <extensions>
          <ns3:TrackPointExtension>
            <ns3:hr>154</ns3:hr>
            <ns3:cad>82</ns3:cad>
          </ns3:TrackPointExtension>
        </extensions>
      </trkpt>
      <trkpt lat="3.914490602910518646240234375" lon="11.4925610460340976715087890625">
        <ele>972.20001220703125</ele>
        <time>2026-06-13T05:46:26.000Z</time>
        <extensions>
          <ns3:TrackPointExtension>
            <ns3:hr>157</ns3:hr>
            <ns3:cad>85</ns3:cad>
          </ns3:TrackPointExtension>
        </extensions>
      </trkpt>
      <trkpt lat="3.91431869007647037506103515625" lon="11.49265383370220661163330078125">
        <ele>971</ele>
        <time>2026-06-13T05:46:34.000Z</time>
        <extensions>
          <ns3:TrackPointExtension>
            <ns3:hr>158</ns3:hr>
            <ns3:cad>85</ns3:cad>
          </ns3:TrackPointExtension>
        </extensions>
      </trkpt>
      <trkpt lat="3.9142696559429168701171875" lon="11.49267042987048625946044921875">
        <ele>970.79998779296875</ele>
        <time>2026-06-13T05:46:36.000Z</time>
        <extensions>
          <ns3:TrackPointExtension>
            <ns3:hr>161</ns3:hr>
            <ns3:cad>86</ns3:cad>
          </ns3:TrackPointExtension>
        </extensions>
      </trkpt>
      <trkpt lat="3.9141990803182125091552734375" lon="11.492693312466144561767578125">
        <ele>970.4000244140625</ele>
        <time>2026-06-13T05:46:39.000Z</time>
        <extensions>
          <ns3:TrackPointExtension>
            <ns3:hr>165</ns3:hr>
            <ns3:cad>85</ns3:cad>
          </ns3:TrackPointExtension>
        </extensions>
      </trkpt>
      <trkpt lat="3.9140026085078716278076171875" lon="11.492708064615726470947265625">
        <ele>970.20001220703125</ele>
        <time>2026-06-13T05:46:47.000Z</time>
        <extensions>
          <ns3:TrackPointExtension>
            <ns3:hr>163</ns3:hr>
            <ns3:cad>84</ns3:cad>
          </ns3:TrackPointExtension>
        </extensions>
      </trkpt>
      <trkpt lat="3.913822062313556671142578125" lon="11.49267830885946750640869140625">
        <ele>968.4000244140625</ele>
        <time>2026-06-13T05:46:55.000Z</time>
        <extensions>
          <ns3:TrackPointExtension>
            <ns3:hr>165</ns3:hr>
            <ns3:cad>85</ns3:cad>
          </ns3:TrackPointExtension>
        </extensions>
      </trkpt>
      <trkpt lat="3.9136421866714954376220703125" lon="11.49259348399937152862548828125">
        <ele>967.20001220703125</ele>
        <time>2026-06-13T05:47:05.000Z</time>
        <extensions>
          <ns3:TrackPointExtension>
            <ns3:hr>166</ns3:hr>
            <ns3:cad>85</ns3:cad>
          </ns3:TrackPointExtension>
        </extensions>
      </trkpt>
      <trkpt lat="3.913573287427425384521484375" lon="11.49254201911389827728271484375">
        <ele>966.5999755859375</ele>
        <time>2026-06-13T05:47:09.000Z</time>
        <extensions>
          <ns3:TrackPointExtension>
            <ns3:hr>169</ns3:hr>
            <ns3:cad>84</ns3:cad>
          </ns3:TrackPointExtension>
        </extensions>
      </trkpt>
      <trkpt lat="3.91355509869754314422607421875" lon="11.49252827279269695281982421875">
        <ele>966.4000244140625</ele>
        <time>2026-06-13T05:47:10.000Z</time>
        <extensions>
          <ns3:TrackPointExtension>
            <ns3:hr>166</ns3:hr>
            <ns3:cad>84</ns3:cad>
          </ns3:TrackPointExtension>
        </extensions>
      </trkpt>
      <trkpt lat="3.91344076953828334808349609375" lon="11.49241863749921321868896484375">
        <ele>965.4000244140625</ele>
        <time>2026-06-13T05:47:16.000Z</time>
        <extensions>
          <ns3:TrackPointExtension>
            <ns3:hr>169</ns3:hr>
            <ns3:cad>85</ns3:cad>
          </ns3:TrackPointExtension>
        </extensions>
      </trkpt>
      <trkpt lat="3.91338662244379520416259765625" lon="11.49236583150923252105712890625">
        <ele>964.4000244140625</ele>
        <time>2026-06-13T05:47:19.000Z</time>
        <extensions>
          <ns3:TrackPointExtension>
            <ns3:hr>173</ns3:hr>
            <ns3:cad>85</ns3:cad>
          </ns3:TrackPointExtension>
        </extensions>
      </trkpt>
      <trkpt lat="3.91337136738002300262451171875" lon="11.49234621785581111907958984375">
        <ele>964.20001220703125</ele>
        <time>2026-06-13T05:47:20.000Z</time>
        <extensions>
          <ns3:TrackPointExtension>
            <ns3:hr>177</ns3:hr>
            <ns3:cad>85</ns3:cad>
          </ns3:TrackPointExtension>
        </extensions>
      </trkpt>
      <trkpt lat="3.91335410065948963165283203125" lon="11.492329537868499755859375">
        <ele>963.79998779296875</ele>
        <time>2026-06-13T05:47:21.000Z</time>
        <extensions>
          <ns3:TrackPointExtension>
            <ns3:hr>177</ns3:hr>
            <ns3:cad>86</ns3:cad>
          </ns3:TrackPointExtension>
        </extensions>
      </trkpt>
      <trkpt lat="3.9133350737392902374267578125" lon="11.492310427129268646240234375">
        <ele>963.5999755859375</ele>
        <time>2026-06-13T05:47:22.000Z</time>
        <extensions>
          <ns3:TrackPointExtension>
            <ns3:hr>180</ns3:hr>
            <ns3:cad>86</ns3:cad>
          </ns3:TrackPointExtension>
        </extensions>
      </trkpt>
      <trkpt lat="3.913297019898891448974609375" lon="11.49227228946983814239501953125">
        <ele>962.79998779296875</ele>
        <time>2026-06-13T05:47:23.000Z</time>
        <extensions>
          <ns3:TrackPointExtension>
            <ns3:hr>174</ns3:hr>
            <ns3:cad>85</ns3:cad>
          </ns3:TrackPointExtension>
        </extensions>
      </trkpt>
      <trkpt lat="3.91327866353094577789306640625" lon="11.49225334636867046356201171875">
        <ele>962.4000244140625</ele>
        <time>2026-06-13T05:47:25.000Z</time>
        <extensions>
          <ns3:TrackPointExtension>
            <ns3:hr>171</ns3:hr>
            <ns3:cad>85</ns3:cad>
          </ns3:TrackPointExtension>
        </extensions>
      </trkpt>
      <trkpt lat="3.91326005570590496063232421875" lon="11.49223339743912220001220703125">
        <ele>962.20001220703125</ele>
        <time>2026-06-13T05:47:26.000Z</time>
        <extensions>
          <ns3:TrackPointExtension>
            <ns3:hr>167</ns3:hr>
            <ns3:cad>85</ns3:cad>
          </ns3:TrackPointExtension>
        </extensions>
      </trkpt>
      <trkpt lat="3.9132401905953884124755859375" lon="11.49221210740506649017333984375">
        <ele>961.79998779296875</ele>
        <time>2026-06-13T05:47:27.000Z</time>
        <extensions>
          <ns3:TrackPointExtension>
            <ns3:hr>167</ns3:hr>
            <ns3:cad>85</ns3:cad>
          </ns3:TrackPointExtension>
        </extensions>
      </trkpt>
      <trkpt lat="3.91316768713295459747314453125" lon="11.49212636053562164306640625">
        <ele>960.20001220703125</ele>
        <time>2026-06-13T05:47:31.000Z</time>
        <extensions>
          <ns3:TrackPointExtension>
            <ns3:hr>170</ns3:hr>
            <ns3:cad>85</ns3:cad>
          </ns3:TrackPointExtension>
        </extensions>
      </trkpt>
      <trkpt lat="3.91312259249389171600341796875" lon="11.49203876964747905731201171875">
        <ele>959.20001220703125</ele>
        <time>2026-06-13T05:47:35.000Z</time>
        <extensions>
          <ns3:TrackPointExtension>
            <ns3:hr>173</ns3:hr>
            <ns3:cad>84</ns3:cad>
          </ns3:TrackPointExtension>
        </extensions>
      </trkpt>
      <trkpt lat="3.9130735583603382110595703125" lon="11.491977833211421966552734375">
        <ele>958</ele>
        <time>2026-06-13T05:47:39.000Z</time>
        <extensions>
          <ns3:TrackPointExtension>
            <ns3:hr>177</ns3:hr>
            <ns3:cad>83</ns3:cad>
          </ns3:TrackPointExtension>
        </extensions>
      </trkpt>
      <trkpt lat="3.91305151395499706268310546875" lon="11.49197003804147243499755859375">
        <ele>957.4000244140625</ele>
        <time>2026-06-13T05:47:40.000Z</time>
        <extensions>
          <ns3:TrackPointExtension>
            <ns3:hr>180</ns3:hr>
            <ns3:cad>83</ns3:cad>
          </ns3:TrackPointExtension>
        </extensions>
      </trkpt>
      <trkpt lat="3.91303039155900478363037109375" lon="11.49195780046284198760986328125">
        <ele>957</ele>
        <time>2026-06-13T05:47:41.000Z</time>
        <extensions>
          <ns3:TrackPointExtension>
            <ns3:hr>188</ns3:hr>
            <ns3:cad>83</ns3:cad>
          </ns3:TrackPointExtension>
        </extensions>
      </trkpt>
      <trkpt lat="3.9129652641713619232177734375" lon="11.4918775856494903564453125">
        <ele>955.5999755859375</ele>
        <time>2026-06-13T05:47:45.000Z</time>
        <extensions>
          <ns3:TrackPointExtension>
            <ns3:hr>185</ns3:hr>
            <ns3:cad>86</ns3:cad>
          </ns3:TrackPointExtension>
        </extensions>
      </trkpt>
      <trkpt lat="3.912950344383716583251953125" lon="11.49185336194932460784912109375">
        <ele>955.4000244140625</ele>
        <time>2026-06-13T05:47:46.000Z</time>
        <extensions>
          <ns3:TrackPointExtension>
            <ns3:hr>180</ns3:hr>
            <ns3:cad>86</ns3:cad>
          </ns3:TrackPointExtension>
        </extensions>
      </trkpt>
      <trkpt lat="3.91293483786284923553466796875" lon="11.49182938970625400543212890625">
        <ele>955</ele>
        <time>2026-06-13T05:47:47.000Z</time>
        <extensions>
          <ns3:TrackPointExtension>
            <ns3:hr>180</ns3:hr>
            <ns3:cad>85</ns3:cad>
          </ns3:TrackPointExtension>
        </extensions>
      </trkpt>
      <trkpt lat="3.9128559641540050506591796875" lon="11.49165420792996883392333984375">
        <ele>954.20001220703125</ele>
        <time>2026-06-13T05:47:54.000Z</time>
        <extensions>
          <ns3:TrackPointExtension>
            <ns3:hr>180</ns3:hr>
            <ns3:cad>86</ns3:cad>
          </ns3:TrackPointExtension>
        </extensions>
      </trkpt>
      <trkpt lat="3.912803828716278076171875" lon="11.49148372001945972442626953125">
        <ele>953.79998779296875</ele>
        <time>2026-06-13T05:48:00.000Z</time>
        <extensions>
          <ns3:TrackPointExtension>
            <ns3:hr>177</ns3:hr>
            <ns3:cad>84</ns3:cad>
          </ns3:TrackPointExtension>
        </extensions>
      </trkpt>
      <trkpt lat="3.9126742444932460784912109375" lon="11.49134910665452480316162109375">
        <ele>952.4000244140625</ele>
        <time>2026-06-13T05:48:08.000Z</time>
        <extensions>
          <ns3:TrackPointExtension>
            <ns3:hr>177</ns3:hr>
            <ns3:cad>85</ns3:cad>
          </ns3:TrackPointExtension>
        </extensions>
      </trkpt>
      <trkpt lat="3.91261900775134563446044921875" lon="11.491325385868549346923828125">
        <ele>951.79998779296875</ele>
        <time>2026-06-13T05:48:10.000Z</time>
        <extensions>
          <ns3:TrackPointExtension>
            <ns3:hr>176</ns3:hr>
            <ns3:cad>86</ns3:cad>
          </ns3:TrackPointExtension>
        </extensions>
      </trkpt>
      <trkpt lat="3.91245120204985141754150390625" lon="11.49124793708324432373046875">
        <ele>948.79998779296875</ele>
        <time>2026-06-13T05:48:17.000Z</time>
        <extensions>
          <ns3:TrackPointExtension>
            <ns3:hr>176</ns3:hr>
            <ns3:cad>83</ns3:cad>
          </ns3:TrackPointExtension>
        </extensions>
      </trkpt>
      <trkpt lat="3.9123062789440155029296875" lon="11.4911265671253204345703125">
        <ele>947.4000244140625</ele>
        <time>2026-06-13T05:48:25.000Z</time>
        <extensions>
          <ns3:TrackPointExtension>
            <ns3:hr>178</ns3:hr>
            <ns3:cad>83</ns3:cad>
          </ns3:TrackPointExtension>
        </extensions>
      </trkpt>
      <trkpt lat="3.91222807578742504119873046875" lon="11.4910233020782470703125">
        <ele>948</ele>
        <time>2026-06-13T05:48:30.000Z</time>
        <extensions>
          <ns3:TrackPointExtension>
            <ns3:hr>175</ns3:hr>
            <ns3:cad>85</ns3:cad>
          </ns3:TrackPointExtension>
        </extensions>
      </trkpt>
      <trkpt lat="3.91218222677707672119140625" lon="11.4909352920949459075927734375">
        <ele>949.5999755859375</ele>
        <time>2026-06-13T05:48:34.000Z</time>
        <extensions>
          <ns3:TrackPointExtension>
            <ns3:hr>178</ns3:hr>
            <ns3:cad>84</ns3:cad>
          </ns3:TrackPointExtension>
        </extensions>
      </trkpt>
      <trkpt lat="3.91205389983952045440673828125" lon="11.4907886087894439697265625">
        <ele>950.79998779296875</ele>
        <time>2026-06-13T05:48:42.000Z</time>
        <extensions>
          <ns3:TrackPointExtension>
            <ns3:hr>177</ns3:hr>
            <ns3:cad>84</ns3:cad>
          </ns3:TrackPointExtension>
        </extensions>
      </trkpt>
      <trkpt lat="3.9118715934455394744873046875" lon="11.49071074090898036956787109375">
        <ele>950</ele>
        <time>2026-06-13T05:48:50.000Z</time>
        <extensions>
          <ns3:TrackPointExtension>
            <ns3:hr>176</ns3:hr>
            <ns3:cad>84</ns3:cad>
          </ns3:TrackPointExtension>
        </extensions>
      </trkpt>
      <trkpt lat="3.91168995760381221771240234375" lon="11.4906571805477142333984375">
        <ele>947</ele>
        <time>2026-06-13T05:48:58.000Z</time>
        <extensions>
          <ns3:TrackPointExtension>
            <ns3:hr>177</ns3:hr>
            <ns3:cad>82</ns3:cad>
          </ns3:TrackPointExtension>
        </extensions>
      </trkpt>
      <trkpt lat="3.911506645381450653076171875" lon="11.49059071205556392669677734375">
        <ele>944.4000244140625</ele>
        <time>2026-06-13T05:49:06.000Z</time>
        <extensions>
          <ns3:TrackPointExtension>
            <ns3:hr>175</ns3:hr>
            <ns3:cad>82</ns3:cad>
          </ns3:TrackPointExtension>
        </extensions>
      </trkpt>
      <trkpt lat="3.9113378338515758514404296875" lon="11.49051477201282978057861328125">
        <ele>942.4000244140625</ele>
        <time>2026-06-13T05:49:13.000Z</time>
        <extensions>
          <ns3:TrackPointExtension>
            <ns3:hr>173</ns3:hr>
            <ns3:cad>86</ns3:cad>
          </ns3:TrackPointExtension>
        </extensions>
      </trkpt>
      <trkpt lat="3.9111748896539211273193359375" lon="11.4904253371059894561767578125">
        <ele>940</ele>
        <time>2026-06-13T05:49:20.000Z</time>
        <extensions>
          <ns3:TrackPointExtension>
            <ns3:hr>172</ns3:hr>
            <ns3:cad>86</ns3:cad>
          </ns3:TrackPointExtension>
        </extensions>
      </trkpt>
      <trkpt lat="3.9110437966883182525634765625" lon="11.4903388358652591705322265625">
        <ele>938.20001220703125</ele>
        <time>2026-06-13T05:49:26.000Z</time>
        <extensions>
          <ns3:TrackPointExtension>
            <ns3:hr>169</ns3:hr>
            <ns3:cad>85</ns3:cad>
          </ns3:TrackPointExtension>
        </extensions>
      </trkpt>
      <trkpt lat="3.91092829406261444091796875" lon="11.49023003876209259033203125">
        <ele>937.20001220703125</ele>
        <time>2026-06-13T05:49:32.000Z</time>
        <extensions>
          <ns3:TrackPointExtension>
            <ns3:hr>173</ns3:hr>
            <ns3:cad>86</ns3:cad>
          </ns3:TrackPointExtension>
        </extensions>
      </trkpt>
      <trkpt lat="3.91083441674709320068359375" lon="11.49011445231735706329345703125">
        <ele>935.5999755859375</ele>
        <time>2026-06-13T05:49:38.000Z</time>
        <extensions>
          <ns3:TrackPointExtension>
            <ns3:hr>170</ns3:hr>
            <ns3:cad>85</ns3:cad>
          </ns3:TrackPointExtension>
        </extensions>
      </trkpt>
      <trkpt lat="3.91074950806796550750732421875" lon="11.4899287931621074676513671875">
        <ele>935</ele>
        <time>2026-06-13T05:49:46.000Z</time>
        <extensions>
          <ns3:TrackPointExtension>
            <ns3:hr>169</ns3:hr>
            <ns3:cad>84</ns3:cad>
          </ns3:TrackPointExtension>
        </extensions>
      </trkpt>
      <trkpt lat="3.910738527774810791015625" lon="11.48988110013306140899658203125">
        <ele>934.79998779296875</ele>
        <time>2026-06-13T05:49:48.000Z</time>
        <extensions>
          <ns3:TrackPointExtension>
            <ns3:hr>174</ns3:hr>
            <ns3:cad>83</ns3:cad>
          </ns3:TrackPointExtension>
        </extensions>
      </trkpt>
      <trkpt lat="3.91073207370936870574951171875" lon="11.48985721170902252197265625">
        <ele>934.79998779296875</ele>
        <time>2026-06-13T05:49:49.000Z</time>
        <extensions>
          <ns3:TrackPointExtension>
            <ns3:hr>179</ns3:hr>
            <ns3:cad>83</ns3:cad>
          </ns3:TrackPointExtension>
        </extensions>
      </trkpt>
      <trkpt lat="3.9107256196439266204833984375" lon="11.489834077656269073486328125">
        <ele>934.5999755859375</ele>
        <time>2026-06-13T05:49:50.000Z</time>
        <extensions>
          <ns3:TrackPointExtension>
            <ns3:hr>179</ns3:hr>
            <ns3:cad>83</ns3:cad>
          </ns3:TrackPointExtension>
        </extensions>
      </trkpt>
      <trkpt lat="3.91069150529801845550537109375" lon="11.48965478874742984771728515625">
        <ele>933.4000244140625</ele>
        <time>2026-06-13T05:49:57.000Z</time>
        <extensions>
          <ns3:TrackPointExtension>
            <ns3:hr>178</ns3:hr>
            <ns3:cad>87</ns3:cad>
          </ns3:TrackPointExtension>
        </extensions>
      </trkpt>
      <trkpt lat="3.9106645993888378143310546875" lon="11.4894530363380908966064453125">
        <ele>931</ele>
        <time>2026-06-13T05:50:05.000Z</time>
        <extensions>
          <ns3:TrackPointExtension>
            <ns3:hr>179</ns3:hr>
            <ns3:cad>85</ns3:cad>
          </ns3:TrackPointExtension>
        </extensions>
      </trkpt>
      <trkpt lat="3.9106431417167186737060546875" lon="11.48932202719151973724365234375">
        <ele>929.4000244140625</ele>
        <time>2026-06-13T05:50:10.000Z</time>
        <extensions>
          <ns3:TrackPointExtension>
            <ns3:hr>175</ns3:hr>
            <ns3:cad>86</ns3:cad>
          </ns3:TrackPointExtension>
        </extensions>
      </trkpt>
      <trkpt lat="3.91059796325862407684326171875" lon="11.48912069387733936309814453125">
        <ele>927</ele>
        <time>2026-06-13T05:50:18.000Z</time>
        <extensions>
          <ns3:TrackPointExtension>
            <ns3:hr>174</ns3:hr>
            <ns3:cad>86</ns3:cad>
          </ns3:TrackPointExtension>
        </extensions>
      </trkpt>
      <trkpt lat="3.91056259162724018096923828125" lon="11.48893193341791629791259765625">
        <ele>926.20001220703125</ele>
        <time>2026-06-13T05:50:25.000Z</time>
        <extensions>
          <ns3:TrackPointExtension>
            <ns3:hr>175</ns3:hr>
            <ns3:cad>87</ns3:cad>
          </ns3:TrackPointExtension>
        </extensions>
      </trkpt>
      <trkpt lat="3.91052051447331905364990234375" lon="11.48875155486166477203369140625">
        <ele>924</ele>
        <time>2026-06-13T05:50:32.000Z</time>
        <extensions>
          <ns3:TrackPointExtension>
            <ns3:hr>174</ns3:hr>
            <ns3:cad>86</ns3:cad>
          </ns3:TrackPointExtension>
        </extensions>
      </trkpt>
      <trkpt lat="3.91047290526330471038818359375" lon="11.4885752834379673004150390625">
        <ele>921</ele>
        <time>2026-06-13T05:50:39.000Z</time>
        <extensions>
          <ns3:TrackPointExtension>
            <ns3:hr>172</ns3:hr>
            <ns3:cad>86</ns3:cad>
          </ns3:TrackPointExtension>
        </extensions>
      </trkpt>
      <trkpt lat="3.91040216200053691864013671875" lon="11.48838493041694164276123046875">
        <ele>916.79998779296875</ele>
        <time>2026-06-13T05:50:47.000Z</time>
        <extensions>
          <ns3:TrackPointExtension>
            <ns3:hr>171</ns3:hr>
            <ns3:cad>85</ns3:cad>
          </ns3:TrackPointExtension>
        </extensions>
      </trkpt>
      <trkpt lat="3.91034818254411220550537109375" lon="11.4881920628249645233154296875">
        <ele>913.4000244140625</ele>
        <time>2026-06-13T05:50:55.000Z</time>
        <extensions>
          <ns3:TrackPointExtension>
            <ns3:hr>171</ns3:hr>
            <ns3:cad>85</ns3:cad>
          </ns3:TrackPointExtension>
        </extensions>
      </trkpt>
      <trkpt lat="3.91030208207666873931884765625" lon="11.48799282498657703399658203125">
        <ele>909.79998779296875</ele>
        <time>2026-06-13T05:51:03.000Z</time>
        <extensions>
          <ns3:TrackPointExtension>
            <ns3:hr>172</ns3:hr>
            <ns3:cad>86</ns3:cad>
          </ns3:TrackPointExtension>
        </extensions>
      </trkpt>
      <trkpt lat="3.91029068268835544586181640625" lon="11.487811021506786346435546875">
        <ele>906.5999755859375</ele>
        <time>2026-06-13T05:51:10.000Z</time>
        <extensions>
          <ns3:TrackPointExtension>
            <ns3:hr>172</ns3:hr>
            <ns3:cad>85</ns3:cad>
          </ns3:TrackPointExtension>
        </extensions>
      </trkpt>
      <trkpt lat="3.9102984778583049774169921875" lon="11.487621255218982696533203125">
        <ele>904.4000244140625</ele>
        <time>2026-06-13T05:51:17.000Z</time>
        <extensions>
          <ns3:TrackPointExtension>
            <ns3:hr>171</ns3:hr>
            <ns3:cad>87</ns3:cad>
          </ns3:TrackPointExtension>
        </extensions>
      </trkpt>
      <trkpt lat="3.91030476428568363189697265625" lon="11.487424783408641815185546875">
        <ele>901.79998779296875</ele>
        <time>2026-06-13T05:51:24.000Z</time>
        <extensions>
          <ns3:TrackPointExtension>
            <ns3:hr>173</ns3:hr>
            <ns3:cad>86</ns3:cad>
          </ns3:TrackPointExtension>
        </extensions>
      </trkpt>
      <trkpt lat="3.91032555140554904937744140625" lon="11.48724138736724853515625">
        <ele>903</ele>
        <time>2026-06-13T05:51:31.000Z</time>
        <extensions>
          <ns3:TrackPointExtension>
            <ns3:hr>171</ns3:hr>
            <ns3:cad>86</ns3:cad>
          </ns3:TrackPointExtension>
        </extensions>
      </trkpt>
      <trkpt lat="3.91033661551773548126220703125" lon="11.48703929968178272247314453125">
        <ele>901.79998779296875</ele>
        <time>2026-06-13T05:51:39.000Z</time>
        <extensions>
          <ns3:TrackPointExtension>
            <ns3:hr>171</ns3:hr>
            <ns3:cad>86</ns3:cad>
          </ns3:TrackPointExtension>
        </extensions>
      </trkpt>
      <trkpt lat="3.9103896729648113250732421875" lon="11.48684115149080753326416015625">
        <ele>900.20001220703125</ele>
        <time>2026-06-13T05:51:47.000Z</time>
        <extensions>
          <ns3:TrackPointExtension>
            <ns3:hr>172</ns3:hr>
            <ns3:cad>85</ns3:cad>
          </ns3:TrackPointExtension>
        </extensions>
      </trkpt>
      <trkpt lat="3.91045245341956615447998046875" lon="11.48667074739933013916015625">
        <ele>897.79998779296875</ele>
        <time>2026-06-13T05:51:54.000Z</time>
        <extensions>
          <ns3:TrackPointExtension>
            <ns3:hr>172</ns3:hr>
            <ns3:cad>87</ns3:cad>
          </ns3:TrackPointExtension>
        </extensions>
      </trkpt>
      <trkpt lat="3.91051766462624073028564453125" lon="11.4864834956824779510498046875">
        <ele>895.5999755859375</ele>
        <time>2026-06-13T05:52:02.000Z</time>
        <extensions>
          <ns3:TrackPointExtension>
            <ns3:hr>174</ns3:hr>
            <ns3:cad>85</ns3:cad>
          </ns3:TrackPointExtension>
        </extensions>
      </trkpt>
      <trkpt lat="3.91058807261288166046142578125" lon="11.48631242103874683380126953125">
        <ele>893.79998779296875</ele>
        <time>2026-06-13T05:52:10.000Z</time>
        <extensions>
          <ns3:TrackPointExtension>
            <ns3:hr>175</ns3:hr>
            <ns3:cad>84</ns3:cad>
          </ns3:TrackPointExtension>
        </extensions>
      </trkpt>
      <trkpt lat="3.9106240309774875640869140625" lon="11.48612801916897296905517578125">
        <ele>892</ele>
        <time>2026-06-13T05:52:18.000Z</time>
        <extensions>
          <ns3:TrackPointExtension>
            <ns3:hr>175</ns3:hr>
            <ns3:cad>84</ns3:cad>
          </ns3:TrackPointExtension>
        </extensions>
      </trkpt>
      <trkpt lat="3.910540044307708740234375" lon="11.485952921211719512939453125">
        <ele>889.4000244140625</ele>
        <time>2026-06-13T05:52:27.000Z</time>
        <extensions>
          <ns3:TrackPointExtension>
            <ns3:hr>171</ns3:hr>
            <ns3:cad>83</ns3:cad>
          </ns3:TrackPointExtension>
        </extensions>
      </trkpt>
      <trkpt lat="3.9103611744940280914306640625" lon="11.485907994210720062255859375">
        <ele>888.4000244140625</ele>
        <time>2026-06-13T05:52:35.000Z</time>
        <extensions>
          <ns3:TrackPointExtension>
            <ns3:hr>171</ns3:hr>
            <ns3:cad>84</ns3:cad>
          </ns3:TrackPointExtension>
        </extensions>
      </trkpt>
      <trkpt lat="3.91016528941690921783447265625" lon="11.485924087464809417724609375">
        <ele>890.4000244140625</ele>
        <time>2026-06-13T05:52:43.000Z</time>
        <extensions>
          <ns3:TrackPointExtension>
            <ns3:hr>170</ns3:hr>
            <ns3:cad>85</ns3:cad>
          </ns3:TrackPointExtension>
        </extensions>
      </trkpt>
      <trkpt lat="3.91000854782760143280029296875" lon="11.48602089844644069671630859375">
        <ele>893</ele>
        <time>2026-06-13T05:52:50.000Z</time>
        <extensions>
          <ns3:TrackPointExtension>
            <ns3:hr>170</ns3:hr>
            <ns3:cad>85</ns3:cad>
          </ns3:TrackPointExtension>
        </extensions>
      </trkpt>
      <trkpt lat="3.90987150371074676513671875" lon="11.486144363880157470703125">
        <ele>893</ele>
        <time>2026-06-13T05:52:57.000Z</time>
        <extensions>
          <ns3:TrackPointExtension>
            <ns3:hr>169</ns3:hr>
            <ns3:cad>84</ns3:cad>
          </ns3:TrackPointExtension>
        </extensions>
      </trkpt>
      <trkpt lat="3.9097342081367969512939453125" lon="11.48629146628081798553466796875">
        <ele>893.4000244140625</ele>
        <time>2026-06-13T05:53:05.000Z</time>
        <extensions>
          <ns3:TrackPointExtension>
            <ns3:hr>168</ns3:hr>
            <ns3:cad>85</ns3:cad>
          </ns3:TrackPointExtension>
        </extensions>
      </trkpt>
      <trkpt lat="3.9096091501414775848388671875" lon="11.48642934858798980712890625">
        <ele>891.5999755859375</ele>
        <time>2026-06-13T05:53:13.000Z</time>
        <extensions>
          <ns3:TrackPointExtension>
            <ns3:hr>169</ns3:hr>
            <ns3:cad>84</ns3:cad>
          </ns3:TrackPointExtension>
        </extensions>
      </trkpt>
      <trkpt lat="3.90950982458889484405517578125" lon="11.48652699775993824005126953125">
        <ele>891.20001220703125</ele>
        <time>2026-06-13T05:53:18.000Z</time>
        <extensions>
          <ns3:TrackPointExtension>
            <ns3:hr>173</ns3:hr>
            <ns3:cad>86</ns3:cad>
          </ns3:TrackPointExtension>
        </extensions>
      </trkpt>
      <trkpt lat="3.9093922264873981475830078125" lon="11.48663512431085109710693359375">
        <ele>890.5999755859375</ele>
        <time>2026-06-13T05:53:24.000Z</time>
        <extensions>
          <ns3:TrackPointExtension>
            <ns3:hr>170</ns3:hr>
            <ns3:cad>84</ns3:cad>
          </ns3:TrackPointExtension>
        </extensions>
      </trkpt>
      <trkpt lat="3.90935090370476245880126953125" lon="11.48667116649448871612548828125">
        <ele>890.4000244140625</ele>
        <time>2026-06-13T05:53:26.000Z</time>
        <extensions>
          <ns3:TrackPointExtension>
            <ns3:hr>174</ns3:hr>
            <ns3:cad>84</ns3:cad>
          </ns3:TrackPointExtension>
        </extensions>
      </trkpt>
      <trkpt lat="3.9092279411852359771728515625" lon="11.4868067018687725067138671875">
        <ele>887.5999755859375</ele>
        <time>2026-06-13T05:53:33.000Z</time>
        <extensions>
          <ns3:TrackPointExtension>
            <ns3:hr>175</ns3:hr>
            <ns3:cad>86</ns3:cad>
          </ns3:TrackPointExtension>
        </extensions>
      </trkpt>
      <trkpt lat="3.90910464338958263397216796875" lon="11.48691474460065364837646484375">
        <ele>885.20001220703125</ele>
        <time>2026-06-13T05:53:39.000Z</time>
        <extensions>
          <ns3:TrackPointExtension>
            <ns3:hr>178</ns3:hr>
            <ns3:cad>86</ns3:cad>
          </ns3:TrackPointExtension>
        </extensions>
      </trkpt>
      <trkpt lat="3.9090599678456783294677734375" lon="11.486944667994976043701171875">
        <ele>884.4000244140625</ele>
        <time>2026-06-13T05:53:41.000Z</time>
        <extensions>
          <ns3:TrackPointExtension>
            <ns3:hr>174</ns3:hr>
            <ns3:cad>86</ns3:cad>
          </ns3:TrackPointExtension>
        </extensions>
      </trkpt>
      <trkpt lat="3.909038007259368896484375" lon="11.4869572408497333526611328125">
        <ele>884.4000244140625</ele>
        <time>2026-06-13T05:53:42.000Z</time>
        <extensions>
          <ns3:TrackPointExtension>
            <ns3:hr>171</ns3:hr>
            <ns3:cad>86</ns3:cad>
          </ns3:TrackPointExtension>
        </extensions>
      </trkpt>
      <trkpt lat="3.9090143702924251556396484375" lon="11.4869713224470615386962890625">
        <ele>883.5999755859375</ele>
        <time>2026-06-13T05:53:43.000Z</time>
        <extensions>
          <ns3:TrackPointExtension>
            <ns3:hr>171</ns3:hr>
            <ns3:cad>84</ns3:cad>
          </ns3:TrackPointExtension>
        </extensions>
      </trkpt>
      <trkpt lat="3.90889761038124561309814453125" lon="11.487016417086124420166015625">
        <ele>881</ele>
        <time>2026-06-13T05:53:48.000Z</time>
        <extensions>
          <ns3:TrackPointExtension>
            <ns3:hr>174</ns3:hr>
            <ns3:cad>84</ns3:cad>
          </ns3:TrackPointExtension>
        </extensions>
      </trkpt>
      <trkpt lat="3.90873181633651256561279296875" lon="11.48708573542535305023193359375">
        <ele>876.20001220703125</ele>
        <time>2026-06-13T05:53:55.000Z</time>
        <extensions>
          <ns3:TrackPointExtension>
            <ns3:hr>177</ns3:hr>
            <ns3:cad>84</ns3:cad>
          </ns3:TrackPointExtension>
        </extensions>
      </trkpt>
      <trkpt lat="3.90855579636991024017333984375" lon="11.48714558221399784088134765625">
        <ele>873.20001220703125</ele>
        <time>2026-06-13T05:54:02.000Z</time>
        <extensions>
          <ns3:TrackPointExtension>
            <ns3:hr>176</ns3:hr>
            <ns3:cad>85</ns3:cad>
          </ns3:TrackPointExtension>
        </extensions>
      </trkpt>
      <trkpt lat="3.90835664235055446624755859375" lon="11.48718849755823612213134765625">
        <ele>872.79998779296875</ele>
        <time>2026-06-13T05:54:10.000Z</time>
        <extensions>
          <ns3:TrackPointExtension>
            <ns3:hr>175</ns3:hr>
            <ns3:cad>84</ns3:cad>
          </ns3:TrackPointExtension>
        </extensions>
      </trkpt>
      <trkpt lat="3.90816955827176570892333984375" lon="11.48725806735455989837646484375">
        <ele>872.20001220703125</ele>
        <time>2026-06-13T05:54:18.000Z</time>
        <extensions>
          <ns3:TrackPointExtension>
            <ns3:hr>176</ns3:hr>
            <ns3:cad>85</ns3:cad>
          </ns3:TrackPointExtension>
        </extensions>
      </trkpt>
      <trkpt lat="3.90800393186509609222412109375" lon="11.48737122304737567901611328125">
        <ele>872.20001220703125</ele>
        <time>2026-06-13T05:54:26.000Z</time>
        <extensions>
          <ns3:TrackPointExtension>
            <ns3:hr>177</ns3:hr>
            <ns3:cad>85</ns3:cad>
          </ns3:TrackPointExtension>
        </extensions>
      </trkpt>
      <trkpt lat="3.90796671621501445770263671875" lon="11.4874061755836009979248046875">
        <ele>873.79998779296875</ele>
        <time>2026-06-13T05:54:28.000Z</time>
        <extensions>
          <ns3:TrackPointExtension>
            <ns3:hr>174</ns3:hr>
            <ns3:cad>84</ns3:cad>
          </ns3:TrackPointExtension>
        </extensions>
      </trkpt>
      <trkpt lat="3.90784031711518764495849609375" lon="11.48754372261464595794677734375">
        <ele>876.79998779296875</ele>
        <time>2026-06-13T05:54:35.000Z</time>
        <extensions>
          <ns3:TrackPointExtension>
            <ns3:hr>174</ns3:hr>
            <ns3:cad>86</ns3:cad>
          </ns3:TrackPointExtension>
        </extensions>
      </trkpt>
      <trkpt lat="3.90774040482938289642333984375" lon="11.48767481558024883270263671875">
        <ele>874.5999755859375</ele>
        <time>2026-06-13T05:54:41.000Z</time>
        <extensions>
          <ns3:TrackPointExtension>
            <ns3:hr>170</ns3:hr>
            <ns3:cad>85</ns3:cad>
          </ns3:TrackPointExtension>
        </extensions>
      </trkpt>
      <trkpt lat="3.9075800590217113494873046875" lon="11.48779928684234619140625">
        <ele>873.20001220703125</ele>
        <time>2026-06-13T05:54:48.000Z</time>
        <extensions>
          <ns3:TrackPointExtension>
            <ns3:hr>171</ns3:hr>
            <ns3:cad>87</ns3:cad>
          </ns3:TrackPointExtension>
        </extensions>
      </trkpt>
      <trkpt lat="3.9074957370758056640625" lon="11.48784111253917217254638671875">
        <ele>872.5999755859375</ele>
        <time>2026-06-13T05:54:51.000Z</time>
        <extensions>
          <ns3:TrackPointExtension>
            <ns3:hr>174</ns3:hr>
            <ns3:cad>87</ns3:cad>
          </ns3:TrackPointExtension>
        </extensions>
      </trkpt>
      <trkpt lat="3.90740596689283847808837890625" lon="11.4878775738179683685302734375">
        <ele>872</ele>
        <time>2026-06-13T05:54:54.000Z</time>
        <extensions>
          <ns3:TrackPointExtension>
            <ns3:hr>177</ns3:hr>
            <ns3:cad>88</ns3:cad>
          </ns3:TrackPointExtension>
        </extensions>
      </trkpt>
      <trkpt lat="3.90724184922873973846435546875" lon="11.48796482942998409271240234375">
        <ele>868</ele>
        <time>2026-06-13T05:55:00.000Z</time>
        <extensions>
          <ns3:TrackPointExtension>
            <ns3:hr>179</ns3:hr>
            <ns3:cad>88</ns3:cad>
          </ns3:TrackPointExtension>
        </extensions>
      </trkpt>
      <trkpt lat="3.9070935733616352081298828125" lon="11.488077901303768157958984375">
        <ele>864.79998779296875</ele>
        <time>2026-06-13T05:55:07.000Z</time>
        <extensions>
          <ns3:TrackPointExtension>
            <ns3:hr>178</ns3:hr>
            <ns3:cad>88</ns3:cad>
          </ns3:TrackPointExtension>
        </extensions>
      </trkpt>
      <trkpt lat="3.907019980251789093017578125" lon="11.48815509863197803497314453125">
        <ele>861.20001220703125</ele>
        <time>2026-06-13T05:55:11.000Z</time>
        <extensions>
          <ns3:TrackPointExtension>
            <ns3:hr>175</ns3:hr>
            <ns3:cad>87</ns3:cad>
          </ns3:TrackPointExtension>
        </extensions>
      </trkpt>
      <trkpt lat="3.90688888728618621826171875" lon="11.488281749188899993896484375">
        <ele>856.5999755859375</ele>
        <time>2026-06-13T05:55:18.000Z</time>
        <extensions>
          <ns3:TrackPointExtension>
            <ns3:hr>175</ns3:hr>
            <ns3:cad>87</ns3:cad>
          </ns3:TrackPointExtension>
        </extensions>
      </trkpt>
      <trkpt lat="3.90674798749387264251708984375" lon="11.4884282648563385009765625">
        <ele>855.79998779296875</ele>
        <time>2026-06-13T05:55:25.000Z</time>
        <extensions>
          <ns3:TrackPointExtension>
            <ns3:hr>174</ns3:hr>
            <ns3:cad>86</ns3:cad>
          </ns3:TrackPointExtension>
        </extensions>
      </trkpt>
      <trkpt lat="3.90666492283344268798828125" lon="11.4885052107274532318115234375">
        <ele>858.5999755859375</ele>
        <time>2026-06-13T05:55:29.000Z</time>
        <extensions>
          <ns3:TrackPointExtension>
            <ns3:hr>177</ns3:hr>
            <ns3:cad>87</ns3:cad>
          </ns3:TrackPointExtension>
        </extensions>
      </trkpt>
      <trkpt lat="3.90652402304112911224365234375" lon="11.48864761926233768463134765625">
        <ele>857</ele>
        <time>2026-06-13T05:55:36.000Z</time>
        <extensions>
          <ns3:TrackPointExtension>
            <ns3:hr>175</ns3:hr>
            <ns3:cad>87</ns3:cad>
          </ns3:TrackPointExtension>
        </extensions>
      </trkpt>
      <trkpt lat="3.906463086605072021484375" lon="11.48870394565165042877197265625">
        <ele>853.4000244140625</ele>
        <time>2026-06-13T05:55:39.000Z</time>
        <extensions>
          <ns3:TrackPointExtension>
            <ns3:hr>171</ns3:hr>
            <ns3:cad>87</ns3:cad>
          </ns3:TrackPointExtension>
        </extensions>
      </trkpt>
      <trkpt lat="3.906381614506244659423828125" lon="11.4887848310172557830810546875">
        <ele>848.79998779296875</ele>
        <time>2026-06-13T05:55:43.000Z</time>
        <extensions>
          <ns3:TrackPointExtension>
            <ns3:hr>174</ns3:hr>
            <ns3:cad>87</ns3:cad>
          </ns3:TrackPointExtension>
        </extensions>
      </trkpt>
      <trkpt lat="3.9062396250665187835693359375" lon="11.4889088831841945648193359375">
        <ele>852.4000244140625</ele>
        <time>2026-06-13T05:55:50.000Z</time>
        <extensions>
          <ns3:TrackPointExtension>
            <ns3:hr>173</ns3:hr>
            <ns3:cad>87</ns3:cad>
          </ns3:TrackPointExtension>
        </extensions>
      </trkpt>
      <trkpt lat="3.90609227120876312255859375" lon="11.4890399761497974395751953125">
        <ele>852.4000244140625</ele>
        <time>2026-06-13T05:55:57.000Z</time>
        <extensions>
          <ns3:TrackPointExtension>
            <ns3:hr>173</ns3:hr>
            <ns3:cad>87</ns3:cad>
          </ns3:TrackPointExtension>
        </extensions>
      </trkpt>
      <trkpt lat="3.90598841942846775054931640625" lon="11.489139385521411895751953125">
        <ele>852.4000244140625</ele>
        <time>2026-06-13T05:56:02.000Z</time>
        <extensions>
          <ns3:TrackPointExtension>
            <ns3:hr>177</ns3:hr>
            <ns3:cad>84</ns3:cad>
          </ns3:TrackPointExtension>
        </extensions>
      </trkpt>
      <trkpt lat="3.90591683797538280487060546875" lon="11.489219851791858673095703125">
        <ele>850.79998779296875</ele>
        <time>2026-06-13T05:56:06.000Z</time>
        <extensions>
          <ns3:TrackPointExtension>
            <ns3:hr>180</ns3:hr>
            <ns3:cad>87</ns3:cad>
          </ns3:TrackPointExtension>
        </extensions>
      </trkpt>
      <trkpt lat="3.90580569393932819366455078125" lon="11.48936569690704345703125">
        <ele>847.20001220703125</ele>
        <time>2026-06-13T05:56:13.000Z</time>
        <extensions>
          <ns3:TrackPointExtension>
            <ns3:hr>181</ns3:hr>
            <ns3:cad>87</ns3:cad>
          </ns3:TrackPointExtension>
        </extensions>
      </trkpt>
      <trkpt lat="3.90569337643682956695556640625" lon="11.489518247544765472412109375">
        <ele>847.4000244140625</ele>
        <time>2026-06-13T05:56:20.000Z</time>
        <extensions>
          <ns3:TrackPointExtension>
            <ns3:hr>184</ns3:hr>
            <ns3:cad>87</ns3:cad>
          </ns3:TrackPointExtension>
        </extensions>
      </trkpt>
      <trkpt lat="3.90557368285953998565673828125" lon="11.4896620810031890869140625">
        <ele>851.20001220703125</ele>
        <time>2026-06-13T05:56:27.000Z</time>
        <extensions>
          <ns3:TrackPointExtension>
            <ns3:hr>186</ns3:hr>
            <ns3:cad>84</ns3:cad>
          </ns3:TrackPointExtension>
        </extensions>
      </trkpt>
      <trkpt lat="3.90545499511063098907470703125" lon="11.48980884812772274017333984375">
        <ele>853</ele>
        <time>2026-06-13T05:56:34.000Z</time>
        <extensions>
          <ns3:TrackPointExtension>
            <ns3:hr>185</ns3:hr>
            <ns3:cad>85</ns3:cad>
          </ns3:TrackPointExtension>
        </extensions>
      </trkpt>
      <trkpt lat="3.90533463098108768463134765625" lon="11.489945389330387115478515625">
        <ele>855</ele>
        <time>2026-06-13T05:56:41.000Z</time>
        <extensions>
          <ns3:TrackPointExtension>
            <ns3:hr>183</ns3:hr>
            <ns3:cad>84</ns3:cad>
          </ns3:TrackPointExtension>
        </extensions>
      </trkpt>
      <trkpt lat="3.90527562238276004791259765625" lon="11.49002660997211933135986328125">
        <ele>854.4000244140625</ele>
        <time>2026-06-13T05:56:45.000Z</time>
        <extensions>
          <ns3:TrackPointExtension>
            <ns3:hr>186</ns3:hr>
            <ns3:cad>85</ns3:cad>
          </ns3:TrackPointExtension>
        </extensions>
      </trkpt>
      <trkpt lat="3.90515861101448535919189453125" lon="11.4901743829250335693359375">
        <ele>851.5999755859375</ele>
        <time>2026-06-13T05:56:52.000Z</time>
        <extensions>
          <ns3:TrackPointExtension>
            <ns3:hr>183</ns3:hr>
            <ns3:cad>86</ns3:cad>
          </ns3:TrackPointExtension>
        </extensions>
      </trkpt>
      <trkpt lat="3.90505786053836345672607421875" lon="11.490355432033538818359375">
        <ele>840.79998779296875</ele>
        <time>2026-06-13T05:56:59.000Z</time>
        <extensions>
          <ns3:TrackPointExtension>
            <ns3:hr>182</ns3:hr>
            <ns3:cad>87</ns3:cad>
          </ns3:TrackPointExtension>
        </extensions>
      </trkpt>
      <trkpt lat="3.90495275147259235382080078125" lon="11.4905279316008090972900390625">
        <ele>828.20001220703125</ele>
        <time>2026-06-13T05:57:06.000Z</time>
        <extensions>
          <ns3:TrackPointExtension>
            <ns3:hr>183</ns3:hr>
            <ns3:cad>87</ns3:cad>
          </ns3:TrackPointExtension>
        </extensions>
      </trkpt>
      <trkpt lat="3.90486038289964199066162109375" lon="11.4906801469624042510986328125">
        <ele>822.4000244140625</ele>
        <time>2026-06-13T05:57:13.000Z</time>
        <extensions>
          <ns3:TrackPointExtension>
            <ns3:hr>180</ns3:hr>
            <ns3:cad>84</ns3:cad>
          </ns3:TrackPointExtension>
        </extensions>
      </trkpt>
      <trkpt lat="3.904746137559413909912109375" lon="11.490827500820159912109375">
        <ele>822</ele>
        <time>2026-06-13T05:57:20.000Z</time>
        <extensions>
          <ns3:TrackPointExtension>
            <ns3:hr>181</ns3:hr>
            <ns3:cad>85</ns3:cad>
          </ns3:TrackPointExtension>
        </extensions>
      </trkpt>
      <trkpt lat="3.90466491691768169403076171875" lon="11.4909200370311737060546875">
        <ele>823.20001220703125</ele>
        <time>2026-06-13T05:57:25.000Z</time>
        <extensions>
          <ns3:TrackPointExtension>
            <ns3:hr>183</ns3:hr>
            <ns3:cad>87</ns3:cad>
          </ns3:TrackPointExtension>
        </extensions>
      </trkpt>
      <trkpt lat="3.904540278017520904541015625" lon="11.4910863339900970458984375">
        <ele>824.5999755859375</ele>
        <time>2026-06-13T05:57:33.000Z</time>
        <extensions>
          <ns3:TrackPointExtension>
            <ns3:hr>181</ns3:hr>
            <ns3:cad>87</ns3:cad>
          </ns3:TrackPointExtension>
        </extensions>
      </trkpt>
      <trkpt lat="3.90442988835275173187255859375" lon="11.49123108945786952972412109375">
        <ele>824.79998779296875</ele>
        <time>2026-06-13T05:57:40.000Z</time>
        <extensions>
          <ns3:TrackPointExtension>
            <ns3:hr>183</ns3:hr>
            <ns3:cad>87</ns3:cad>
          </ns3:TrackPointExtension>
        </extensions>
      </trkpt>
      <trkpt lat="3.90429929830133914947509765625" lon="11.491373665630817413330078125">
        <ele>824.79998779296875</ele>
        <time>2026-06-13T05:57:47.000Z</time>
        <extensions>
          <ns3:TrackPointExtension>
            <ns3:hr>185</ns3:hr>
            <ns3:cad>87</ns3:cad>
          </ns3:TrackPointExtension>
        </extensions>
      </trkpt>
      <trkpt lat="3.9041941054165363311767578125" lon="11.49153895676136016845703125">
        <ele>826.20001220703125</ele>
        <time>2026-06-13T05:57:55.000Z</time>
        <extensions>
          <ns3:TrackPointExtension>
            <ns3:hr>184</ns3:hr>
            <ns3:cad>85</ns3:cad>
          </ns3:TrackPointExtension>
        </extensions>
      </trkpt>
      <trkpt lat="3.90411322005093097686767578125" lon="11.4916764199733734130859375">
        <ele>825</ele>
        <time>2026-06-13T05:58:02.000Z</time>
        <extensions>
          <ns3:TrackPointExtension>
            <ns3:hr>186</ns3:hr>
            <ns3:cad>84</ns3:cad>
          </ns3:TrackPointExtension>
        </extensions>
      </trkpt>
      <trkpt lat="3.9042608253657817840576171875" lon="11.4917862229049205780029296875">
        <ele>818.79998779296875</ele>
        <time>2026-06-13T05:58:11.000Z</time>
        <extensions>
          <ns3:TrackPointExtension>
            <ns3:hr>186</ns3:hr>
            <ns3:cad>81</ns3:cad>
          </ns3:TrackPointExtension>
        </extensions>
      </trkpt>
      <trkpt lat="3.90443441458046436309814453125" lon="11.49188554845750331878662109375">
        <ele>812.79998779296875</ele>
        <time>2026-06-13T05:58:20.000Z</time>
        <extensions>
          <ns3:TrackPointExtension>
            <ns3:hr>188</ns3:hr>
            <ns3:cad>83</ns3:cad>
          </ns3:TrackPointExtension>
        </extensions>
      </trkpt>
      <trkpt lat="3.90459962189197540283203125" lon="11.4919652603566646575927734375">
        <ele>807.5999755859375</ele>
        <time>2026-06-13T05:58:28.000Z</time>
        <extensions>
          <ns3:TrackPointExtension>
            <ns3:hr>185</ns3:hr>
            <ns3:cad>83</ns3:cad>
          </ns3:TrackPointExtension>
        </extensions>
      </trkpt>
      <trkpt lat="3.90466273762285709381103515625" lon="11.491996943950653076171875">
        <ele>805.5999755859375</ele>
        <time>2026-06-13T05:58:31.000Z</time>
        <extensions>
          <ns3:TrackPointExtension>
            <ns3:hr>188</ns3:hr>
            <ns3:cad>81</ns3:cad>
          </ns3:TrackPointExtension>
        </extensions>
      </trkpt>
      <trkpt lat="3.904742114245891571044921875" lon="11.4920474030077457427978515625">
        <ele>803</ele>
        <time>2026-06-13T05:58:35.000Z</time>
        <extensions>
          <ns3:TrackPointExtension>
            <ns3:hr>185</ns3:hr>
            <ns3:cad>82</ns3:cad>
          </ns3:TrackPointExtension>
        </extensions>
      </trkpt>
      <trkpt lat="3.9049055613577365875244140625" lon="11.49215309880673885345458984375">
        <ele>798.20001220703125</ele>
        <time>2026-06-13T05:58:43.000Z</time>
        <extensions>
          <ns3:TrackPointExtension>
            <ns3:hr>184</ns3:hr>
            <ns3:cad>83</ns3:cad>
          </ns3:TrackPointExtension>
        </extensions>
      </trkpt>
      <trkpt lat="3.905076049268245697021484375" lon="11.492261476814746856689453125">
        <ele>794.20001220703125</ele>
        <time>2026-06-13T05:58:51.000Z</time>
        <extensions>
          <ns3:TrackPointExtension>
            <ns3:hr>182</ns3:hr>
            <ns3:cad>84</ns3:cad>
          </ns3:TrackPointExtension>
        </extensions>
      </trkpt>
      <trkpt lat="3.9052359759807586669921875" lon="11.49235242046415805816650390625">
        <ele>790.79998779296875</ele>
        <time>2026-06-13T05:58:59.000Z</time>
        <extensions>
          <ns3:TrackPointExtension>
            <ns3:hr>182</ns3:hr>
            <ns3:cad>84</ns3:cad>
          </ns3:TrackPointExtension>
        </extensions>
      </trkpt>
      <trkpt lat="3.90537721104919910430908203125" lon="11.4924356527626514434814453125">
        <ele>787.5999755859375</ele>
        <time>2026-06-13T05:59:06.000Z</time>
        <extensions>
          <ns3:TrackPointExtension>
            <ns3:hr>178</ns3:hr>
            <ns3:cad>87</ns3:cad>
          </ns3:TrackPointExtension>
        </extensions>
      </trkpt>
      <trkpt lat="3.9055070467293262481689453125" lon="11.49250010959804058074951171875">
        <ele>783.20001220703125</ele>
        <time>2026-06-13T05:59:12.000Z</time>
        <extensions>
          <ns3:TrackPointExtension>
            <ns3:hr>181</ns3:hr>
            <ns3:cad>87</ns3:cad>
          </ns3:TrackPointExtension>
        </extensions>
      </trkpt>
      <trkpt lat="3.90565180219709873199462890625" lon="11.49255056865513324737548828125">
        <ele>778.5999755859375</ele>
        <time>2026-06-13T05:59:18.000Z</time>
        <extensions>
          <ns3:TrackPointExtension>
            <ns3:hr>177</ns3:hr>
            <ns3:cad>87</ns3:cad>
          </ns3:TrackPointExtension>
        </extensions>
      </trkpt>
      <trkpt lat="3.90575758181512355804443359375" lon="11.49256666190922260284423828125">
        <ele>776.4000244140625</ele>
        <time>2026-06-13T05:59:22.000Z</time>
        <extensions>
          <ns3:TrackPointExtension>
            <ns3:hr>180</ns3:hr>
            <ns3:cad>86</ns3:cad>
          </ns3:TrackPointExtension>
        </extensions>
      </trkpt>
      <trkpt lat="3.90586101450026035308837890625" lon="11.49257973767817020416259765625">
        <ele>774.5999755859375</ele>
        <time>2026-06-13T05:59:26.000Z</time>
        <extensions>
          <ns3:TrackPointExtension>
            <ns3:hr>177</ns3:hr>
            <ns3:cad>87</ns3:cad>
          </ns3:TrackPointExtension>
        </extensions>
      </trkpt>
      <trkpt lat="3.90606368891894817352294921875" lon="11.492561884224414825439453125">
        <ele>774</ele>
        <time>2026-06-13T05:59:34.000Z</time>
        <extensions>
          <ns3:TrackPointExtension>
            <ns3:hr>175</ns3:hr>
            <ns3:cad>87</ns3:cad>
          </ns3:TrackPointExtension>
        </extensions>
      </trkpt>
      <trkpt lat="3.906222023069858551025390625" lon="11.49254369549453258514404296875">
        <ele>775.20001220703125</ele>
        <time>2026-06-13T05:59:40.000Z</time>
        <extensions>
          <ns3:TrackPointExtension>
            <ns3:hr>172</ns3:hr>
            <ns3:cad>86</ns3:cad>
          </ns3:TrackPointExtension>
        </extensions>
      </trkpt>
      <trkpt lat="3.906351439654827117919921875" lon="11.49252391420304775238037109375">
        <ele>777</ele>
        <time>2026-06-13T05:59:45.000Z</time>
        <extensions>
          <ns3:TrackPointExtension>
            <ns3:hr>175</ns3:hr>
            <ns3:cad>86</ns3:cad>
          </ns3:TrackPointExtension>
        </extensions>
      </trkpt>
      <trkpt lat="3.90637700445950031280517578125" lon="11.49251938797533512115478515625">
        <ele>777.20001220703125</ele>
        <time>2026-06-13T05:59:46.000Z</time>
        <extensions>
          <ns3:TrackPointExtension>
            <ns3:hr>179</ns3:hr>
            <ns3:cad>85</ns3:cad>
          </ns3:TrackPointExtension>
        </extensions>
      </trkpt>
      <trkpt lat="3.906403742730617523193359375" lon="11.49251318536698818206787109375">
        <ele>777.5999755859375</ele>
        <time>2026-06-13T05:59:47.000Z</time>
        <extensions>
          <ns3:TrackPointExtension>
            <ns3:hr>182</ns3:hr>
            <ns3:cad>85</ns3:cad>
          </ns3:TrackPointExtension>
        </extensions>
      </trkpt>
      <trkpt lat="3.90642964281141757965087890625" lon="11.49250865913927555084228515625">
        <ele>778</ele>
        <time>2026-06-13T05:59:48.000Z</time>
        <extensions>
          <ns3:TrackPointExtension>
            <ns3:hr>182</ns3:hr>
            <ns3:cad>85</ns3:cad>
          </ns3:TrackPointExtension>
        </extensions>
      </trkpt>
      <trkpt lat="3.9064766652882099151611328125" lon="11.4925037138164043426513671875">
        <ele>778.5999755859375</ele>
        <time>2026-06-13T05:59:50.000Z</time>
        <extensions>
          <ns3:TrackPointExtension>
            <ns3:hr>185</ns3:hr>
            <ns3:cad>84</ns3:cad>
          </ns3:TrackPointExtension>
        </extensions>
      </trkpt>
      <trkpt lat="3.906650841236114501953125" lon="11.49244646541774272918701171875">
        <ele>780.4000244140625</ele>
        <time>2026-06-13T05:59:58.000Z</time>
        <extensions>
          <ns3:TrackPointExtension>
            <ns3:hr>187</ns3:hr>
            <ns3:cad>82</ns3:cad>
          </ns3:TrackPointExtension>
        </extensions>
      </trkpt>
      <trkpt lat="3.9067660085856914520263671875" lon="11.492360718548297882080078125">
        <ele>781.4000244140625</ele>
        <time>2026-06-13T06:00:04.000Z</time>
        <extensions>
          <ns3:TrackPointExtension>
            <ns3:hr>190</ns3:hr>
            <ns3:cad>82</ns3:cad>
          </ns3:TrackPointExtension>
        </extensions>
      </trkpt>
      <trkpt lat="3.9069007895886898040771484375" lon="11.49221646599471569061279296875">
        <ele>782.4000244140625</ele>
        <time>2026-06-13T06:00:12.000Z</time>
        <extensions>
          <ns3:TrackPointExtension>
            <ns3:hr>193</ns3:hr>
            <ns3:cad>84</ns3:cad>
          </ns3:TrackPointExtension>
        </extensions>
      </trkpt>
      <trkpt lat="3.9070191420614719390869140625" lon="11.49207280017435550689697265625">
        <ele>784</ele>
        <time>2026-06-13T06:00:19.000Z</time>
        <extensions>
          <ns3:TrackPointExtension>
            <ns3:hr>194</ns3:hr>
            <ns3:cad>84</ns3:cad>
          </ns3:TrackPointExtension>
        </extensions>
      </trkpt>
      <trkpt lat="3.90707664191722869873046875" lon="11.492003984749317169189453125">
        <ele>784.20001220703125</ele>
        <time>2026-06-13T06:00:24.000Z</time>
        <extensions>
          <ns3:TrackPointExtension>
            <ns3:hr>197</ns3:hr>
            <ns3:cad>85</ns3:cad>
          </ns3:TrackPointExtension>
        </extensions>
      </trkpt>
      <trkpt lat="3.9071361534297466278076171875" lon="11.4919471554458141326904296875">
        <ele>785.20001220703125</ele>
        <time>2026-06-13T06:00:31.000Z</time>
        <extensions>
          <ns3:TrackPointExtension>
            <ns3:hr>194</ns3:hr>
            <ns3:cad>60</ns3:cad>
          </ns3:TrackPointExtension>
        </extensions>
      </trkpt>
      <trkpt lat="3.90726347453892230987548828125" lon="11.49185839109122753143310546875">
        <ele>786.5999755859375</ele>
        <time>2026-06-13T06:00:43.000Z</time>
        <extensions>
          <ns3:TrackPointExtension>
            <ns3:hr>191</ns3:hr>
            <ns3:cad>60</ns3:cad>
          </ns3:TrackPointExtension>
        </extensions>
      </trkpt>
      <trkpt lat="3.90739087946712970733642578125" lon="11.49182192981243133544921875">
        <ele>787.79998779296875</ele>
        <time>2026-06-13T06:00:53.000Z</time>
        <extensions>
          <ns3:TrackPointExtension>
            <ns3:hr>188</ns3:hr>
            <ns3:cad>60</ns3:cad>
          </ns3:TrackPointExtension>
        </extensions>
      </trkpt>
      <trkpt lat="3.90742021612823009490966796875" lon="11.49181597866117954254150390625">
        <ele>788.20001220703125</ele>
        <time>2026-06-13T06:00:56.000Z</time>
        <extensions>
          <ns3:TrackPointExtension>
            <ns3:hr>192</ns3:hr>
            <ns3:cad>60</ns3:cad>
          </ns3:TrackPointExtension>
        </extensions>
      </trkpt>
      <trkpt lat="3.90752364881336688995361328125" lon="11.49183492176234722137451171875">
        <ele>790.20001220703125</ele>
        <time>2026-06-13T06:01:05.000Z</time>
        <extensions>
          <ns3:TrackPointExtension>
            <ns3:hr>191</ns3:hr>
            <ns3:cad>61</ns3:cad>
          </ns3:TrackPointExtension>
        </extensions>
      </trkpt>
      <trkpt lat="3.90755449421703815460205078125" lon="11.4918676950037479400634765625">
        <ele>791.20001220703125</ele>
        <time>2026-06-13T06:01:08.000Z</time>
        <extensions>
          <ns3:TrackPointExtension>
            <ns3:hr>187</ns3:hr>
            <ns3:cad>60</ns3:cad>
          </ns3:TrackPointExtension>
        </extensions>
      </trkpt>
      <trkpt lat="3.90765063464641571044921875" lon="11.4919277094304561614990234375">
        <ele>793.4000244140625</ele>
        <time>2026-06-13T06:01:16.000Z</time>
        <extensions>
          <ns3:TrackPointExtension>
            <ns3:hr>190</ns3:hr>
            <ns3:cad>61</ns3:cad>
          </ns3:TrackPointExtension>
        </extensions>
      </trkpt>
      <trkpt lat="3.9077510498464107513427734375" lon="11.4919971115887165069580078125">
        <ele>794.79998779296875</ele>
        <time>2026-06-13T06:01:25.000Z</time>
        <extensions>
          <ns3:TrackPointExtension>
            <ns3:hr>187</ns3:hr>
            <ns3:cad>60</ns3:cad>
          </ns3:TrackPointExtension>
        </extensions>
      </trkpt>
      <trkpt lat="3.9078020118176937103271484375" lon="11.4920467324554920196533203125">
        <ele>795.4000244140625</ele>
        <time>2026-06-13T06:01:30.000Z</time>
        <extensions>
          <ns3:TrackPointExtension>
            <ns3:hr>190</ns3:hr>
            <ns3:cad>61</ns3:cad>
          </ns3:TrackPointExtension>
        </extensions>
      </trkpt>
      <trkpt lat="3.90792614780366420745849609375" lon="11.49218528531491756439208984375">
        <ele>796.4000244140625</ele>
        <time>2026-06-13T06:01:43.000Z</time>
        <extensions>
          <ns3:TrackPointExtension>
            <ns3:hr>188</ns3:hr>
            <ns3:cad>64</ns3:cad>
          </ns3:TrackPointExtension>
        </extensions>
      </trkpt>
      <trkpt lat="3.90799119137227535247802734375" lon="11.4922364987432956695556640625">
        <ele>796.79998779296875</ele>
        <time>2026-06-13T06:01:49.000Z</time>
        <extensions>
          <ns3:TrackPointExtension>
            <ns3:hr>185</ns3:hr>
            <ns3:cad>64</ns3:cad>
          </ns3:TrackPointExtension>
        </extensions>
      </trkpt>
      <trkpt lat="3.90801097266376018524169921875" lon="11.49225753732025623321533203125">
        <ele>796.79998779296875</ele>
        <time>2026-06-13T06:01:51.000Z</time>
        <extensions>
          <ns3:TrackPointExtension>
            <ns3:hr>188</ns3:hr>
            <ns3:cad>60</ns3:cad>
          </ns3:TrackPointExtension>
        </extensions>
      </trkpt>
      <trkpt lat="3.9081443287432193756103515625" lon="11.49238921701908111572265625">
        <ele>797.79998779296875</ele>
        <time>2026-06-13T06:02:04.000Z</time>
        <extensions>
          <ns3:TrackPointExtension>
            <ns3:hr>186</ns3:hr>
            <ns3:cad>60</ns3:cad>
          </ns3:TrackPointExtension>
        </extensions>
      </trkpt>
      <trkpt lat="3.90827114693820476531982421875" lon="11.49251796305179595947265625">
        <ele>799.20001220703125</ele>
        <time>2026-06-13T06:02:16.000Z</time>
        <extensions>
          <ns3:TrackPointExtension>
            <ns3:hr>184</ns3:hr>
            <ns3:cad>60</ns3:cad>
          </ns3:TrackPointExtension>
        </extensions>
      </trkpt>
      <trkpt lat="3.9084038324654102325439453125" lon="11.49264536798000335693359375">
        <ele>801</ele>
        <time>2026-06-13T06:02:29.000Z</time>
        <extensions>
          <ns3:TrackPointExtension>
            <ns3:hr>182</ns3:hr>
            <ns3:cad>61</ns3:cad>
          </ns3:TrackPointExtension>
        </extensions>
      </trkpt>
      <trkpt lat="3.9084219373762607574462890625" lon="11.492666490375995635986328125">
        <ele>801.4000244140625</ele>
        <time>2026-06-13T06:02:30.000Z</time>
        <extensions>
          <ns3:TrackPointExtension>
            <ns3:hr>179</ns3:hr>
            <ns3:cad>60</ns3:cad>
          </ns3:TrackPointExtension>
        </extensions>
      </trkpt>
      <trkpt lat="3.9084313251078128814697265625" lon="11.49267612956464290618896484375">
        <ele>801.4000244140625</ele>
        <time>2026-06-13T06:02:32.000Z</time>
        <extensions>
          <ns3:TrackPointExtension>
            <ns3:hr>174</ns3:hr>
            <ns3:cad>60</ns3:cad>
          </ns3:TrackPointExtension>
        </extensions>
      </trkpt>
      <trkpt lat="3.90844029374420642852783203125" lon="11.49268694221973419189453125">
        <ele>801.5999755859375</ele>
        <time>2026-06-13T06:02:33.000Z</time>
        <extensions>
          <ns3:TrackPointExtension>
            <ns3:hr>174</ns3:hr>
            <ns3:cad>60</ns3:cad>
          </ns3:TrackPointExtension>
        </extensions>
      </trkpt>
      <trkpt lat="3.90845739282667636871337890625" lon="11.49270814843475818634033203125">
        <ele>801.79998779296875</ele>
        <time>2026-06-13T06:02:35.000Z</time>
        <extensions>
          <ns3:TrackPointExtension>
            <ns3:hr>183</ns3:hr>
            <ns3:cad>60</ns3:cad>
          </ns3:TrackPointExtension>
        </extensions>
      </trkpt>
      <trkpt lat="3.90850894153118133544921875" lon="11.4927658997476100921630859375">
        <ele>802.5999755859375</ele>
        <time>2026-06-13T06:02:41.000Z</time>
        <extensions>
          <ns3:TrackPointExtension>
            <ns3:hr>180</ns3:hr>
            <ns3:cad>60</ns3:cad>
          </ns3:TrackPointExtension>
        </extensions>
      </trkpt>
      <trkpt lat="3.90852645970880985260009765625" lon="11.4927828311920166015625">
        <ele>802.79998779296875</ele>
        <time>2026-06-13T06:02:43.000Z</time>
        <extensions>
          <ns3:TrackPointExtension>
            <ns3:hr>183</ns3:hr>
            <ns3:cad>60</ns3:cad>
          </ns3:TrackPointExtension>
        </extensions>
      </trkpt>
      <trkpt lat="3.90853567980229854583740234375" lon="11.49279154837131500244140625">
        <ele>803</ele>
        <time>2026-06-13T06:02:44.000Z</time>
        <extensions>
          <ns3:TrackPointExtension>
            <ns3:hr>186</ns3:hr>
            <ns3:cad>60</ns3:cad>
          </ns3:TrackPointExtension>
        </extensions>
      </trkpt>
      <trkpt lat="3.908544480800628662109375" lon="11.49279967881739139556884765625">
        <ele>803.20001220703125</ele>
        <time>2026-06-13T06:02:45.000Z</time>
        <extensions>
          <ns3:TrackPointExtension>
            <ns3:hr>186</ns3:hr>
            <ns3:cad>60</ns3:cad>
          </ns3:TrackPointExtension>
        </extensions>
      </trkpt>
      <trkpt lat="3.90855445526540279388427734375" lon="11.49280521087348461151123046875">
        <ele>803.20001220703125</ele>
        <time>2026-06-13T06:02:46.000Z</time>
        <extensions>
          <ns3:TrackPointExtension>
            <ns3:hr>183</ns3:hr>
            <ns3:cad>60</ns3:cad>
          </ns3:TrackPointExtension>
        </extensions>
      </trkpt>
      <trkpt lat="3.90862385742366313934326171875" lon="11.492868326604366302490234375">
        <ele>804.20001220703125</ele>
        <time>2026-06-13T06:02:53.000Z</time>
        <extensions>
          <ns3:TrackPointExtension>
            <ns3:hr>186</ns3:hr>
            <ns3:cad>60</ns3:cad>
          </ns3:TrackPointExtension>
        </extensions>
      </trkpt>
      <trkpt lat="3.9087629131972789764404296875" lon="11.49300101213157176971435546875">
        <ele>806.4000244140625</ele>
        <time>2026-06-13T06:03:06.000Z</time>
        <extensions>
          <ns3:TrackPointExtension>
            <ns3:hr>186</ns3:hr>
            <ns3:cad>60</ns3:cad>
          </ns3:TrackPointExtension>
        </extensions>
      </trkpt>
      <trkpt lat="3.90879149548709392547607421875" lon="11.49303504265844821929931640625">
        <ele>806.79998779296875</ele>
        <time>2026-06-13T06:03:09.000Z</time>
        <extensions>
          <ns3:TrackPointExtension>
            <ns3:hr>183</ns3:hr>
            <ns3:cad>60</ns3:cad>
          </ns3:TrackPointExtension>
        </extensions>
      </trkpt>
      <trkpt lat="3.90882686711847782135009765625" lon="11.49307007901370525360107421875">
        <ele>807.4000244140625</ele>
        <time>2026-06-13T06:03:13.000Z</time>
        <extensions>
          <ns3:TrackPointExtension>
            <ns3:hr>186</ns3:hr>
            <ns3:cad>60</ns3:cad>
          </ns3:TrackPointExtension>
        </extensions>
      </trkpt>
      <trkpt lat="3.90895008109509944915771484375" lon="11.4932128228247165679931640625">
        <ele>808</ele>
        <time>2026-06-13T06:03:25.000Z</time>
        <extensions>
          <ns3:TrackPointExtension>
            <ns3:hr>186</ns3:hr>
            <ns3:cad>63</ns3:cad>
          </ns3:TrackPointExtension>
        </extensions>
      </trkpt>
      <trkpt lat="3.90903473831713199615478515625" lon="11.4932731725275516510009765625">
        <ele>808.79998779296875</ele>
        <time>2026-06-13T06:03:33.000Z</time>
        <extensions>
          <ns3:TrackPointExtension>
            <ns3:hr>186</ns3:hr>
            <ns3:cad>60</ns3:cad>
          </ns3:TrackPointExtension>
        </extensions>
      </trkpt>
      <trkpt lat="3.90911201946437358856201171875" lon="11.493337042629718780517578125">
        <ele>809.4000244140625</ele>
        <time>2026-06-13T06:03:39.000Z</time>
        <extensions>
          <ns3:TrackPointExtension>
            <ns3:hr>183</ns3:hr>
            <ns3:cad>60</ns3:cad>
          </ns3:TrackPointExtension>
        </extensions>
      </trkpt>
      <trkpt lat="3.90915946103632450103759765625" lon="11.4933841489255428314208984375">
        <ele>809</ele>
        <time>2026-06-13T06:03:43.000Z</time>
        <extensions>
          <ns3:TrackPointExtension>
            <ns3:hr>179</ns3:hr>
            <ns3:cad>63</ns3:cad>
          </ns3:TrackPointExtension>
        </extensions>
      </trkpt>
      <trkpt lat="3.909179829061031341552734375" lon="11.4934136532247066497802734375">
        <ele>808.4000244140625</ele>
        <time>2026-06-13T06:03:45.000Z</time>
        <extensions>
          <ns3:TrackPointExtension>
            <ns3:hr>175</ns3:hr>
            <ns3:cad>63</ns3:cad>
          </ns3:TrackPointExtension>
        </extensions>
      </trkpt>
      <trkpt lat="3.90919080935418605804443359375" lon="11.49342714808881282806396484375">
        <ele>808.4000244140625</ele>
        <time>2026-06-13T06:03:46.000Z</time>
        <extensions>
          <ns3:TrackPointExtension>
            <ns3:hr>169</ns3:hr>
            <ns3:cad>64</ns3:cad>
          </ns3:TrackPointExtension>
        </extensions>
      </trkpt>
      <trkpt lat="3.909200616180896759033203125" lon="11.493437625467777252197265625">
        <ele>808.20001220703125</ele>
        <time>2026-06-13T06:03:47.000Z</time>
        <extensions>
          <ns3:TrackPointExtension>
            <ns3:hr>165</ns3:hr>
            <ns3:cad>64</ns3:cad>
          </ns3:TrackPointExtension>
        </extensions>
      </trkpt>
      <trkpt lat="3.90921109355986118316650390625" lon="11.493446342647075653076171875">
        <ele>808.20001220703125</ele>
        <time>2026-06-13T06:03:48.000Z</time>
        <extensions>
          <ns3:TrackPointExtension>
            <ns3:hr>158</ns3:hr>
            <ns3:cad>64</ns3:cad>
          </ns3:TrackPointExtension>
        </extensions>
      </trkpt>
      <trkpt lat="3.90922106802463531494140625" lon="11.4934542216360569000244140625">
        <ele>808</ele>
        <time>2026-06-13T06:03:49.000Z</time>
        <extensions>
          <ns3:TrackPointExtension>
            <ns3:hr>159</ns3:hr>
            <ns3:cad>60</ns3:cad>
          </ns3:TrackPointExtension>
        </extensions>
      </trkpt>
      <trkpt lat="3.9092403464019298553466796875" lon="11.49347006343305110931396484375">
        <ele>808</ele>
        <time>2026-06-13T06:03:51.000Z</time>
        <extensions>
          <ns3:TrackPointExtension>
            <ns3:hr>162</ns3:hr>
            <ns3:cad>60</ns3:cad>
          </ns3:TrackPointExtension>
        </extensions>
      </trkpt>
      <trkpt lat="3.90926004387438297271728515625" lon="11.493481211364269256591796875">
        <ele>808</ele>
        <time>2026-06-13T06:03:53.000Z</time>
        <extensions>
          <ns3:TrackPointExtension>
            <ns3:hr>165</ns3:hr>
            <ns3:cad>59</ns3:cad>
          </ns3:TrackPointExtension>
        </extensions>
      </trkpt>
      <trkpt lat="3.90931435860693454742431640625" lon="11.493518091738224029541015625">
        <ele>807.79998779296875</ele>
        <time>2026-06-13T06:03:58.000Z</time>
        <extensions>
          <ns3:TrackPointExtension>
            <ns3:hr>168</ns3:hr>
            <ns3:cad>60</ns3:cad>
          </ns3:TrackPointExtension>
        </extensions>
      </trkpt>
      <trkpt lat="3.90936397947371006011962890625" lon="11.49354298599064350128173828125">
        <ele>807.79998779296875</ele>
        <time>2026-06-13T06:04:02.000Z</time>
        <extensions>
          <ns3:TrackPointExtension>
            <ns3:hr>165</ns3:hr>
            <ns3:cad>59</ns3:cad>
          </ns3:TrackPointExtension>
        </extensions>
      </trkpt>
      <trkpt lat="3.90938929282128810882568359375" lon="11.49358388967812061309814453125">
        <ele>807.20001220703125</ele>
        <time>2026-06-13T06:04:05.000Z</time>
        <extensions>
          <ns3:TrackPointExtension>
            <ns3:hr>162</ns3:hr>
            <ns3:cad>58</ns3:cad>
          </ns3:TrackPointExtension>
        </extensions>
      </trkpt>
      <trkpt lat="3.9093939028680324554443359375" lon="11.4936265535652637481689453125">
        <ele>806.20001220703125</ele>
        <time>2026-06-13T06:04:07.000Z</time>
        <extensions>
          <ns3:TrackPointExtension>
            <ns3:hr>160</ns3:hr>
            <ns3:cad>58</ns3:cad>
          </ns3:TrackPointExtension>
        </extensions>
      </trkpt>
      <trkpt lat="3.909293822944164276123046875" lon="11.4937311597168445587158203125">
        <ele>801.5999755859375</ele>
        <time>2026-06-13T06:04:14.000Z</time>
        <extensions>
          <ns3:TrackPointExtension>
            <ns3:hr>152</ns3:hr>
            <ns3:cad>83</ns3:cad>
          </ns3:TrackPointExtension>
        </extensions>
      </trkpt>
      <trkpt lat="3.90926457010209560394287109375" lon="11.49375856854021549224853515625">
        <ele>800.5999755859375</ele>
        <time>2026-06-13T06:04:17.000Z</time>
        <extensions>
          <ns3:TrackPointExtension>
            <ns3:hr>148</ns3:hr>
            <ns3:cad>69</ns3:cad>
          </ns3:TrackPointExtension>
        </extensions>
      </trkpt>
      <trkpt lat="3.9092312939465045928955078125" lon="11.4937757514417171478271484375">
        <ele>799.5999755859375</ele>
        <time>2026-06-13T06:04:19.000Z</time>
        <extensions>
          <ns3:TrackPointExtension>
            <ns3:hr>155</ns3:hr>
            <ns3:cad>67</ns3:cad>
          </ns3:TrackPointExtension>
        </extensions>
      </trkpt>
      <trkpt lat="3.90921109355986118316650390625" lon="11.49378673173487186431884765625">
        <ele>799.20001220703125</ele>
        <time>2026-06-13T06:04:20.000Z</time>
        <extensions>
          <ns3:TrackPointExtension>
            <ns3:hr>160</ns3:hr>
            <ns3:cad>67</ns3:cad>
          </ns3:TrackPointExtension>
        </extensions>
      </trkpt>
      <trkpt lat="3.90918963588774204254150390625" lon="11.4937982149422168731689453125">
        <ele>798.5999755859375</ele>
        <time>2026-06-13T06:04:21.000Z</time>
        <extensions>
          <ns3:TrackPointExtension>
            <ns3:hr>160</ns3:hr>
            <ns3:cad>67</ns3:cad>
          </ns3:TrackPointExtension>
        </extensions>
      </trkpt>
      <trkpt lat="3.909166418015956878662109375" lon="11.49381003342568874359130859375">
        <ele>798.4000244140625</ele>
        <time>2026-06-13T06:04:22.000Z</time>
        <extensions>
          <ns3:TrackPointExtension>
            <ns3:hr>164</ns3:hr>
            <ns3:cad>79</ns3:cad>
          </ns3:TrackPointExtension>
        </extensions>
      </trkpt>
      <trkpt lat="3.9091050624847412109375" lon="11.49385110475122928619384765625">
        <ele>797.5999755859375</ele>
        <time>2026-06-13T06:04:25.000Z</time>
        <extensions>
          <ns3:TrackPointExtension>
            <ns3:hr>172</ns3:hr>
            <ns3:cad>80</ns3:cad>
          </ns3:TrackPointExtension>
        </extensions>
      </trkpt>
      <trkpt lat="3.90905485488474369049072265625" lon="11.4938790164887905120849609375">
        <ele>797.20001220703125</ele>
        <time>2026-06-13T06:04:28.000Z</time>
        <extensions>
          <ns3:TrackPointExtension>
            <ns3:hr>175</ns3:hr>
            <ns3:cad>80</ns3:cad>
          </ns3:TrackPointExtension>
        </extensions>
      </trkpt>
      <trkpt lat="3.9089979417622089385986328125" lon="11.49391815997660160064697265625">
        <ele>795.79998779296875</ele>
        <time>2026-06-13T06:04:33.000Z</time>
        <extensions>
          <ns3:TrackPointExtension>
            <ns3:hr>178</ns3:hr>
            <ns3:cad>63</ns3:cad>
          </ns3:TrackPointExtension>
        </extensions>
      </trkpt>
      <trkpt lat="3.90895552933216094970703125" lon="11.49393861182034015655517578125">
        <ele>795.20001220703125</ele>
        <time>2026-06-13T06:04:36.000Z</time>
        <extensions>
          <ns3:TrackPointExtension>
            <ns3:hr>172</ns3:hr>
            <ns3:cad>64</ns3:cad>
          </ns3:TrackPointExtension>
        </extensions>
      </trkpt>
      <trkpt lat="3.90894102863967418670654296875" lon="11.49394179694354534149169921875">
        <ele>795</ele>
        <time>2026-06-13T06:04:37.000Z</time>
        <extensions>
          <ns3:TrackPointExtension>
            <ns3:hr>168</ns3:hr>
            <ns3:cad>64</ns3:cad>
          </ns3:TrackPointExtension>
        </extensions>
      </trkpt>
      <trkpt lat="3.90885704196989536285400390625" lon="11.49396057240664958953857421875">
        <ele>794.4000244140625</ele>
        <time>2026-06-13T06:04:43.000Z</time>
        <extensions>
          <ns3:TrackPointExtension>
            <ns3:hr>171</ns3:hr>
            <ns3:cad>64</ns3:cad>
          </ns3:TrackPointExtension>
        </extensions>
      </trkpt>
      <trkpt lat="3.908780179917812347412109375" lon="11.49397297762334346771240234375">
        <ele>793.5999755859375</ele>
        <time>2026-06-13T06:04:47.000Z</time>
        <extensions>
          <ns3:TrackPointExtension>
            <ns3:hr>168</ns3:hr>
            <ns3:cad>63</ns3:cad>
          </ns3:TrackPointExtension>
        </extensions>
      </trkpt>
      <trkpt lat="3.9086693711578845977783203125" lon="11.493996195495128631591796875">
        <ele>792.20001220703125</ele>
        <time>2026-06-13T06:04:53.000Z</time>
        <extensions>
          <ns3:TrackPointExtension>
            <ns3:hr>165</ns3:hr>
            <ns3:cad>64</ns3:cad>
          </ns3:TrackPointExtension>
        </extensions>
      </trkpt>
      <trkpt lat="3.9084827899932861328125" lon="11.49399410001933574676513671875">
        <ele>793.20001220703125</ele>
        <time>2026-06-13T06:05:06.000Z</time>
        <extensions>
          <ns3:TrackPointExtension>
            <ns3:hr>163</ns3:hr>
            <ns3:cad>60</ns3:cad>
          </ns3:TrackPointExtension>
        </extensions>
      </trkpt>
      <trkpt lat="3.9082948677241802215576171875" lon="11.49401865899562835693359375">
        <ele>791.20001220703125</ele>
        <time>2026-06-13T06:05:17.000Z</time>
        <extensions>
          <ns3:TrackPointExtension>
            <ns3:hr>163</ns3:hr>
            <ns3:cad>125</ns3:cad>
          </ns3:TrackPointExtension>
        </extensions>
      </trkpt>
      <trkpt lat="3.90809915028512477874755859375" lon="11.49403450079262256622314453125">
        <ele>790.5999755859375</ele>
        <time>2026-06-13T06:05:30.000Z</time>
        <extensions>
          <ns3:TrackPointExtension>
            <ns3:hr>162</ns3:hr>
            <ns3:cad>66</ns3:cad>
          </ns3:TrackPointExtension>
        </extensions>
      </trkpt>
      <trkpt lat="3.90791709534823894500732421875" lon="11.49403466843068599700927734375">
        <ele>789.5999755859375</ele>
        <time>2026-06-13T06:05:42.000Z</time>
        <extensions>
          <ns3:TrackPointExtension>
            <ns3:hr>161</ns3:hr>
            <ns3:cad>65</ns3:cad>
          </ns3:TrackPointExtension>
        </extensions>
      </trkpt>
      <trkpt lat="3.90787904150784015655517578125" lon="11.49403148330748081207275390625">
        <ele>789.4000244140625</ele>
        <time>2026-06-13T06:05:45.000Z</time>
        <extensions>
          <ns3:TrackPointExtension>
            <ns3:hr>158</ns3:hr>
            <ns3:cad>64</ns3:cad>
          </ns3:TrackPointExtension>
        </extensions>
      </trkpt>
      <trkpt lat="3.90785205177962779998779296875" lon="11.49403265677392482757568359375">
        <ele>789.20001220703125</ele>
        <time>2026-06-13T06:05:47.000Z</time>
        <extensions>
          <ns3:TrackPointExtension>
            <ns3:hr>161</ns3:hr>
            <ns3:cad>64</ns3:cad>
          </ns3:TrackPointExtension>
        </extensions>
      </trkpt>
      <trkpt lat="3.9077953062951564788818359375" lon="11.49403148330748081207275390625">
        <ele>789</ele>
        <time>2026-06-13T06:05:51.000Z</time>
        <extensions>
          <ns3:TrackPointExtension>
            <ns3:hr>158</ns3:hr>
            <ns3:cad>65</ns3:cad>
          </ns3:TrackPointExtension>
        </extensions>
      </trkpt>
      <trkpt lat="3.90770469792187213897705078125" lon="11.49403986521065235137939453125">
        <ele>789</ele>
        <time>2026-06-13T06:05:56.000Z</time>
        <extensions>
          <ns3:TrackPointExtension>
            <ns3:hr>155</ns3:hr>
            <ns3:cad>63</ns3:cad>
          </ns3:TrackPointExtension>
        </extensions>
      </trkpt>
      <trkpt lat="3.9075257442891597747802734375" lon="11.494090072810649871826171875">
        <ele>788.20001220703125</ele>
        <time>2026-06-13T06:06:07.000Z</time>
        <extensions>
          <ns3:TrackPointExtension>
            <ns3:hr>153</ns3:hr>
            <ns3:cad>64</ns3:cad>
          </ns3:TrackPointExtension>
        </extensions>
      </trkpt>
      <trkpt lat="3.9074358902871608734130859375" lon="11.49425410665571689605712890625">
        <ele>785.20001220703125</ele>
        <time>2026-06-13T06:06:16.000Z</time>
        <extensions>
          <ns3:TrackPointExtension>
            <ns3:hr>153</ns3:hr>
            <ns3:cad>80</ns3:cad>
          </ns3:TrackPointExtension>
        </extensions>
      </trkpt>
      <trkpt lat="3.907424323260784149169921875" lon="11.49427355267107486724853515625">
        <ele>784.79998779296875</ele>
        <time>2026-06-13T06:06:17.000Z</time>
        <extensions>
          <ns3:TrackPointExtension>
            <ns3:hr>158</ns3:hr>
            <ns3:cad>80</ns3:cad>
          </ns3:TrackPointExtension>
        </extensions>
      </trkpt>
      <trkpt lat="3.907326757907867431640625" lon="11.494389474391937255859375">
        <ele>782.79998779296875</ele>
        <time>2026-06-13T06:06:23.000Z</time>
        <extensions>
          <ns3:TrackPointExtension>
            <ns3:hr>162</ns3:hr>
            <ns3:cad>82</ns3:cad>
          </ns3:TrackPointExtension>
        </extensions>
      </trkpt>
      <trkpt lat="3.90730798244476318359375" lon="11.49440481327474117279052734375">
        <ele>782.4000244140625</ele>
        <time>2026-06-13T06:06:24.000Z</time>
        <extensions>
          <ns3:TrackPointExtension>
            <ns3:hr>166</ns3:hr>
            <ns3:cad>82</ns3:cad>
          </ns3:TrackPointExtension>
        </extensions>
      </trkpt>
      <trkpt lat="3.90720144845545291900634765625" lon="11.49446533061563968658447265625">
        <ele>780</ele>
        <time>2026-06-13T06:06:29.000Z</time>
        <extensions>
          <ns3:TrackPointExtension>
            <ns3:hr>170</ns3:hr>
            <ns3:cad>83</ns3:cad>
          </ns3:TrackPointExtension>
        </extensions>
      </trkpt>
      <trkpt lat="3.9071322977542877197265625" lon="11.4944851957261562347412109375">
        <ele>778.79998779296875</ele>
        <time>2026-06-13T06:06:32.000Z</time>
        <extensions>
          <ns3:TrackPointExtension>
            <ns3:hr>173</ns3:hr>
            <ns3:cad>83</ns3:cad>
          </ns3:TrackPointExtension>
        </extensions>
      </trkpt>
      <trkpt lat="3.90693708322942256927490234375" lon="11.49454034864902496337890625">
        <ele>776.4000244140625</ele>
        <time>2026-06-13T06:06:40.000Z</time>
        <extensions>
          <ns3:TrackPointExtension>
            <ns3:hr>173</ns3:hr>
            <ns3:cad>84</ns3:cad>
          </ns3:TrackPointExtension>
        </extensions>
      </trkpt>
      <trkpt lat="3.90688695944845676422119140625" lon="11.494546718895435333251953125">
        <ele>776</ele>
        <time>2026-06-13T06:06:42.000Z</time>
        <extensions>
          <ns3:TrackPointExtension>
            <ns3:hr>179</ns3:hr>
            <ns3:cad>85</ns3:cad>
          </ns3:TrackPointExtension>
        </extensions>
      </trkpt>
      <trkpt lat="3.90686147846281528472900390625" lon="11.49455132894217967987060546875">
        <ele>775.5999755859375</ele>
        <time>2026-06-13T06:06:43.000Z</time>
        <extensions>
          <ns3:TrackPointExtension>
            <ns3:hr>182</ns3:hr>
            <ns3:cad>85</ns3:cad>
          </ns3:TrackPointExtension>
        </extensions>
      </trkpt>
      <trkpt lat="3.90678268857300281524658203125" lon="11.49455032311379909515380859375">
        <ele>774.79998779296875</ele>
        <time>2026-06-13T06:06:46.000Z</time>
        <extensions>
          <ns3:TrackPointExtension>
            <ns3:hr>185</ns3:hr>
            <ns3:cad>84</ns3:cad>
          </ns3:TrackPointExtension>
        </extensions>
      </trkpt>
      <trkpt lat="3.90670473687350749969482421875" lon="11.49455300532281398773193359375">
        <ele>774</ele>
        <time>2026-06-13T06:06:49.000Z</time>
        <extensions>
          <ns3:TrackPointExtension>
            <ns3:hr>180</ns3:hr>
            <ns3:cad>85</ns3:cad>
          </ns3:TrackPointExtension>
        </extensions>
      </trkpt>
      <trkpt lat="3.906678669154644012451171875" lon="11.49455535225570201873779296875">
        <ele>773.79998779296875</ele>
        <time>2026-06-13T06:06:50.000Z</time>
        <extensions>
          <ns3:TrackPointExtension>
            <ns3:hr>176</ns3:hr>
            <ns3:cad>85</ns3:cad>
          </ns3:TrackPointExtension>
        </extensions>
      </trkpt>
      <trkpt lat="3.90665310434997081756591796875" lon="11.49455920793116092681884765625">
        <ele>773.5999755859375</ele>
        <time>2026-06-13T06:06:51.000Z</time>
        <extensions>
          <ns3:TrackPointExtension>
            <ns3:hr>177</ns3:hr>
            <ns3:cad>84</ns3:cad>
          </ns3:TrackPointExtension>
        </extensions>
      </trkpt>
      <trkpt lat="3.90654623508453369140625" lon="11.494573540985584259033203125">
        <ele>772.79998779296875</ele>
        <time>2026-06-13T06:06:55.000Z</time>
        <extensions>
          <ns3:TrackPointExtension>
            <ns3:hr>173</ns3:hr>
            <ns3:cad>85</ns3:cad>
          </ns3:TrackPointExtension>
        </extensions>
      </trkpt>
      <trkpt lat="3.90649250708520412445068359375" lon="11.494579575955867767333984375">
        <ele>772.4000244140625</ele>
        <time>2026-06-13T06:06:57.000Z</time>
        <extensions>
          <ns3:TrackPointExtension>
            <ns3:hr>169</ns3:hr>
            <ns3:cad>85</ns3:cad>
          </ns3:TrackPointExtension>
        </extensions>
      </trkpt>
      <trkpt lat="3.9064179919660091400146484375" lon="11.49460078217089176177978515625">
        <ele>771.5999755859375</ele>
        <time>2026-06-13T06:07:00.000Z</time>
        <extensions>
          <ns3:TrackPointExtension>
            <ns3:hr>176</ns3:hr>
            <ns3:cad>85</ns3:cad>
          </ns3:TrackPointExtension>
        </extensions>
      </trkpt>
      <trkpt lat="3.90639829449355602264404296875" lon="11.49461167864501476287841796875">
        <ele>771.20001220703125</ele>
        <time>2026-06-13T06:07:01.000Z</time>
        <extensions>
          <ns3:TrackPointExtension>
            <ns3:hr>179</ns3:hr>
            <ns3:cad>84</ns3:cad>
          </ns3:TrackPointExtension>
        </extensions>
      </trkpt>
      <trkpt lat="3.906378261744976043701171875" lon="11.4946233294904232025146484375">
        <ele>771</ele>
        <time>2026-06-13T06:07:02.000Z</time>
        <extensions>
          <ns3:TrackPointExtension>
            <ns3:hr>179</ns3:hr>
            <ns3:cad>84</ns3:cad>
          </ns3:TrackPointExtension>
        </extensions>
      </trkpt>
      <trkpt lat="3.906336016952991485595703125" lon="11.49464839138090610504150390625">
        <ele>770.79998779296875</ele>
        <time>2026-06-13T06:07:04.000Z</time>
        <extensions>
          <ns3:TrackPointExtension>
            <ns3:hr>176</ns3:hr>
            <ns3:cad>84</ns3:cad>
          </ns3:TrackPointExtension>
        </extensions>
      </trkpt>
      <trkpt lat="3.90616410411894321441650390625" lon="11.49470907635986804962158203125">
        <ele>770</ele>
        <time>2026-06-13T06:07:12.000Z</time>
        <extensions>
          <ns3:TrackPointExtension>
            <ns3:hr>175</ns3:hr>
            <ns3:cad>84</ns3:cad>
          </ns3:TrackPointExtension>
        </extensions>
      </trkpt>
      <trkpt lat="3.90607777051627635955810546875" lon="11.4947502315044403076171875">
        <ele>769.5999755859375</ele>
        <time>2026-06-13T06:07:16.000Z</time>
        <extensions>
          <ns3:TrackPointExtension>
            <ns3:hr>178</ns3:hr>
            <ns3:cad>85</ns3:cad>
          </ns3:TrackPointExtension>
        </extensions>
      </trkpt>
      <trkpt lat="3.90591164119541645050048828125" lon="11.49485877715051174163818359375">
        <ele>768.79998779296875</ele>
        <time>2026-06-13T06:07:24.000Z</time>
        <extensions>
          <ns3:TrackPointExtension>
            <ns3:hr>178</ns3:hr>
            <ns3:cad>84</ns3:cad>
          </ns3:TrackPointExtension>
        </extensions>
      </trkpt>
      <trkpt lat="3.90575163066387176513671875" lon="11.49496304802596569061279296875">
        <ele>768.20001220703125</ele>
        <time>2026-06-13T06:07:35.000Z</time>
        <extensions>
          <ns3:TrackPointExtension>
            <ns3:hr>178</ns3:hr>
            <ns3:cad>84</ns3:cad>
          </ns3:TrackPointExtension>
        </extensions>
      </trkpt>
      <trkpt lat="3.90561073087155818939208984375" lon="11.49507855065166950225830078125">
        <ele>767.79998779296875</ele>
        <time>2026-06-13T06:07:45.000Z</time>
        <extensions>
          <ns3:TrackPointExtension>
            <ns3:hr>178</ns3:hr>
            <ns3:cad>64</ns3:cad>
          </ns3:TrackPointExtension>
        </extensions>
      </trkpt>
      <trkpt lat="3.90558558516204357147216796875" lon="11.495084501802921295166015625">
        <ele>767.79998779296875</ele>
        <time>2026-06-13T06:07:48.000Z</time>
        <extensions>
          <ns3:TrackPointExtension>
            <ns3:hr>174</ns3:hr>
            <ns3:cad>64</ns3:cad>
          </ns3:TrackPointExtension>
        </extensions>
      </trkpt>
      <trkpt lat="3.9055757783353328704833984375" lon="11.4950803108513355255126953125">
        <ele>767.5999755859375</ele>
        <time>2026-06-13T06:07:49.000Z</time>
        <extensions>
          <ns3:TrackPointExtension>
            <ns3:hr>173</ns3:hr>
            <ns3:cad>64</ns3:cad>
          </ns3:TrackPointExtension>
        </extensions>
      </trkpt>
      <trkpt lat="3.90554166398942470550537109375" lon="11.4950769580900669097900390625">
        <ele>767.5999755859375</ele>
        <time>2026-06-13T06:07:52.000Z</time>
        <extensions>
          <ns3:TrackPointExtension>
            <ns3:hr>174</ns3:hr>
            <ns3:cad>64</ns3:cad>
          </ns3:TrackPointExtension>
        </extensions>
      </trkpt>
      <trkpt lat="3.9053474552929401397705078125" lon="11.49507737718522548675537109375">
        <ele>767.20001220703125</ele>
        <time>2026-06-13T06:08:02.000Z</time>
        <extensions>
          <ns3:TrackPointExtension>
            <ns3:hr>173</ns3:hr>
            <ns3:cad>64</ns3:cad>
          </ns3:TrackPointExtension>
        </extensions>
      </trkpt>
      <trkpt lat="3.90531719662249088287353515625" lon="11.49507000111043453216552734375">
        <ele>767.20001220703125</ele>
        <time>2026-06-13T06:08:04.000Z</time>
        <extensions>
          <ns3:TrackPointExtension>
            <ns3:hr>173</ns3:hr>
            <ns3:cad>64</ns3:cad>
          </ns3:TrackPointExtension>
        </extensions>
      </trkpt>
      <trkpt lat="3.90513338148593902587890625" lon="11.4950457774102687835693359375">
        <ele>767.20001220703125</ele>
        <time>2026-06-13T06:08:15.000Z</time>
        <extensions>
          <ns3:TrackPointExtension>
            <ns3:hr>172</ns3:hr>
            <ns3:cad>60</ns3:cad>
          </ns3:TrackPointExtension>
        </extensions>
      </trkpt>
      <trkpt lat="3.90494562685489654541015625" lon="11.494995988905429840087890625">
        <ele>766.4000244140625</ele>
        <time>2026-06-13T06:08:27.000Z</time>
        <extensions>
          <ns3:TrackPointExtension>
            <ns3:hr>173</ns3:hr>
            <ns3:cad>60</ns3:cad>
          </ns3:TrackPointExtension>
        </extensions>
      </trkpt>
      <trkpt lat="3.90476063825190067291259765625" lon="11.494965814054012298583984375">
        <ele>766</ele>
        <time>2026-06-13T06:08:40.000Z</time>
        <extensions>
          <ns3:TrackPointExtension>
            <ns3:hr>173</ns3:hr>
            <ns3:cad>60</ns3:cad>
          </ns3:TrackPointExtension>
        </extensions>
      </trkpt>
      <trkpt lat="3.904580511152744293212890625" lon="11.4949203841388225555419921875">
        <ele>766</ele>
        <time>2026-06-13T06:08:52.000Z</time>
        <extensions>
          <ns3:TrackPointExtension>
            <ns3:hr>173</ns3:hr>
            <ns3:cad>60</ns3:cad>
          </ns3:TrackPointExtension>
        </extensions>
      </trkpt>
      <trkpt lat="3.9044179022312164306640625" lon="11.49487269110977649688720703125">
        <ele>767.79998779296875</ele>
        <time>2026-06-13T06:09:03.000Z</time>
        <extensions>
          <ns3:TrackPointExtension>
            <ns3:hr>176</ns3:hr>
            <ns3:cad>63</ns3:cad>
          </ns3:TrackPointExtension>
        </extensions>
      </trkpt>
      <trkpt lat="3.904225118458271026611328125" lon="11.49488224647939205169677734375">
        <ele>768.79998779296875</ele>
        <time>2026-06-13T06:09:15.000Z</time>
        <extensions>
          <ns3:TrackPointExtension>
            <ns3:hr>177</ns3:hr>
            <ns3:cad>60</ns3:cad>
          </ns3:TrackPointExtension>
        </extensions>
      </trkpt>
      <trkpt lat="3.90403845347464084625244140625" lon="11.4949052967131137847900390625">
        <ele>770.5999755859375</ele>
        <time>2026-06-13T06:09:27.000Z</time>
        <extensions>
          <ns3:TrackPointExtension>
            <ns3:hr>180</ns3:hr>
            <ns3:cad>60</ns3:cad>
          </ns3:TrackPointExtension>
        </extensions>
      </trkpt>
      <trkpt lat="3.903855644166469573974609375" lon="11.4949280954897403717041015625">
        <ele>770.5999755859375</ele>
        <time>2026-06-13T06:09:39.000Z</time>
        <extensions>
          <ns3:TrackPointExtension>
            <ns3:hr>181</ns3:hr>
            <ns3:cad>60</ns3:cad>
          </ns3:TrackPointExtension>
        </extensions>
      </trkpt>
      <trkpt lat="3.90368054620921611785888671875" lon="11.49499364197254180908203125">
        <ele>770.5999755859375</ele>
        <time>2026-06-13T06:09:52.000Z</time>
        <extensions>
          <ns3:TrackPointExtension>
            <ns3:hr>182</ns3:hr>
            <ns3:cad>0</ns3:cad>
          </ns3:TrackPointExtension>
        </extensions>
      </trkpt>
      <trkpt lat="3.9035758562386035919189453125" lon="11.49502323009073734283447265625">
        <ele>771.5999755859375</ele>
        <time>2026-06-13T06:09:59.000Z</time>
        <extensions>
          <ns3:TrackPointExtension>
            <ns3:hr>182</ns3:hr>
            <ns3:cad>60</ns3:cad>
          </ns3:TrackPointExtension>
        </extensions>
      </trkpt>
      <trkpt lat="3.9035488665103912353515625" lon="11.49503479711711406707763671875">
        <ele>771.79998779296875</ele>
        <time>2026-06-13T06:10:01.000Z</time>
        <extensions>
          <ns3:TrackPointExtension>
            <ns3:hr>181</ns3:hr>
            <ns3:cad>60</ns3:cad>
          </ns3:TrackPointExtension>
        </extensions>
      </trkpt>
      <trkpt lat="3.9034447632730007171630859375" lon="11.4951084740459918975830078125">
        <ele>771.79998779296875</ele>
        <time>2026-06-13T06:10:11.000Z</time>
        <extensions>
          <ns3:TrackPointExtension>
            <ns3:hr>181</ns3:hr>
            <ns3:cad>60</ns3:cad>
          </ns3:TrackPointExtension>
        </extensions>
      </trkpt>
      <trkpt lat="3.90340209938585758209228515625" lon="11.49511358700692653656005859375">
        <ele>772.20001220703125</ele>
        <time>2026-06-13T06:10:14.000Z</time>
        <extensions>
          <ns3:TrackPointExtension>
            <ns3:hr>179</ns3:hr>
            <ns3:cad>60</ns3:cad>
          </ns3:TrackPointExtension>
        </extensions>
      </trkpt>
      <trkpt lat="3.9032653905451297760009765625" lon="11.49517125450074672698974609375">
        <ele>772.5999755859375</ele>
        <time>2026-06-13T06:10:22.000Z</time>
        <extensions>
          <ns3:TrackPointExtension>
            <ns3:hr>178</ns3:hr>
            <ns3:cad>64</ns3:cad>
          </ns3:TrackPointExtension>
        </extensions>
      </trkpt>
      <trkpt lat="3.90313957817852497100830078125" lon="11.49526462890207767486572265625">
        <ele>771.4000244140625</ele>
        <time>2026-06-13T06:10:33.000Z</time>
        <extensions>
          <ns3:TrackPointExtension>
            <ns3:hr>181</ns3:hr>
            <ns3:cad>64</ns3:cad>
          </ns3:TrackPointExtension>
        </extensions>
      </trkpt>
      <trkpt lat="3.9030139334499835968017578125" lon="11.49531173519790172576904296875">
        <ele>771.5999755859375</ele>
        <time>2026-06-13T06:10:41.000Z</time>
        <extensions>
          <ns3:TrackPointExtension>
            <ns3:hr>178</ns3:hr>
            <ns3:cad>64</ns3:cad>
          </ns3:TrackPointExtension>
        </extensions>
      </trkpt>
      <trkpt lat="3.9030021987855434417724609375" lon="11.4953146688640117645263671875">
        <ele>771.5999755859375</ele>
        <time>2026-06-13T06:10:43.000Z</time>
        <extensions>
          <ns3:TrackPointExtension>
            <ns3:hr>178</ns3:hr>
            <ns3:cad>64</ns3:cad>
          </ns3:TrackPointExtension>
        </extensions>
      </trkpt>
      <trkpt lat="3.9029140211641788482666015625" lon="11.495355404913425445556640625">
        <ele>771.20001220703125</ele>
        <time>2026-06-13T06:10:50.000Z</time>
        <extensions>
          <ns3:TrackPointExtension>
            <ns3:hr>179</ns3:hr>
            <ns3:cad>64</ns3:cad>
          </ns3:TrackPointExtension>
        </extensions>
      </trkpt>
      <trkpt lat="3.9027658291161060333251953125" lon="11.495459340512752532958984375">
        <ele>768.4000244140625</ele>
        <time>2026-06-13T06:11:00.000Z</time>
        <extensions>
          <ns3:TrackPointExtension>
            <ns3:hr>176</ns3:hr>
            <ns3:cad>65</ns3:cad>
          </ns3:TrackPointExtension>
        </extensions>
      </trkpt>
      <trkpt lat="3.90266465954482555389404296875" lon="11.49549119174480438232421875">
        <ele>768</ele>
        <time>2026-06-13T06:11:05.000Z</time>
        <extensions>
          <ns3:TrackPointExtension>
            <ns3:hr>173</ns3:hr>
            <ns3:cad>66</ns3:cad>
          </ns3:TrackPointExtension>
        </extensions>
      </trkpt>
      <trkpt lat="3.90258436091244220733642578125" lon="11.49550602771341800689697265625">
        <ele>767.4000244140625</ele>
        <time>2026-06-13T06:11:11.000Z</time>
        <extensions>
          <ns3:TrackPointExtension>
            <ns3:hr>176</ns3:hr>
            <ns3:cad>65</ns3:cad>
          </ns3:TrackPointExtension>
        </extensions>
      </trkpt>
      <trkpt lat="3.9024959318339824676513671875" lon="11.49553771130740642547607421875">
        <ele>767.20001220703125</ele>
        <time>2026-06-13T06:11:16.000Z</time>
        <extensions>
          <ns3:TrackPointExtension>
            <ns3:hr>173</ns3:hr>
            <ns3:cad>65</ns3:cad>
          </ns3:TrackPointExtension>
        </extensions>
      </trkpt>
      <trkpt lat="3.90241705812513828277587890625" lon="11.49555564858019351959228515625">
        <ele>767</ele>
        <time>2026-06-13T06:11:22.000Z</time>
        <extensions>
          <ns3:TrackPointExtension>
            <ns3:hr>171</ns3:hr>
            <ns3:cad>65</ns3:cad>
          </ns3:TrackPointExtension>
        </extensions>
      </trkpt>
      <trkpt lat="3.9023299701511859893798828125" lon="11.4955869130790233612060546875">
        <ele>766.79998779296875</ele>
        <time>2026-06-13T06:11:28.000Z</time>
        <extensions>
          <ns3:TrackPointExtension>
            <ns3:hr>168</ns3:hr>
            <ns3:cad>65</ns3:cad>
          </ns3:TrackPointExtension>
        </extensions>
      </trkpt>
      <trkpt lat="3.9021355099976062774658203125" lon="11.49566142819821834564208984375">
        <ele>764.5999755859375</ele>
        <time>2026-06-13T06:11:40.000Z</time>
        <extensions>
          <ns3:TrackPointExtension>
            <ns3:hr>169</ns3:hr>
            <ns3:cad>65</ns3:cad>
          </ns3:TrackPointExtension>
        </extensions>
      </trkpt>
      <trkpt lat="3.9019454084336757659912109375" lon="11.49571716785430908203125">
        <ele>763.20001220703125</ele>
        <time>2026-06-13T06:11:47.000Z</time>
        <extensions>
          <ns3:TrackPointExtension>
            <ns3:hr>168</ns3:hr>
            <ns3:cad>83</ns3:cad>
          </ns3:TrackPointExtension>
        </extensions>
      </trkpt>
      <trkpt lat="3.90181104652583599090576171875" lon="11.495827138423919677734375">
        <ele>761.4000244140625</ele>
        <time>2026-06-13T06:11:53.000Z</time>
        <extensions>
          <ns3:TrackPointExtension>
            <ns3:hr>162</ns3:hr>
            <ns3:cad>86</ns3:cad>
          </ns3:TrackPointExtension>
        </extensions>
      </trkpt>
      <trkpt lat="3.90179310925304889678955078125" lon="11.49584851227700710296630859375">
        <ele>761.20001220703125</ele>
        <time>2026-06-13T06:11:54.000Z</time>
        <extensions>
          <ns3:TrackPointExtension>
            <ns3:hr>163</ns3:hr>
            <ns3:cad>86</ns3:cad>
          </ns3:TrackPointExtension>
        </extensions>
      </trkpt>
      <trkpt lat="3.90172789804637432098388671875" lon="11.4959376119077205657958984375">
        <ele>760</ele>
        <time>2026-06-13T06:11:58.000Z</time>
        <extensions>
          <ns3:TrackPointExtension>
            <ns3:hr>166</ns3:hr>
            <ns3:cad>87</ns3:cad>
          </ns3:TrackPointExtension>
        </extensions>
      </trkpt>
      <trkpt lat="3.90168112702667713165283203125" lon="11.49612612091004848480224609375">
        <ele>759.4000244140625</ele>
        <time>2026-06-13T06:12:05.000Z</time>
        <extensions>
          <ns3:TrackPointExtension>
            <ns3:hr>165</ns3:hr>
            <ns3:cad>87</ns3:cad>
          </ns3:TrackPointExtension>
        </extensions>
      </trkpt>
      <trkpt lat="3.901675678789615631103515625" lon="11.49617959745228290557861328125">
        <ele>759.20001220703125</ele>
        <time>2026-06-13T06:12:09.000Z</time>
        <extensions>
          <ns3:TrackPointExtension>
            <ns3:hr>169</ns3:hr>
            <ns3:cad>87</ns3:cad>
          </ns3:TrackPointExtension>
        </extensions>
      </trkpt>
      <trkpt lat="3.901671655476093292236328125" lon="11.4962135441601276397705078125">
        <ele>759.20001220703125</ele>
        <time>2026-06-13T06:12:10.000Z</time>
        <extensions>
          <ns3:TrackPointExtension>
            <ns3:hr>172</ns3:hr>
            <ns3:cad>87</ns3:cad>
          </ns3:TrackPointExtension>
        </extensions>
      </trkpt>
      <trkpt lat="3.901671655476093292236328125" lon="11.4962135441601276397705078125">
        <ele>759.20001220703125</ele>
        <time>2026-06-13T06:12:11.000Z</time>
        <extensions>
          <ns3:TrackPointExtension>
            <ns3:hr>172</ns3:hr>
            <ns3:cad>87</ns3:cad>
          </ns3:TrackPointExtension>
        </extensions>
      </trkpt>
      <trkpt lat="3.90166956000030040740966796875" lon="11.4962450601160526275634765625">
        <ele>759.20001220703125</ele>
        <time>2026-06-13T06:12:13.000Z</time>
        <extensions>
          <ns3:TrackPointExtension>
            <ns3:hr>175</ns3:hr>
            <ns3:cad>87</ns3:cad>
          </ns3:TrackPointExtension>
        </extensions>
      </trkpt>
      <trkpt lat="3.901676349341869354248046875" lon="11.49628973565995693206787109375">
        <ele>759.20001220703125</ele>
        <time>2026-06-13T06:12:16.000Z</time>
        <extensions>
          <ns3:TrackPointExtension>
            <ns3:hr>171</ns3:hr>
            <ns3:cad>87</ns3:cad>
          </ns3:TrackPointExtension>
        </extensions>
      </trkpt>
      <trkpt lat="3.90166939236223697662353515625" lon="11.49647799320518970489501953125">
        <ele>760.20001220703125</ele>
        <time>2026-06-13T06:12:28.000Z</time>
        <extensions>
          <ns3:TrackPointExtension>
            <ns3:hr>170</ns3:hr>
            <ns3:cad>64</ns3:cad>
          </ns3:TrackPointExtension>
        </extensions>
      </trkpt>
      <trkpt lat="3.90166620723903179168701171875" lon="11.4966691844165325164794921875">
        <ele>762</ele>
        <time>2026-06-13T06:12:41.000Z</time>
        <extensions>
          <ns3:TrackPointExtension>
            <ns3:hr>169</ns3:hr>
            <ns3:cad>63</ns3:cad>
          </ns3:TrackPointExtension>
        </extensions>
      </trkpt>
      <trkpt lat="3.90166302211582660675048828125" lon="11.49674990214407444000244140625">
        <ele>761.5999755859375</ele>
        <time>2026-06-13T06:12:46.000Z</time>
        <extensions>
          <ns3:TrackPointExtension>
            <ns3:hr>166</ns3:hr>
            <ns3:cad>63</ns3:cad>
          </ns3:TrackPointExtension>
        </extensions>
      </trkpt>
      <trkpt lat="3.90163133852183818817138671875" lon="11.49687529541552066802978515625">
        <ele>761.79998779296875</ele>
        <time>2026-06-13T06:12:54.000Z</time>
        <extensions>
          <ns3:TrackPointExtension>
            <ns3:hr>163</ns3:hr>
            <ns3:cad>60</ns3:cad>
          </ns3:TrackPointExtension>
        </extensions>
      </trkpt>
      <trkpt lat="3.90150795690715312957763671875" lon="11.49693556129932403564453125">
        <ele>763</ele>
        <time>2026-06-13T06:13:02.000Z</time>
        <extensions>
          <ns3:TrackPointExtension>
            <ns3:hr>162</ns3:hr>
            <ns3:cad>62</ns3:cad>
          </ns3:TrackPointExtension>
        </extensions>
      </trkpt>
      <trkpt lat="3.9013804681599140167236328125" lon="11.49691502563655376434326171875">
        <ele>764.20001220703125</ele>
        <time>2026-06-13T06:13:10.000Z</time>
        <extensions>
          <ns3:TrackPointExtension>
            <ns3:hr>166</ns3:hr>
            <ns3:cad>60</ns3:cad>
          </ns3:TrackPointExtension>
        </extensions>
      </trkpt>
      <trkpt lat="3.90135389752686023712158203125" lon="11.49691267870366573333740234375">
        <ele>764.4000244140625</ele>
        <time>2026-06-13T06:13:11.000Z</time>
        <extensions>
          <ns3:TrackPointExtension>
            <ns3:hr>171</ns3:hr>
            <ns3:cad>60</ns3:cad>
          </ns3:TrackPointExtension>
        </extensions>
      </trkpt>
      <trkpt lat="3.90135389752686023712158203125" lon="11.49691267870366573333740234375">
        <ele>764.4000244140625</ele>
        <time>2026-06-13T06:13:12.000Z</time>
        <extensions>
          <ns3:TrackPointExtension>
            <ns3:hr>171</ns3:hr>
            <ns3:cad>60</ns3:cad>
          </ns3:TrackPointExtension>
        </extensions>
      </trkpt>
      <trkpt lat="3.901170082390308380126953125" lon="11.4969317056238651275634765625">
        <ele>766.5999755859375</ele>
        <time>2026-06-13T06:13:26.000Z</time>
        <extensions>
          <ns3:TrackPointExtension>
            <ns3:hr>173</ns3:hr>
            <ns3:cad>60</ns3:cad>
          </ns3:TrackPointExtension>
        </extensions>
      </trkpt>
      <trkpt lat="3.9010897837579250335693359375" lon="11.4969335496425628662109375">
        <ele>767.4000244140625</ele>
        <time>2026-06-13T06:13:32.000Z</time>
        <extensions>
          <ns3:TrackPointExtension>
            <ns3:hr>176</ns3:hr>
            <ns3:cad>60</ns3:cad>
          </ns3:TrackPointExtension>
        </extensions>
      </trkpt>
      <trkpt lat="3.901037983596324920654296875" lon="11.4969323761761188507080078125">
        <ele>768</ele>
        <time>2026-06-13T06:13:36.000Z</time>
        <extensions>
          <ns3:TrackPointExtension>
            <ns3:hr>179</ns3:hr>
            <ns3:cad>60</ns3:cad>
          </ns3:TrackPointExtension>
        </extensions>
      </trkpt>
      <trkpt lat="3.900916278362274169921875" lon="11.49694100953638553619384765625">
        <ele>769.20001220703125</ele>
        <time>2026-06-13T06:13:46.000Z</time>
        <extensions>
          <ns3:TrackPointExtension>
            <ns3:hr>174</ns3:hr>
            <ns3:cad>60</ns3:cad>
          </ns3:TrackPointExtension>
        </extensions>
      </trkpt>
      <trkpt lat="3.90090345405042171478271484375" lon="11.49694452993571758270263671875">
        <ele>769.20001220703125</ele>
        <time>2026-06-13T06:13:47.000Z</time>
        <extensions>
          <ns3:TrackPointExtension>
            <ns3:hr>171</ns3:hr>
            <ns3:cad>60</ns3:cad>
          </ns3:TrackPointExtension>
        </extensions>
      </trkpt>
      <trkpt lat="3.90087646432220935821533203125" lon="11.496951989829540252685546875">
        <ele>769.20001220703125</ele>
        <time>2026-06-13T06:13:49.000Z</time>
        <extensions>
          <ns3:TrackPointExtension>
            <ns3:hr>168</ns3:hr>
            <ns3:cad>61</ns3:cad>
          </ns3:TrackPointExtension>
        </extensions>
      </trkpt>
      <trkpt lat="3.90084545128047466278076171875" lon="11.49695794098079204559326171875">
        <ele>769.4000244140625</ele>
        <time>2026-06-13T06:13:51.000Z</time>
        <extensions>
          <ns3:TrackPointExtension>
            <ns3:hr>164</ns3:hr>
            <ns3:cad>62</ns3:cad>
          </ns3:TrackPointExtension>
        </extensions>
      </trkpt>
      <trkpt lat="3.90081929974257946014404296875" lon="11.49696012027561664581298828125">
        <ele>769.4000244140625</ele>
        <time>2026-06-13T06:13:53.000Z</time>
        <extensions>
          <ns3:TrackPointExtension>
            <ns3:hr>161</ns3:hr>
            <ns3:cad>62</ns3:cad>
          </ns3:TrackPointExtension>
        </extensions>
      </trkpt>
      <trkpt lat="3.900760710239410400390625" lon="11.4969732798635959625244140625">
        <ele>769.5999755859375</ele>
        <time>2026-06-13T06:13:57.000Z</time>
        <extensions>
          <ns3:TrackPointExtension>
            <ns3:hr>158</ns3:hr>
            <ns3:cad>62</ns3:cad>
          </ns3:TrackPointExtension>
        </extensions>
      </trkpt>
      <trkpt lat="3.9006827585399150848388671875" lon="11.49698920547962188720703125">
        <ele>770</ele>
        <time>2026-06-13T06:14:02.000Z</time>
        <extensions>
          <ns3:TrackPointExtension>
            <ns3:hr>155</ns3:hr>
            <ns3:cad>64</ns3:cad>
          </ns3:TrackPointExtension>
        </extensions>
      </trkpt>
      <trkpt lat="3.90064344741404056549072265625" lon="11.496990211308002471923828125">
        <ele>770.20001220703125</ele>
        <time>2026-06-13T06:14:05.000Z</time>
        <extensions>
          <ns3:TrackPointExtension>
            <ns3:hr>152</ns3:hr>
            <ns3:cad>0</ns3:cad>
          </ns3:TrackPointExtension>
        </extensions>
      </trkpt>
      <trkpt lat="3.9005868695676326751708984375" lon="11.49698727764189243316650390625">
        <ele>770.5999755859375</ele>
        <time>2026-06-13T06:14:09.000Z</time>
        <extensions>
          <ns3:TrackPointExtension>
            <ns3:hr>149</ns3:hr>
            <ns3:cad>64</ns3:cad>
          </ns3:TrackPointExtension>
        </extensions>
      </trkpt>
      <trkpt lat="3.9005134440958499908447265625" lon="11.4969979226589202880859375">
        <ele>771.20001220703125</ele>
        <time>2026-06-13T06:14:14.000Z</time>
        <extensions>
          <ns3:TrackPointExtension>
            <ns3:hr>146</ns3:hr>
            <ns3:cad>64</ns3:cad>
          </ns3:TrackPointExtension>
        </extensions>
      </trkpt>
      <trkpt lat="3.90039668418467044830322265625" lon="11.49701728485524654388427734375">
        <ele>771.79998779296875</ele>
        <time>2026-06-13T06:14:24.000Z</time>
        <extensions>
          <ns3:TrackPointExtension>
            <ns3:hr>144</ns3:hr>
            <ns3:cad>60</ns3:cad>
          </ns3:TrackPointExtension>
        </extensions>
      </trkpt>
      <trkpt lat="3.90027279965579509735107421875" lon="11.497112922370433807373046875">
        <ele>772.5999755859375</ele>
        <time>2026-06-13T06:14:36.000Z</time>
        <extensions>
          <ns3:TrackPointExtension>
            <ns3:hr>149</ns3:hr>
            <ns3:cad>60</ns3:cad>
          </ns3:TrackPointExtension>
        </extensions>
      </trkpt>
      <trkpt lat="3.90026114881038665771484375" lon="11.497116275131702423095703125">
        <ele>772.79998779296875</ele>
        <time>2026-06-13T06:14:37.000Z</time>
        <extensions>
          <ns3:TrackPointExtension>
            <ns3:hr>152</ns3:hr>
            <ns3:cad>60</ns3:cad>
          </ns3:TrackPointExtension>
        </extensions>
      </trkpt>
      <trkpt lat="3.90024832449853420257568359375" lon="11.49711820296943187713623046875">
        <ele>772.79998779296875</ele>
        <time>2026-06-13T06:14:38.000Z</time>
        <extensions>
          <ns3:TrackPointExtension>
            <ns3:hr>179</ns3:hr>
            <ns3:cad>60</ns3:cad>
          </ns3:TrackPointExtension>
        </extensions>
      </trkpt>
      <trkpt lat="3.90023524872958660125732421875" lon="11.4971184544265270233154296875">
        <ele>773</ele>
        <time>2026-06-13T06:14:39.000Z</time>
        <extensions>
          <ns3:TrackPointExtension>
            <ns3:hr>185</ns3:hr>
            <ns3:cad>60</ns3:cad>
          </ns3:TrackPointExtension>
        </extensions>
      </trkpt>
      <trkpt lat="3.9002214185893535614013671875" lon="11.49711367674171924591064453125">
        <ele>773.20001220703125</ele>
        <time>2026-06-13T06:14:40.000Z</time>
        <extensions>
          <ns3:TrackPointExtension>
            <ns3:hr>189</ns3:hr>
            <ns3:cad>61</ns3:cad>
          </ns3:TrackPointExtension>
        </extensions>
      </trkpt>
      <trkpt lat="3.90020742081105709075927734375" lon="11.49711116217076778411865234375">
        <ele>773.4000244140625</ele>
        <time>2026-06-13T06:14:41.000Z</time>
        <extensions>
          <ns3:TrackPointExtension>
            <ns3:hr>188</ns3:hr>
            <ns3:cad>61</ns3:cad>
          </ns3:TrackPointExtension>
        </extensions>
      </trkpt>
      <trkpt lat="3.90001413412392139434814453125" lon="11.49710563011467456817626953125">
        <ele>775.79998779296875</ele>
        <time>2026-06-13T06:14:54.000Z</time>
        <extensions>
          <ns3:TrackPointExtension>
            <ns3:hr>187</ns3:hr>
            <ns3:cad>60</ns3:cad>
          </ns3:TrackPointExtension>
        </extensions>
      </trkpt>
      <trkpt lat="3.90000089071691036224365234375" lon="11.49710579775273799896240234375">
        <ele>776</ele>
        <time>2026-06-13T06:14:55.000Z</time>
        <extensions>
          <ns3:TrackPointExtension>
            <ns3:hr>183</ns3:hr>
            <ns3:cad>60</ns3:cad>
          </ns3:TrackPointExtension>
        </extensions>
      </trkpt>
      <trkpt lat="3.89997088350355625152587890625" lon="11.497110240161418914794921875">
        <ele>776.5999755859375</ele>
        <time>2026-06-13T06:14:57.000Z</time>
        <extensions>
          <ns3:TrackPointExtension>
            <ns3:hr>180</ns3:hr>
            <ns3:cad>60</ns3:cad>
          </ns3:TrackPointExtension>
        </extensions>
      </trkpt>
      <trkpt lat="3.89995403587818145751953125" lon="11.49710915051400661468505859375">
        <ele>776.79998779296875</ele>
        <time>2026-06-13T06:14:58.000Z</time>
        <extensions>
          <ns3:TrackPointExtension>
            <ns3:hr>176</ns3:hr>
            <ns3:cad>60</ns3:cad>
          </ns3:TrackPointExtension>
        </extensions>
      </trkpt>
      <trkpt lat="3.89991941861808300018310546875" lon="11.49710864759981632232666015625">
        <ele>777.4000244140625</ele>
        <time>2026-06-13T06:15:00.000Z</time>
        <extensions>
          <ns3:TrackPointExtension>
            <ns3:hr>171</ns3:hr>
            <ns3:cad>60</ns3:cad>
          </ns3:TrackPointExtension>
        </extensions>
      </trkpt>
      <trkpt lat="3.8999037444591522216796875" lon="11.4971065521240234375">
        <ele>777.79998779296875</ele>
        <time>2026-06-13T06:15:01.000Z</time>
        <extensions>
          <ns3:TrackPointExtension>
            <ns3:hr>165</ns3:hr>
            <ns3:cad>60</ns3:cad>
          </ns3:TrackPointExtension>
        </extensions>
      </trkpt>
      <trkpt lat="3.8998876512050628662109375" lon="11.49710454046726226806640625">
        <ele>778</ele>
        <time>2026-06-13T06:15:02.000Z</time>
        <extensions>
          <ns3:TrackPointExtension>
            <ns3:hr>162</ns3:hr>
            <ns3:cad>62</ns3:cad>
          </ns3:TrackPointExtension>
        </extensions>
      </trkpt>
      <trkpt lat="3.89986225403845310211181640625" lon="11.49710160680115222930908203125">
        <ele>778.4000244140625</ele>
        <time>2026-06-13T06:15:04.000Z</time>
        <extensions>
          <ns3:TrackPointExtension>
            <ns3:hr>158</ns3:hr>
            <ns3:cad>63</ns3:cad>
          </ns3:TrackPointExtension>
        </extensions>
      </trkpt>
      <trkpt lat="3.8998264633119106292724609375" lon="11.497096158564090728759765625">
        <ele>779.20001220703125</ele>
        <time>2026-06-13T06:15:07.000Z</time>
        <extensions>
          <ns3:TrackPointExtension>
            <ns3:hr>155</ns3:hr>
            <ns3:cad>63</ns3:cad>
          </ns3:TrackPointExtension>
        </extensions>
      </trkpt>
      <trkpt lat="3.89978698454797267913818359375" lon="11.49709657765924930572509765625">
        <ele>779.79998779296875</ele>
        <time>2026-06-13T06:15:10.000Z</time>
        <extensions>
          <ns3:TrackPointExtension>
            <ns3:hr>152</ns3:hr>
            <ns3:cad>60</ns3:cad>
          </ns3:TrackPointExtension>
        </extensions>
      </trkpt>
      <trkpt lat="3.89969981275498867034912109375" lon="11.49710881523787975311279296875">
        <ele>781.20001220703125</ele>
        <time>2026-06-13T06:15:17.000Z</time>
        <extensions>
          <ns3:TrackPointExtension>
            <ns3:hr>149</ns3:hr>
            <ns3:cad>60</ns3:cad>
          </ns3:TrackPointExtension>
        </extensions>
      </trkpt>
      <trkpt lat="3.8996266387403011322021484375" lon="11.49712138809263706207275390625">
        <ele>782</ele>
        <time>2026-06-13T06:15:22.000Z</time>
        <extensions>
          <ns3:TrackPointExtension>
            <ns3:hr>146</ns3:hr>
            <ns3:cad>60</ns3:cad>
          </ns3:TrackPointExtension>
        </extensions>
      </trkpt>
      <trkpt lat="3.8994351960718631744384765625" lon="11.49711258709430694580078125">
        <ele>785</ele>
        <time>2026-06-13T06:15:35.000Z</time>
        <extensions>
          <ns3:TrackPointExtension>
            <ns3:hr>146</ns3:hr>
            <ns3:cad>60</ns3:cad>
          </ns3:TrackPointExtension>
        </extensions>
      </trkpt>
      <trkpt lat="3.8993641175329685211181640625" lon="11.497122310101985931396484375">
        <ele>785.79998779296875</ele>
        <time>2026-06-13T06:15:42.000Z</time>
        <extensions>
          <ns3:TrackPointExtension>
            <ns3:hr>143</ns3:hr>
            <ns3:cad>60</ns3:cad>
          </ns3:TrackPointExtension>
        </extensions>
      </trkpt>
      <trkpt lat="3.89933184720575809478759765625" lon="11.49730226956307888031005859375">
        <ele>784.79998779296875</ele>
        <time>2026-06-13T06:15:55.000Z</time>
        <extensions>
          <ns3:TrackPointExtension>
            <ns3:hr>142</ns3:hr>
            <ns3:cad>62</ns3:cad>
          </ns3:TrackPointExtension>
        </extensions>
      </trkpt>
      <trkpt lat="3.89935598708689212799072265625" lon="11.49745984934270381927490234375">
        <ele>782.79998779296875</ele>
        <time>2026-06-13T06:16:07.000Z</time>
        <extensions>
          <ns3:TrackPointExtension>
            <ns3:hr>139</ns3:hr>
            <ns3:cad>63</ns3:cad>
          </ns3:TrackPointExtension>
        </extensions>
      </trkpt>
      <trkpt lat="3.89936721883714199066162109375" lon="11.49764928035438060760498046875">
        <ele>781</ele>
        <time>2026-06-13T06:16:19.000Z</time>
        <extensions>
          <ns3:TrackPointExtension>
            <ns3:hr>138</ns3:hr>
            <ns3:cad>65</ns3:cad>
          </ns3:TrackPointExtension>
        </extensions>
      </trkpt>
      <trkpt lat="3.89937325380742549896240234375" lon="11.49772102944552898406982421875">
        <ele>780.4000244140625</ele>
        <time>2026-06-13T06:16:24.000Z</time>
        <extensions>
          <ns3:TrackPointExtension>
            <ns3:hr>143</ns3:hr>
            <ns3:cad>65</ns3:cad>
          </ns3:TrackPointExtension>
        </extensions>
      </trkpt>
      <trkpt lat="3.89937459491193294525146484375" lon="11.49773427285254001617431640625">
        <ele>780.20001220703125</ele>
        <time>2026-06-13T06:16:25.000Z</time>
        <extensions>
          <ns3:TrackPointExtension>
            <ns3:hr>148</ns3:hr>
            <ns3:cad>65</ns3:cad>
          </ns3:TrackPointExtension>
        </extensions>
      </trkpt>
      <trkpt lat="3.8993753492832183837890625" lon="11.497747264802455902099609375">
        <ele>780.20001220703125</ele>
        <time>2026-06-13T06:16:26.000Z</time>
        <extensions>
          <ns3:TrackPointExtension>
            <ns3:hr>148</ns3:hr>
            <ns3:cad>65</ns3:cad>
          </ns3:TrackPointExtension>
        </extensions>
      </trkpt>
      <trkpt lat="3.899376355111598968505859375" lon="11.4977591671049594879150390625">
        <ele>780</ele>
        <time>2026-06-13T06:16:27.000Z</time>
        <extensions>
          <ns3:TrackPointExtension>
            <ns3:hr>153</ns3:hr>
            <ns3:cad>65</ns3:cad>
          </ns3:TrackPointExtension>
        </extensions>
      </trkpt>
      <trkpt lat="3.89937761239707469940185546875" lon="11.4977702312171459197998046875">
        <ele>780</ele>
        <time>2026-06-13T06:16:28.000Z</time>
        <extensions>
          <ns3:TrackPointExtension>
            <ns3:hr>175</ns3:hr>
            <ns3:cad>65</ns3:cad>
          </ns3:TrackPointExtension>
        </extensions>
      </trkpt>
      <trkpt lat="3.899378366768360137939453125" lon="11.49778272025287151336669921875">
        <ele>779.79998779296875</ele>
        <time>2026-06-13T06:16:29.000Z</time>
        <extensions>
          <ns3:TrackPointExtension>
            <ns3:hr>175</ns3:hr>
            <ns3:cad>65</ns3:cad>
          </ns3:TrackPointExtension>
        </extensions>
      </trkpt>
      <trkpt lat="3.89937493018805980682373046875" lon="11.49788615293800830841064453125">
        <ele>779.5999755859375</ele>
        <time>2026-06-13T06:16:35.000Z</time>
        <extensions>
          <ns3:TrackPointExtension>
            <ns3:hr>172</ns3:hr>
            <ns3:cad>65</ns3:cad>
          </ns3:TrackPointExtension>
        </extensions>
      </trkpt>
      <trkpt lat="3.89939923770725727081298828125" lon="11.49803468026220798492431640625">
        <ele>778.20001220703125</ele>
        <time>2026-06-13T06:16:46.000Z</time>
        <extensions>
          <ns3:TrackPointExtension>
            <ns3:hr>169</ns3:hr>
            <ns3:cad>64</ns3:cad>
          </ns3:TrackPointExtension>
        </extensions>
      </trkpt>
      <trkpt lat="3.89941281639039516448974609375" lon="11.49820768274366855621337890625">
        <ele>778.5999755859375</ele>
        <time>2026-06-13T06:16:56.000Z</time>
        <extensions>
          <ns3:TrackPointExtension>
            <ns3:hr>166</ns3:hr>
            <ns3:cad>65</ns3:cad>
          </ns3:TrackPointExtension>
        </extensions>
      </trkpt>
      <trkpt lat="3.8994221203029155731201171875" lon="11.49839141406118869781494140625">
        <ele>778</ele>
        <time>2026-06-13T06:17:08.000Z</time>
        <extensions>
          <ns3:TrackPointExtension>
            <ns3:hr>164</ns3:hr>
            <ns3:cad>64</ns3:cad>
          </ns3:TrackPointExtension>
        </extensions>
      </trkpt>
      <trkpt lat="3.8994593359529972076416015625" lon="11.49857112206518650054931640625">
        <ele>776.79998779296875</ele>
        <time>2026-06-13T06:17:19.000Z</time>
        <extensions>
          <ns3:TrackPointExtension>
            <ns3:hr>161</ns3:hr>
            <ns3:cad>62</ns3:cad>
          </ns3:TrackPointExtension>
        </extensions>
      </trkpt>
      <trkpt lat="3.89948305673897266387939453125" lon="11.49876306764781475067138671875">
        <ele>775.4000244140625</ele>
        <time>2026-06-13T06:17:31.000Z</time>
        <extensions>
          <ns3:TrackPointExtension>
            <ns3:hr>160</ns3:hr>
            <ns3:cad>65</ns3:cad>
          </ns3:TrackPointExtension>
        </extensions>
      </trkpt>
      <trkpt lat="3.8994942046701908111572265625" lon="11.4988471381366252899169921875">
        <ele>774.79998779296875</ele>
        <time>2026-06-13T06:17:37.000Z</time>
        <extensions>
          <ns3:TrackPointExtension>
            <ns3:hr>159</ns3:hr>
            <ns3:cad>64</ns3:cad>
          </ns3:TrackPointExtension>
        </extensions>
      </trkpt>
      <trkpt lat="3.89950350858271121978759765625" lon="11.49893246591091156005859375">
        <ele>774.79998779296875</ele>
        <time>2026-06-13T06:17:43.000Z</time>
        <extensions>
          <ns3:TrackPointExtension>
            <ns3:hr>155</ns3:hr>
            <ns3:cad>65</ns3:cad>
          </ns3:TrackPointExtension>
        </extensions>
      </trkpt>
      <trkpt lat="3.899505101144313812255859375" lon="11.49896255694329738616943359375">
        <ele>774.79998779296875</ele>
        <time>2026-06-13T06:17:44.000Z</time>
        <extensions>
          <ns3:TrackPointExtension>
            <ns3:hr>159</ns3:hr>
            <ns3:cad>65</ns3:cad>
          </ns3:TrackPointExtension>
        </extensions>
      </trkpt>
      <trkpt lat="3.89950920827686786651611328125" lon="11.4991522394120693206787109375">
        <ele>774.5999755859375</ele>
        <time>2026-06-13T06:17:57.000Z</time>
        <extensions>
          <ns3:TrackPointExtension>
            <ns3:hr>159</ns3:hr>
            <ns3:cad>125</ns3:cad>
          </ns3:TrackPointExtension>
        </extensions>
      </trkpt>
      <trkpt lat="3.89951993711292743682861328125" lon="11.49934963323175907135009765625">
        <ele>775.20001220703125</ele>
        <time>2026-06-13T06:18:10.000Z</time>
        <extensions>
          <ns3:TrackPointExtension>
            <ns3:hr>157</ns3:hr>
            <ns3:cad>123</ns3:cad>
          </ns3:TrackPointExtension>
        </extensions>
      </trkpt>
      <trkpt lat="3.89953183941543102264404296875" lon="11.49953738786280155181884765625">
        <ele>775</ele>
        <time>2026-06-13T06:18:21.000Z</time>
        <extensions>
          <ns3:TrackPointExtension>
            <ns3:hr>158</ns3:hr>
            <ns3:cad>64</ns3:cad>
          </ns3:TrackPointExtension>
        </extensions>
      </trkpt>
      <trkpt lat="3.89956788159906864166259765625" lon="11.499720029532909393310546875">
        <ele>774</ele>
        <time>2026-06-13T06:18:33.000Z</time>
        <extensions>
          <ns3:TrackPointExtension>
            <ns3:hr>156</ns3:hr>
            <ns3:cad>125</ns3:cad>
          </ns3:TrackPointExtension>
        </extensions>
      </trkpt>
      <trkpt lat="3.899609036743640899658203125" lon="11.49990803562104701995849609375">
        <ele>771.79998779296875</ele>
        <time>2026-06-13T06:18:44.000Z</time>
        <extensions>
          <ns3:TrackPointExtension>
            <ns3:hr>157</ns3:hr>
            <ns3:cad>65</ns3:cad>
          </ns3:TrackPointExtension>
        </extensions>
      </trkpt>
      <trkpt lat="3.89961230568587779998779296875" lon="11.500088833272457122802734375">
        <ele>770</ele>
        <time>2026-06-13T06:18:55.000Z</time>
        <extensions>
          <ns3:TrackPointExtension>
            <ns3:hr>155</ns3:hr>
            <ns3:cad>123</ns3:cad>
          </ns3:TrackPointExtension>
        </extensions>
      </trkpt>
      <trkpt lat="3.8996246270835399627685546875" lon="11.50023870170116424560546875">
        <ele>768.4000244140625</ele>
        <time>2026-06-13T06:19:05.000Z</time>
        <extensions>
          <ns3:TrackPointExtension>
            <ns3:hr>158</ns3:hr>
            <ns3:cad>64</ns3:cad>
          </ns3:TrackPointExtension>
        </extensions>
      </trkpt>
      <trkpt lat="3.8996226154267787933349609375" lon="11.500432491302490234375">
        <ele>769.4000244140625</ele>
        <time>2026-06-13T06:19:17.000Z</time>
        <extensions>
          <ns3:TrackPointExtension>
            <ns3:hr>157</ns3:hr>
            <ns3:cad>64</ns3:cad>
          </ns3:TrackPointExtension>
        </extensions>
      </trkpt>
      <trkpt lat="3.899627812206745147705078125" lon="11.500622592866420745849609375">
        <ele>770.5999755859375</ele>
        <time>2026-06-13T06:19:29.000Z</time>
        <extensions>
          <ns3:TrackPointExtension>
            <ns3:hr>155</ns3:hr>
            <ns3:cad>63</ns3:cad>
          </ns3:TrackPointExtension>
        </extensions>
      </trkpt>
      <trkpt lat="3.8996301591396331787109375" lon="11.5008061565458774566650390625">
        <ele>772.4000244140625</ele>
        <time>2026-06-13T06:19:42.000Z</time>
        <extensions>
          <ns3:TrackPointExtension>
            <ns3:hr>155</ns3:hr>
            <ns3:cad>64</ns3:cad>
          </ns3:TrackPointExtension>
        </extensions>
      </trkpt>
      <trkpt lat="3.8996427319943904876708984375" lon="11.50093163363635540008544921875">
        <ele>772.20001220703125</ele>
        <time>2026-06-13T06:19:50.000Z</time>
        <extensions>
          <ns3:TrackPointExtension>
            <ns3:hr>152</ns3:hr>
            <ns3:cad>63</ns3:cad>
          </ns3:TrackPointExtension>
        </extensions>
      </trkpt>
      <trkpt lat="3.899628482758998870849609375" lon="11.50099776685237884521484375">
        <ele>771.79998779296875</ele>
        <time>2026-06-13T06:19:54.000Z</time>
        <extensions>
          <ns3:TrackPointExtension>
            <ns3:hr>155</ns3:hr>
            <ns3:cad>62</ns3:cad>
          </ns3:TrackPointExtension>
        </extensions>
      </trkpt>
      <trkpt lat="3.89963577501475811004638671875" lon="11.50106339715421199798583984375">
        <ele>771.4000244140625</ele>
        <time>2026-06-13T06:19:58.000Z</time>
        <extensions>
          <ns3:TrackPointExtension>
            <ns3:hr>154</ns3:hr>
            <ns3:cad>62</ns3:cad>
          </ns3:TrackPointExtension>
        </extensions>
      </trkpt>
    </trkseg>
  </trk>
</gpx>
